{"grid45": [[0.13298320770263672, 0.13298320770263672, 0.13298320770263672, 0.13298320770263672, 0.13298320770263672, 0.13298320770263672, 0.13298320770263672], [0.2645128667354584, 0.26413583755493164, 0.2628353536128998, 0.2582508325576782, 0.25040292739868164, 0.24957275390625, 0.246486634016037], [0.22145137190818787, 0.22062966227531433, 0.22201834619045258, 0.2175985425710678, 0.20104669034481049, 0.19081662595272064, 0.18555761873722076], [0.22156640887260437, 0.2138015329837799, 0.20724867284297943, 0.19577042758464813, 0.1840355098247528, 0.17931430041790009, 0.17788004875183105], [0.25391730666160583, 0.25142109394073486, 0.2518835663795471, 0.23667241632938385, 0.22632424533367157, 0.23223786056041718, 0.2241576462984085], [0.28192615509033203, 0.2751788794994354, 0.2782587707042694, 0.27155542373657227, 0.27922382950782776, 0.3028527796268463, 0.2971580922603607], [0.32757970690727234, 0.3318937420845032, 0.33571958541870117, 0.31292274594306946, 0.3064773380756378, 0.3243713974952698, 0.3175477087497711], [0.3571467697620392, 0.32813581824302673, 0.3082151710987091, 0.25700899958610535, 0.24329711496829987, 0.240044504404068, 0.23390839993953705], [0.4070812165737152, 0.41941654682159424, 0.4001694619655609, 0.33457767963409424, 0.29647162556648254, 0.2799326479434967, 0.26381227374076843], [0.4442477226257324, 0.4684341549873352, 0.4698569178581238, 0.3624037206172943, 0.13591980934143066, -0.041306059807538986, -0.07012606412172318], [0.4779159426689148, 0.49691423773765564, 0.4709608554840088, 0.3813353180885315, 0.2524653673171997, 0.136317178606987, 0.10571383684873581], [0.4839494526386261, 0.5075571537017822, 0.5052112936973572, 0.44929149746894836, 0.3394393026828766, 0.2523336708545685, 0.2282550185918808], [0.5687807202339172, 0.6020960211753845, 0.5860379934310913, 0.5184929966926575, 0.3782057464122772, 0.2779313027858734, 0.2665441036224365]], "ring12": [[0.08395346254110336, 0.08395346254110336, 0.08395346254110336, 0.08395346254110336, 0.08395346254110336, 0.08395346254110336, 0.08395346254110336], [0.28130367398262024, 0.31622448563575745, 0.32194435596466064, 0.32354992628097534, 0.2925695776939392, 0.2672770619392395, 0.2704257369041443], [0.2692450284957886, 0.29039299488067627, 0.30229896306991577, 0.2999688684940338, 0.27875077724456787, 0.24826298654079437, 0.24360895156860352], [0.24058020114898682, 0.24762828648090363, 0.23918676376342773, 0.2241370528936386, 0.20898368954658508, 0.17961668968200684, 0.1838098019361496], [0.2568502426147461, 0.24480852484703064, 0.214059978723526, 0.180477112531662, 0.18129445612430573, 0.16706040501594543, 0.16637039184570312], [0.4051182270050049, 0.39396190643310547, 0.35283681750297546, 0.2991694211959839, 0.2865959703922272, 0.2809599041938782, 0.2802828252315521], [0.5348742604255676, 0.5182816982269287, 0.4676181375980377, 0.35651811957359314, 0.3143335282802582, 0.2995483875274658, 0.307755708694458], [0.500071108341217, 0.46743619441986084, 0.3797699809074402, 0.19908615946769714, 0.11214136332273483, 0.07551326602697372, 0.07828986644744873], [0.5591633319854736, 0.5616544485092163, 0.49179506301879883, 0.2838037610054016, 0.1713072508573532, 0.13675257563591003, 0.13130588829517365], [0.5814382433891296, 0.611821174621582, 0.5618767142295837, 0.18425914645195007, -0.18803654611110687, -0.2309514731168747, -0.2355833351612091], [0.6605436205863953, 0.5702375173568726, 0.4355909526348114, 0.09438440948724747, -0.1518879532814026, -0.19967997074127197, -0.16737112402915955], [0.7121570110321045, 0.674643337726593, 0.5751408934593201, 0.2501884400844574, 0.01904056966304779, -0.08612478524446487, -0.06075651943683624], [0.7332545518875122, 0.7033370733261108, 0.6507371068000793, 0.44063690304756165, 0.13933831453323364, -0.020947979763150215, 0.009700706228613853]], "ring7": [[0.055402498692274094, 0.055402498692274094, 0.055402498692274094, 0.055402498692274094, 0.055402498692274094, 0.055402498692274094, 0.055402498692274094], [0.19512242078781128, 0.2075624018907547, 0.22382697463035583, 0.22898191213607788, 0.21151557564735413, 0.18739065527915955, 0.19140653312206268], [0.21454252302646637, 0.21653808653354645, 0.23338648676872253, 0.24647986888885498, 0.214857280254364, 0.16505824029445648, 0.16469445824623108], [0.1536424309015274, 0.14525650441646576, 0.14798307418823242, 0.15021005272865295, 0.1316198706626892, 0.09889910370111465, 0.10834742337465286], [0.1069863885641098, 0.03305300325155258, -0.0288070160895586, -0.10033394396305084, -0.10603293776512146, -0.15946002304553986, -0.1522098183631897], [0.2052968591451645, 0.13800430297851562, 0.06504977494478226, -0.017952334135770798, 0.006561189889907837, 0.007797540165483952, -0.006480731535702944], [0.43312403559684753, 0.34301450848579407, 0.1295926570892334, -0.09598668664693832, -0.12794192135334015, -0.13315685093402863, -0.13201932609081268], [0.3081733286380768, 0.16923396289348602, -0.015750322490930557, -0.24669653177261353, -0.3048306703567505, -0.35566413402557373, -0.36334139108657837], [0.5707505941390991, 0.44143784046173096, 0.253716379404068, -0.12999944388866425, -0.2145199477672577, -0.25356176495552063, -0.18955321609973907], [0.6485925316810608, 0.506073534488678, 0.10500138252973557, -0.4786956012248993, -0.5601871609687805, -0.5560225248336792, -0.5660871267318726], [0.6126682758331299, 0.3870302140712738, -0.07467731088399887, -0.39752981066703796, -0.33603402972221375, -0.3319860100746155, -0.3065592348575592], [0.5697329640388489, 0.38108059763908386, -0.09375086426734924, -0.5586093664169312, -0.5497602224349976, -0.5471614003181458, -0.5200064182281494], [0.6474035978317261, 0.5861404538154602, 0.08507859706878662, -0.513519823551178, -0.5475977659225464, -0.5073715448379517, -0.480531245470047]]}