{"step": [0, 200, 400, 600, 800, 1000, 1200, 1400, 1600, 1800, 2000, 2200, 2400, 2600, 2800, 3000, 3200, 3400, 3600, 3800, 4000, 4200, 4400, 4600, 4800, 5000, 5200, 5400, 5600, 5800, 6000, 6200, 6400, 6600, 6800, 7000, 7200, 7400, 7600, 7800, 8000], "loss": [4.617049694061279, 3.9612114429473877, 3.2863078117370605, 3.18208384513855, 3.12604022026062, 3.0997300148010254, 3.0594871044158936, 3.0784029960632324, 3.029313087463379, 2.9879844188690186, 2.9718234539031982, 2.9574644565582275, 2.9573869705200195, 2.935286521911621, 2.9181575775146484, 2.8747427463531494, 2.7585487365722656, 2.652961254119873, 2.6133100986480713, 2.5602986812591553, 2.5191915035247803, 2.4706063270568848, 2.4294593334198, 2.407456874847412, 2.370576858520508, 2.356191396713257, 2.3499350547790527, 2.346449136734009, 2.3426589965820312, 2.3249919414520264, 2.3088841438293457, 2.315786838531494, 2.327629327774048, 2.310786008834839, 2.3052256107330322, 2.3068342208862305, 2.3073995113372803, 2.2977802753448486, 2.3094403743743896, 2.296043872833252, 2.303921937942505], "legal|in": [0.03369012475013733, 0.4469324052333832, 0.7297202944755554, 0.783608078956604, 0.7881397604942322, 0.7922202944755554, 0.8070250749588013, 0.7926509380340576, 0.8052616715431213, 0.801283597946167, 0.797182559967041, 0.7999712824821472, 0.80802983045578, 0.7797735929489136, 0.801960289478302, 0.787319540977478, 0.8600106835365295, 0.8914042115211487, 0.8977198004722595, 0.9184300899505615, 0.9228387475013733, 0.9295644760131836, 0.9411909580230713, 0.9475065469741821, 0.9556471705436707, 0.957226037979126, 0.9599942564964294, 0.9627214670181274, 0.967089056968689, 0.9661458134651184, 0.9636442065238953, 0.9682373404502869, 0.9674171805381775, 0.9668020009994507, 0.9686679840087891, 0.9690780639648438, 0.9690370559692383, 0.9689140319824219, 0.9693651795387268, 0.969057559967041, 0.9689140319824219], "mass|in": [0.03058188036084175, 0.16609668731689453, 0.36681103706359863, 0.4147772192955017, 0.42676419019699097, 0.42665615677833557, 0.4280357360839844, 0.43271705508232117, 0.42747974395751953, 0.41956034302711487, 0.4205511808395386, 0.41710904240608215, 0.4200197160243988, 0.4173339009284973, 0.43164023756980896, 0.45208778977394104, 0.5079934000968933, 0.5626964569091797, 0.602996289730072, 0.6152936816215515, 0.636274516582489, 0.6567953824996948, 0.667676568031311, 0.6740091443061829, 0.6830130219459534, 0.6878300309181213, 0.6907169818878174, 0.6945579648017883, 0.6955407857894897, 0.7020310163497925, 0.7043465971946716, 0.7017167806625366, 0.7022139430046082, 0.7076577544212341, 0.7055644989013672, 0.70513516664505, 0.7068659067153931, 0.7078676223754883, 0.7064781785011292, 0.7073776125907898, 0.7075132727622986], "legal|ood 5x5": [0.0337926521897316, 0.38041338324546814, 0.7338418364524841, 0.803928792476654, 0.8079888224601746, 0.8193077445030212, 0.8232447504997253, 0.797941267490387, 0.8018372654914856, 0.7976952195167542, 0.7900672554969788, 0.7939632534980774, 0.8005249500274658, 0.7682496905326843, 0.7828084230422974, 0.7462270259857178, 0.8157808184623718, 0.8352198004722595, 0.8346866965293884, 0.8538795709609985, 0.8569964170455933, 0.8643372654914856, 0.8809055089950562, 0.8948490619659424, 0.8920193314552307, 0.8949720859527588, 0.9007545709609985, 0.9061269760131836, 0.9109662175178528, 0.9055938124656677, 0.9050607085227966, 0.9149852395057678, 0.9131397604942322, 0.9099409580230713, 0.9160515069961548, 0.9156004190444946, 0.9151082634925842, 0.9144110679626465, 0.9174458384513855, 0.9162975549697876, 0.9163385629653931], "mass|ood 5x5": [0.03356872498989105, 0.10819843411445618, 0.24234110116958618, 0.28146687150001526, 0.2965448200702667, 0.30408522486686707, 0.30681872367858887, 0.31652283668518066, 0.31649231910705566, 0.3126532733440399, 0.31560105085372925, 0.3112800121307373, 0.31576624512672424, 0.316034197807312, 0.32649895548820496, 0.34699538350105286, 0.39516744017601013, 0.42897677421569824, 0.4621545970439911, 0.4737901985645294, 0.4910632073879242, 0.5118644833564758, 0.5188038349151611, 0.523162305355072, 0.5306228399276733, 0.5347833633422852, 0.540537416934967, 0.5446301698684692, 0.5461381673812866, 0.5520846247673035, 0.5559279322624207, 0.5539126992225647, 0.5549907684326172, 0.5603327751159668, 0.5590875744819641, 0.5587763786315918, 0.5600910186767578, 0.5614941716194153, 0.5601465106010437, 0.5609009265899658, 0.5610476732254028], "legal|ood 6x6": [0.03436679765582085, 0.3470718562602997, 0.7360974550247192, 0.8117617964744568, 0.8194307684898376, 0.8308317065238953, 0.8305855989456177, 0.8081528544425964, 0.7966289520263672, 0.7976542115211487, 0.7814550399780273, 0.7795685529708862, 0.7979822754859924, 0.7733349800109863, 0.7786663174629211, 0.7343339920043945, 0.8010170459747314, 0.8099983334541321, 0.79999178647995, 0.8123359680175781, 0.8141404390335083, 0.8205790519714355, 0.8347277045249939, 0.8447752594947815, 0.8454314470291138, 0.8494504690170288, 0.8505167365074158, 0.8586367964744568, 0.8682742714881897, 0.8584317564964294, 0.8578985929489136, 0.8683972954750061, 0.8658546805381775, 0.8632709980010986, 0.8683152794837952, 0.8692585229873657, 0.8683562874794006, 0.8688894510269165, 0.8716371655464172, 0.8695865869522095, 0.8695865869522095], "mass|ood 6x6": [0.03469542786478996, 0.09351781010627747, 0.2135336995124817, 0.24822263419628143, 0.259390652179718, 0.2671045660972595, 0.2703550457954407, 0.2788972556591034, 0.27998217940330505, 0.27601608633995056, 0.2795390188694, 0.27331089973449707, 0.2780323624610901, 0.2759529650211334, 0.28712427616119385, 0.30853205919265747, 0.3552163541316986, 0.38272151350975037, 0.4077792465686798, 0.41679897904396057, 0.43105238676071167, 0.448998361825943, 0.4574536383152008, 0.4597545266151428, 0.46715351939201355, 0.4711320400238037, 0.4762890338897705, 0.4797690808773041, 0.48293641209602356, 0.48812031745910645, 0.49123361706733704, 0.489117830991745, 0.49017661809921265, 0.4957980513572693, 0.49489691853523254, 0.4939533472061157, 0.4954935610294342, 0.4964063763618469, 0.49543237686157227, 0.4960116446018219, 0.4961240589618683], "config": {"topology": "grid", "n_layer": 2, "d_model": 128, "n_params": 222208}}