{"0": 1.0, "1": 0.91211478884722, "2": 0.2638157894736842, "3": 0.26250822909809085}