{"step": [0, 100, 200, 300, 400, 500, 600, 700, 800, 900, 1000, 1100, 1200, 1300, 1400, 1500, 1600, 1700, 1800, 1900, 2000, 2100, 2200, 2300, 2400, 2500, 2600, 2700, 2800, 2900, 3000, 3100, 3200, 3300, 3400, 3500, 3600, 3700, 3800, 3900, 4000], "loss": [4.645475387573242, 4.631874084472656, 4.620744228363037, 4.604763031005859, 4.579165458679199, 4.539158821105957, 4.511532306671143, 4.454424858093262, 4.432880401611328, 4.372760772705078, 4.303186416625977, 4.191565990447998, 4.058964729309082, 4.021533012390137, 3.964595317840576, 3.9188005924224854, 3.8906452655792236, 3.8743302822113037, 3.865607500076294, 3.8503973484039307, 3.845303773880005, 3.833122968673706, 3.828291654586792, 3.8297557830810547, 3.835275411605835, 3.80692982673645, 3.837001323699951, 3.8343279361724854, 3.8077187538146973, 3.81675386428833, 3.813708543777466, 3.8010904788970947, 3.8227667808532715, 3.83563232421875, 3.8168070316314697, 3.835339069366455, 3.8495447635650635, 3.8183650970458984, 3.80007004737854, 3.825821876525879, 3.836642265319824], "acc@5": [0.00579498615115881, 0.006245707627385855, 0.009293440729379654, 0.024875514209270477, 0.05073832347989082, 0.07190075516700745, 0.08840573579072952, 0.10855940729379654, 0.12203811854124069, 0.14485318958759308, 0.1629464328289032, 0.18522493541240692, 0.20844779908657074, 0.21638907492160797, 0.21340572834014893, 0.2102077603340149, 0.20673076808452606, 0.20338255167007446, 0.2022879421710968, 0.19872510433197021, 0.20020604133605957, 0.19767342507839203, 0.1968149095773697, 0.19679343700408936, 0.19634272158145905, 0.19741585850715637, 0.1978236585855484, 0.19915436208248138, 0.19647149741649628, 0.19795243442058563, 0.1984890103340149, 0.19745878875255585, 0.19702953100204468, 0.1967075914144516, 0.197265625, 0.1968792974948883, 0.19640710949897766, 0.1966002732515335, 0.1963212639093399, 0.19634272158145905, 0.1963212639093399], "acc@10": [0.008811772800981998, 0.008902615867555141, 0.010401526466012001, 0.016351744532585144, 0.03340752050280571, 0.046488918364048004, 0.053892623633146286, 0.059524890035390854, 0.06515716016292572, 0.07887445390224457, 0.09917786717414856, 0.1207985132932663, 0.13705940544605255, 0.14039789140224457, 0.13705940544605255, 0.13235828280448914, 0.13185864686965942, 0.12777070701122284, 0.1266578882932663, 0.12220657616853714, 0.12193404883146286, 0.119526706635952, 0.11932230740785599, 0.11811864376068115, 0.119526706635952, 0.11945857852697372, 0.11900436133146286, 0.12002634257078171, 0.11925417929887772, 0.11895894259214401, 0.11925417929887772, 0.11991278827190399, 0.11934502422809601, 0.11902707070112228, 0.11916333436965942, 0.11925417929887772, 0.11902707070112228, 0.11886809766292572, 0.11889080703258514, 0.11877725273370743, 0.11873183399438858], "acc@15": [0.009669174440205097, 0.010657792910933495, 0.011574073694646358, 0.017288772389292717, 0.027367861941456795, 0.03158757835626602, 0.03325134888291359, 0.03638599440455437, 0.04258294776082039, 0.05456693843007088, 0.0729166641831398, 0.09186921268701553, 0.10038097947835922, 0.10298514366149902, 0.10098379850387573, 0.09953703731298447, 0.0972222238779068, 0.09618537873029709, 0.09425636380910873, 0.09370177239179611, 0.09293016791343689, 0.09254436939954758, 0.09145929664373398, 0.09174864739179611, 0.09042245149612427, 0.09129051119089127, 0.09076002985239029, 0.08996431529521942, 0.08899980783462524, 0.08808352798223495, 0.08871045708656311, 0.0876736119389534, 0.08786651492118835, 0.087890625, 0.08820408582687378, 0.08808352798223495, 0.087890625, 0.08784239739179611, 0.08772183954715729, 0.08764950186014175, 0.08769772201776505], "acc@20": [0.0087890625, 0.00904605258256197, 0.009662829339504242, 0.014802631922066212, 0.019145764410495758, 0.02392578125, 0.0283203125, 0.02983655408024788, 0.03122430108487606, 0.04045024514198303, 0.0546875, 0.06838507205247879, 0.07285670191049576, 0.07588918507099152, 0.07797080278396606, 0.07881887257099152, 0.07701994478702545, 0.07630036771297455, 0.07504111528396606, 0.07401315867900848, 0.07357627153396606, 0.07406455278396606, 0.07424444705247879, 0.07306229323148727, 0.07355057448148727, 0.07244551926851273, 0.07221422344446182, 0.07254831492900848, 0.07234272360801697, 0.07239411771297455, 0.07270250469446182, 0.07267680764198303, 0.07231702655553818, 0.07247121632099152, 0.07259970903396606, 0.07265111058950424, 0.07244551926851273, 0.07231702655553818, 0.07244551926851273, 0.07241982221603394, 0.07239411771297455], "acc@25": [0.00927046686410904, 0.009435519576072693, 0.010233274661004543, 0.012956646271049976, 0.01661531627178192, 0.018953565508127213, 0.018650967627763748, 0.01768816076219082, 0.019201144576072693, 0.028003960847854614, 0.03754951432347298, 0.04252861067652702, 0.04390404745936394, 0.04379401355981827, 0.0434914156794548, 0.042198505252599716, 0.041565801948308945, 0.04129071161150932, 0.040245380252599716, 0.040823064744472504, 0.03914502635598183, 0.03944762423634529, 0.03950263932347298, 0.03950263932347298, 0.03944762423634529, 0.03964018449187279, 0.038759902119636536, 0.03867737576365471, 0.03909000754356384, 0.03914502635598183, 0.03917253389954567, 0.039612676948308945, 0.03917253389954567, 0.03909000754356384, 0.03884242847561836, 0.03884242847561836, 0.03892495483160019, 0.03903499245643616, 0.038897447288036346, 0.03892495483160019, 0.03895246610045433], "acc@30": [0.009943181648850441, 0.010416666977107525, 0.009943181648850441, 0.011422822251915932, 0.015684185549616814, 0.01692708395421505, 0.019294507801532745, 0.022875236347317696, 0.026278408244252205, 0.029651988297700882, 0.02829071879386902, 0.020862925797700882, 0.012636126950383186, 0.009469697251915932, 0.007398200687021017, 0.006806344725191593, 0.006540009286254644, 0.006540009286254644, 0.006717566400766373, 0.006273674312978983, 0.006628788076341152, 0.006687973625957966, 0.006480823736637831, 0.006540009286254644, 0.006362452637404203, 0.006421638187021017, 0.00639204541221261, 0.00630326708778739, 0.006155303213745356, 0.006273674312978983, 0.00630326708778739, 0.00630326708778739, 0.006540009286254644, 0.00639204541221261, 0.006480823736637831, 0.006451230961829424, 0.006569602061063051, 0.006540009286254644, 0.006480823736637831, 0.006540009286254644, 0.006540009286254644], "config": {"n_layer": 1, "d_model": 8, "n_head": 1, "n_params": 1984}}