{"step": [0, 200, 400, 600, 800, 1000, 1200, 1400, 1600, 1800, 2000, 2200, 2400, 2600, 2800, 3000, 3200, 3400, 3600, 3800, 4000, 4200, 4400, 4600, 4800, 5000, 5200, 5400, 5600, 5800, 6000, 6200, 6400, 6600, 6800, 7000, 7200, 7400, 7600, 7800, 8000], "loss": [4.655745983123779, 4.444534778594971, 3.9330408573150635, 3.743685722351074, 3.642210006713867, 3.588028907775879, 3.537555456161499, 3.5513429641723633, 3.5617785453796387, 3.533933401107788, 3.536128044128418, 3.5125319957733154, 3.511476993560791, 3.5043046474456787, 3.4990358352661133, 3.4940547943115234, 3.494664430618286, 3.5166399478912354, 3.500363349914551, 3.485961675643921, 3.504390001296997, 3.478430986404419, 3.47328519821167, 3.4933273792266846, 3.4670634269714355, 3.4832327365875244, 3.498739004135132, 3.4800734519958496, 3.4641544818878174, 3.4615674018859863, 3.5087287425994873, 3.499260187149048, 3.491628885269165, 3.505786180496216, 3.496894598007202, 3.4545280933380127, 3.4766123294830322, 3.5166237354278564, 3.502319574356079, 3.4533309936523438, 3.4830517768859863], "legal|in": [0.0306143369525671, 0.2549622654914856, 0.47756725549697876, 0.5759104490280151, 0.6290395259857178, 0.6531537175178528, 0.6729207634925842, 0.6823326945304871, 0.6910269260406494, 0.6958661675453186, 0.7019767165184021, 0.7082512974739075, 0.7093995809555054, 0.7145259380340576, 0.7161253094673157, 0.7169045209884644, 0.7202674150466919, 0.7212311029434204, 0.7251681685447693, 0.7237942814826965, 0.7256807684898376, 0.7257832884788513, 0.7273007035255432, 0.7275057435035706, 0.7272801995277405, 0.7295152544975281, 0.7303969860076904, 0.7322834730148315, 0.7316067814826965, 0.7310121655464172, 0.7326115369796753, 0.732939600944519, 0.7324270009994507, 0.732939600944519, 0.7327755689620972, 0.7331857085227966, 0.733083188533783, 0.7332062125205994, 0.7331036925315857, 0.7329601645469666, 0.7329190969467163], "mass|in": [0.030768314376473427, 0.06545668095350266, 0.17547032237052917, 0.23551222681999207, 0.2674179971218109, 0.2816091775894165, 0.29045915603637695, 0.30050039291381836, 0.30501478910446167, 0.30926427245140076, 0.3113705813884735, 0.3157045543193817, 0.3180387318134308, 0.3188076317310333, 0.31971287727355957, 0.3238804042339325, 0.3231162130832672, 0.32510796189308167, 0.32710373401641846, 0.32675448060035706, 0.3278072476387024, 0.3297909200191498, 0.32879698276519775, 0.3309430480003357, 0.33131128549575806, 0.3313732445240021, 0.3322811424732208, 0.3317605257034302, 0.3333793580532074, 0.33288776874542236, 0.33259695768356323, 0.33226755261421204, 0.33354002237319946, 0.33360224962234497, 0.333174467086792, 0.33405622839927673, 0.3331747353076935, 0.33316969871520996, 0.33340737223625183, 0.3334045708179474, 0.33346280455589294], "legal|ood 5x5": [0.03395669162273407, 0.18311187624931335, 0.4245816767215729, 0.5460137724876404, 0.6129429340362549, 0.6415272355079651, 0.6653953194618225, 0.6748277544975281, 0.6857775449752808, 0.6897555589675903, 0.6977936029434204, 0.7007874250411987, 0.7018126845359802, 0.7075541019439697, 0.7105889320373535, 0.7130085229873657, 0.713664710521698, 0.7191190719604492, 0.7192831635475159, 0.7199392914772034, 0.722769021987915, 0.7244094610214233, 0.7253116965293884, 0.7242454290390015, 0.7267880439758301, 0.7287565469741821, 0.7275262475013733, 0.7297407984733582, 0.7287975549697876, 0.7301509380340576, 0.7310531735420227, 0.7308070659637451, 0.7297407984733582, 0.7310121655464172, 0.7310941815376282, 0.7307660579681396, 0.7301509380340576, 0.7303969860076904, 0.7305610179901123, 0.7309300899505615, 0.7306840419769287], "mass|ood 5x5": [0.03341478109359741, 0.050104085355997086, 0.11588283628225327, 0.15710310637950897, 0.1798536628484726, 0.19166216254234314, 0.19755129516124725, 0.20615848898887634, 0.2080654799938202, 0.2109871357679367, 0.21242597699165344, 0.21496029198169708, 0.2169627547264099, 0.21860696375370026, 0.2180289477109909, 0.22063849866390228, 0.21947887539863586, 0.2215750366449356, 0.22283342480659485, 0.22179262340068817, 0.22320081293582916, 0.22430548071861267, 0.223747119307518, 0.2252141237258911, 0.22481368482112885, 0.22503936290740967, 0.22588001191616058, 0.22540739178657532, 0.22659419476985931, 0.2260669469833374, 0.22587411105632782, 0.22552013397216797, 0.22616857290267944, 0.22643013298511505, 0.22614377737045288, 0.22667646408081055, 0.22608891129493713, 0.22614289820194244, 0.22632244229316711, 0.22631226480007172, 0.2263515442609787], "legal|ood 6x6": [0.03842683881521225, 0.15670111775398254, 0.4217109680175781, 0.5457677245140076, 0.6224983334541321, 0.650180459022522, 0.6696604490280151, 0.6852034330368042, 0.694922924041748, 0.6997621655464172, 0.7095226645469666, 0.711245059967041, 0.7196522355079651, 0.7215387225151062, 0.7258448004722595, 0.727239191532135, 0.7292076945304871, 0.735441267490387, 0.7350721955299377, 0.7373687624931335, 0.7373687624931335, 0.7386810779571533, 0.7414698004722595, 0.7422490119934082, 0.7399114370346069, 0.7436843514442444, 0.7439714670181274, 0.7437664270401001, 0.7448326945304871, 0.7453247904777527, 0.7463910579681396, 0.7471702694892883, 0.7472522854804993, 0.7470882534980774, 0.7472522854804993, 0.7468011975288391, 0.7469242215156555, 0.7464730739593506, 0.7464730739593506, 0.7466371655464172, 0.7466371655464172], "mass|ood 6x6": [0.034846268594264984, 0.04504792019724846, 0.10539431124925613, 0.14349763095378876, 0.16306304931640625, 0.17320118844509125, 0.17973807454109192, 0.18660157918930054, 0.18860456347465515, 0.19126227498054504, 0.19285935163497925, 0.19564028084278107, 0.1971244066953659, 0.1976863294839859, 0.19823846220970154, 0.20037341117858887, 0.19961078464984894, 0.20084410905838013, 0.20255060493946075, 0.20141200721263885, 0.20222578942775726, 0.2035183608531952, 0.20313838124275208, 0.20441162586212158, 0.2041405737400055, 0.20436903834342957, 0.20498831570148468, 0.20433861017227173, 0.2056439369916916, 0.20513422787189484, 0.20511631667613983, 0.20457057654857635, 0.205322265625, 0.20550276339054108, 0.20521095395088196, 0.20577472448349, 0.20509828627109528, 0.20512837171554565, 0.2052975594997406, 0.20530280470848083, 0.2053433358669281], "config": {"topology": "grid", "n_layer": 1, "d_model": 32, "n_params": 12544}}