{"contexts": [64, 128, 256, 400], "org": {"ring12_uniform": [[0.03786131367087364, 0.03614203259348869, 0.035078149288892746, 0.035819161683321], [0.20549753308296204, 0.20276698470115662, 0.20145244896411896, 0.19860927760601044], [0.1522805243730545, 0.17157605290412903, 0.18425606191158295, 0.18401560187339783], [0.19630756974220276, 0.2144545018672943, 0.2242375612258911, 0.2181345820426941], [0.2013881355524063, 0.23656153678894043, 0.27962273359298706, 0.2864565849304199], [0.19193460047245026, 0.27421289682388306, 0.3586696684360504, 0.387015700340271], [0.1608608514070511, 0.26018208265304565, 0.3624495565891266, 0.39512380957603455], [0.14325374364852905, 0.227382630109787, 0.33231300115585327, 0.37009695172309875], [0.16548341512680054, 0.1899881362915039, 0.26831117272377014, 0.2959373891353607], [0.13812696933746338, 0.10308525711297989, 0.1837204098701477, 0.19659191370010376], [0.23879170417785645, 0.11452098935842514, 0.14848218858242035, 0.15024544298648834], [0.42025765776634216, 0.25437048077583313, 0.2504483163356781, 0.2542756199836731], [-0.005095607601106167, 0.16236256062984467, -0.04474468156695366, -0.1323128491640091]], "ring12_biased71": [[0.03498925641179085, 0.03490661829710007, 0.0350504107773304, 0.03441512584686279], [0.14858224987983704, 0.15611979365348816, 0.14319470524787903, 0.14553387463092804], [0.11533427983522415, 0.129993736743927, 0.13004322350025177, 0.130886048078537], [0.17405244708061218, 0.1853937953710556, 0.1736665964126587, 0.17226119339466095], [0.24599574506282806, 0.28873777389526367, 0.29377415776252747, 0.295955091714859], [0.3265763521194458, 0.4171588122844696, 0.4395907521247864, 0.4468938112258911], [0.3625064194202423, 0.4659535884857178, 0.4917386770248413, 0.49807894229888916], [0.3274756371974945, 0.44616538286209106, 0.47842296957969666, 0.48424220085144043], [0.34527280926704407, 0.45045122504234314, 0.4602084755897522, 0.4628954231739044], [0.21966257691383362, 0.30671027302742004, 0.3187294006347656, 0.3199513852596283], [0.17021340131759644, 0.20357559621334076, 0.21795807778835297, 0.22335083782672882], [0.22499358654022217, 0.25045183300971985, 0.2887897491455078, 0.29063668847084045], [-0.20302028954029083, -0.08969151228666306, -0.023301606997847557, -0.05715205892920494]], "ring12_directed": [[0.03578446805477142, 0.0358736477792263, 0.03481290489435196, 0.03532769903540611], [0.12956497073173523, 0.13499625027179718, 0.1241423562169075, 0.12339893728494644], [0.10253863036632538, 0.11343811452388763, 0.11546334624290466, 0.11453717201948166], [0.16494089365005493, 0.16479988396167755, 0.1555739790201187, 0.1520315259695053], [0.2571795582771301, 0.28069108724594116, 0.2853676676750183, 0.28477758169174194], [0.36817455291748047, 0.42884036898612976, 0.45232897996902466, 0.45438888669013977], [0.4119400680065155, 0.48602789640426636, 0.5117070078849792, 0.5124974250793457], [0.3797835111618042, 0.4824416935443878, 0.5188181400299072, 0.5224806070327759], [0.38275381922721863, 0.45718130469322205, 0.47159093618392944, 0.4722500443458557], [0.22244705259799957, 0.2645002007484436, 0.2850129008293152, 0.2895289659500122], [0.14061929285526276, 0.15358586609363556, 0.1739826202392578, 0.1758784055709839], [0.13610948622226715, 0.1452762484550476, 0.18745103478431702, 0.19382570683956146], [-0.16439573466777802, -0.13076449930667877, -0.033116139471530914, -0.025354180485010147]], "ring12_dk2": [[0.020732499659061432, 0.02067866548895836, 0.020789988338947296, 0.020585080608725548], [0.08436480164527893, 0.08341534435749054, 0.0770483985543251, 0.0722857341170311], [0.08512923866510391, 0.08646401017904282, 0.08970987796783447, 0.09408541768789291], [0.08917728066444397, 0.0954604372382164, 0.09909273684024811, 0.10231739282608032], [0.15553703904151917, 0.1858501136302948, 0.19301311671733856, 0.19854262471199036], [0.22715218365192413, 0.2850738763809204, 0.3052435517311096, 0.31259018182754517], [0.2747122347354889, 0.3488422930240631, 0.3655373454093933, 0.3699113130569458], [0.27998796105384827, 0.381678968667984, 0.4061717689037323, 0.4120553731918335], [0.3761732876300812, 0.524077832698822, 0.5477028489112854, 0.5505462288856506], [0.3215894401073456, 0.44969475269317627, 0.4732585847377777, 0.4762113392353058], [0.4124470353126526, 0.4907152056694031, 0.46284306049346924, 0.4554387032985687], [0.4505206346511841, 0.5119590759277344, 0.4278419315814972, 0.4229394197463989], [-0.2385523021221161, -0.04469537362456322, -0.11934145539999008, -0.1264716386795044]], "grid45_numbers": [[-0.1536165475845337, -0.15412631630897522, -0.1581660956144333, -0.15905623137950897], [-0.10435079038143158, -0.10284814238548279, -0.1031656265258789, -0.10423417389392853], [-0.1080218255519867, -0.09826362878084183, -0.09511654824018478, -0.09640461951494217], [-0.09187772125005722, -0.07868450880050659, -0.071214959025383, -0.07127422839403152], [-0.06438938528299332, -0.039498910307884216, -0.015206531621515751, -0.010076599195599556], [-0.06400426477193832, -0.03239724040031433, -0.001646819873712957, 0.007426001597195864], [-0.0908728539943695, -0.053945351392030716, -0.018328752368688583, -0.007110498379915953], [-0.12512145936489105, -0.09999720752239227, -0.06460020691156387, -0.051727231591939926], [-0.16042360663414001, -0.17315278947353363, -0.17100821435451508, -0.17286640405654907], [-0.17404165863990784, -0.19985970854759216, -0.19631285965442657, -0.19315385818481445], [-0.13353101909160614, -0.18337208032608032, -0.19656573235988617, -0.19946222007274628], [-0.0468960665166378, -0.11362019926309586, -0.14353373646736145, -0.15069761872291565], [0.21523116528987885, 0.17836490273475647, 0.06286315619945526, -0.03271997347474098]], "grid45_shuffled": [[-0.005036697722971439, -0.00305176037363708, -0.0035870301071554422, -0.0032186012249439955], [-0.034224458038806915, -0.03716036304831505, -0.038749054074287415, -0.03516566380858421], [-0.01686359941959381, -0.01933659240603447, -0.021946942433714867, -0.018129972741007805], [-0.03407222405076027, -0.041588205844163895, -0.03951207548379898, -0.03722221776843071], [-0.045548878610134125, -0.053582098335027695, -0.05708663910627365, -0.05656230449676514], [-0.040294304490089417, -0.047787051647901535, -0.05390883982181549, -0.055635932832956314], [-0.044457416981458664, -0.05113391578197479, -0.054033540189266205, -0.05715855956077576], [-0.06026681140065193, -0.06968510150909424, -0.06567438691854477, -0.0688842162489891], [-0.06211069971323013, -0.07879452407360077, -0.07277464121580124, -0.0764869898557663], [-0.06987635791301727, -0.08385123312473297, -0.07778242975473404, -0.08143109828233719], [-0.07254807651042938, -0.09112190455198288, -0.08409401029348373, -0.08206400275230408], [-0.07320090383291245, -0.09405127167701721, -0.08797144144773483, -0.08237720280885696], [0.0069868238642811775, 0.0017308348324149847, 0.011266995221376419, 0.015556802973151207]]}}