{"0": 1.0, "1": 0.9370617968367846, "2": 0.9315789473684211, "3": 0.857965766951942}