{"step": [0, 200, 400, 600, 800, 1000, 1200, 1400, 1600, 1800, 2000, 2200, 2400, 2600, 2800, 3000, 3200, 3400, 3600, 3800, 4000, 4200, 4400, 4600, 4800, 5000, 5200, 5400, 5600, 5800, 6000, 6200, 6400, 6600, 6800, 7000, 7200, 7400, 7600, 7800, 8000], "loss": [4.618471622467041, 3.428659677505493, 3.316157579421997, 3.293834924697876, 3.2353644371032715, 3.1985673904418945, 3.2060554027557373, 3.226144313812256, 3.206550359725952, 3.1847469806671143, 3.174501419067383, 3.1731340885162354, 3.177507162094116, 3.1584904193878174, 3.16758131980896, 3.1545865535736084, 3.1725962162017822, 3.1636223793029785, 3.161659002304077, 3.147588014602661, 3.1593620777130127, 3.1342861652374268, 3.141859292984009, 3.1585066318511963, 3.1559536457061768, 3.136484146118164, 3.1525604724884033, 3.137205123901367, 3.138882637023926, 3.1554043292999268, 3.1267080307006836, 3.1472551822662354, 3.1454994678497314, 3.1342525482177734, 3.143096685409546, 3.1414918899536133, 3.1383814811706543, 3.1654531955718994, 3.144618511199951, 3.122364044189453, 3.153749942779541], "legal|in": [0.0293430108577013, 0.9956323504447937, 0.991879940032959, 0.9911417365074158, 0.9909982085227966, 0.9895012974739075, 0.9881889820098877, 0.9871227145195007, 0.9889886975288391, 0.988701581954956, 0.9880044460296631, 0.9891117215156555, 0.9895833134651184, 0.9886195659637451, 0.9884555339813232, 0.9883325099945068, 0.9874507784843445, 0.9883530139923096, 0.9886400699615479, 0.988168478012085, 0.9883735179901123, 0.9881274700164795, 0.9892962574958801, 0.9881069660186768, 0.988476037979126, 0.989152729511261, 0.9885990619659424, 0.9886605739593506, 0.9882094860076904, 0.9883530139923096, 0.9883325099945068, 0.9885375499725342, 0.9888041019439697, 0.9889681935310364, 0.9884965419769287, 0.9886810779571533, 0.9889886975288391, 0.9888246059417725, 0.9888861775398254, 0.9887630939483643, 0.9887425899505615], "mass|in": [0.030628889799118042, 0.3212595582008362, 0.35404571890830994, 0.3639419674873352, 0.36730900406837463, 0.3704769015312195, 0.37280184030532837, 0.3740765154361725, 0.376356303691864, 0.37908968329429626, 0.3796623945236206, 0.38117873668670654, 0.38249826431274414, 0.38292378187179565, 0.3799620270729065, 0.38201236724853516, 0.3819018602371216, 0.3849189281463623, 0.38483133912086487, 0.3857371509075165, 0.3861083686351776, 0.3848794102668762, 0.38638442754745483, 0.38852056860923767, 0.38568708300590515, 0.3878454864025116, 0.38656002283096313, 0.3872722387313843, 0.38662269711494446, 0.38804206252098083, 0.3872872591018677, 0.38841915130615234, 0.38796836137771606, 0.3882322609424591, 0.3877786099910736, 0.3877823054790497, 0.38819384574890137, 0.3881773352622986, 0.3883005380630493, 0.38819921016693115, 0.3881862759590149], "legal|ood 5x5": [0.03625328093767166, 0.9998769760131836, 0.9997539520263672, 0.9997129440307617, 0.9995488524436951, 0.9995488524436951, 0.9995899200439453, 0.9995488524436951, 0.9994668364524841, 0.9997949600219727, 0.9997949600219727, 0.9998769760131836, 0.9999589920043945, 0.9999179840087891, 0.9999179840087891, 0.9999179840087891, 0.9999589920043945, 0.9999589920043945, 1.0, 0.9999589920043945, 1.0, 1.0, 1.0, 1.0, 0.9999179840087891, 0.9999589920043945, 0.9999589920043945, 1.0, 1.0, 1.0, 1.0, 1.0, 1.0, 1.0, 1.0, 1.0, 0.9999589920043945, 1.0, 1.0, 1.0, 1.0], "mass|ood 5x5": [0.033531587570905685, 0.27458468079566956, 0.29785341024398804, 0.3030840754508972, 0.30805790424346924, 0.3125229477882385, 0.31613174080848694, 0.3175576627254486, 0.3209722340106964, 0.3243020176887512, 0.32635408639907837, 0.32808247208595276, 0.33003124594688416, 0.3314504623413086, 0.32915037870407104, 0.33080118894577026, 0.3319367468357086, 0.3345715403556824, 0.3353305459022522, 0.33585119247436523, 0.33655184507369995, 0.33665359020233154, 0.3376944661140442, 0.3398016691207886, 0.33839595317840576, 0.33952656388282776, 0.3395405411720276, 0.3398333489894867, 0.339566171169281, 0.34047916531562805, 0.34057408571243286, 0.34163370728492737, 0.34132125973701477, 0.3413850963115692, 0.341144859790802, 0.3413044214248657, 0.3417067229747772, 0.34170418977737427, 0.34173744916915894, 0.34165480732917786, 0.3416423201560974], "legal|ood 6x6": [0.030634842813014984, 0.9998769760131836, 0.9998769760131836, 0.9999179840087891, 1.0, 1.0, 1.0, 1.0, 1.0, 1.0, 0.9999589920043945, 0.9999589920043945, 0.9999589920043945, 1.0, 1.0, 1.0, 1.0, 1.0, 1.0, 1.0, 0.9999589920043945, 1.0, 1.0, 0.9999589920043945, 1.0, 1.0, 1.0, 1.0, 1.0, 1.0, 1.0, 1.0, 1.0, 1.0, 1.0, 1.0, 1.0, 1.0, 1.0, 1.0, 1.0], "mass|ood 6x6": [0.03477500379085541, 0.26070713996887207, 0.28413844108581543, 0.29066187143325806, 0.2948721945285797, 0.2996373474597931, 0.3035959005355835, 0.3057849109172821, 0.3097666800022125, 0.312190979719162, 0.31508001685142517, 0.31625911593437195, 0.3187946081161499, 0.3203272521495819, 0.3184758722782135, 0.3203634023666382, 0.3213290274143219, 0.3243434727191925, 0.3243038058280945, 0.32499271631240845, 0.32604601979255676, 0.32603439688682556, 0.327562540769577, 0.3290010094642639, 0.3277752995491028, 0.32939159870147705, 0.32887977361679077, 0.32946085929870605, 0.32962676882743835, 0.3307216763496399, 0.33083099126815796, 0.33174094557762146, 0.33139756321907043, 0.33160194754600525, 0.33135971426963806, 0.3315732777118683, 0.3318776488304138, 0.33187490701675415, 0.33190128207206726, 0.33186158537864685, 0.33185428380966187], "config": {"topology": "grid", "n_layer": 2, "d_model": 128, "n_params": 156672, "attention": "softmax"}}