{"legal": 0.8258928571428571, "resid_org": 0.34499505162239075, "self_orgs": {"attn0": 0.16491593420505524, "mlp0": 0.10337632149457932, "attn1": 0.24908113479614258, "mlp1": 0.1900588721036911, "attn2": 0.5563496947288513, "mlp2": 0.27576202154159546, "attn3": 0.3835204541683197, "mlp3": 0.21488185226917267, "attn4": 0.49546578526496887, "mlp4": 0.39307743310928345, "attn5": 0.39133116602897644, "mlp5": 0.36761969327926636, "attn6": 0.18659605085849762, "mlp6": 0.408416211605072, "attn7": 0.325807124376297, "mlp7": 0.24108150601387024, "attn8": 0.4821174442768097, "mlp8": 0.202738955616951, "attn9": 0.35503077507019043, "mlp9": 0.0739312469959259, "attn10": 0.3120664656162262, "mlp10": 0.1239347904920578, "embed": 0.10824272781610489}, "head_org": {"2.11": 0.6650229096412659, "2.3": 0.6196209788322449, "2.2": 0.5937132835388184, "4.3": 0.5934547185897827, "2.10": 0.5912585258483887, "2.5": 0.5895987153053284, "8.4": 0.5702288150787354, "4.9": 0.5673238635063171, "2.9": 0.5610285997390747, "2.4": 0.5593443512916565}, "shares_rel": {"attn10xattn10": 0.10633963269759221, "attn9xattn10": 0.10485668751397938, "attn9xattn9": 0.09977129960744695, "attn7xattn10": 0.05958291071306341, "mlp0xattn10": 0.05618880487935298, "mlp10xmlp10": 0.05565100913577788, "attn7xattn9": 0.051972832749186085, "attn10xmlp10": 0.04420372688804836, "attn9xmlp10": 0.041307545188722615, "attn7xattn7": 0.039650099065609415, "mlp0xattn9": 0.031567828497964266, "attn7xattn8": 0.020332222657749564, "attn7xmlp7": -0.019883593297034544, "mlp0xattn7": 0.01879168633460718}}