{"locality_r": 0.5959342122077942, "heads": {"0.0": {"loc": 0.07249826192855835, "org": -0.1139548122882843}, "0.1": {"loc": 0.06965668499469757, "org": 0.10439296811819077}, "0.2": {"loc": 0.054036322981119156, "org": 0.11363180726766586}, "0.3": {"loc": 0.11811566352844238, "org": 0.01701143942773342}, "0.4": {"loc": 0.20209378004074097, "org": 0.1050524041056633}, "0.5": {"loc": 0.011421885341405869, "org": 0.030143773183226585}, "0.6": {"loc": 0.07834963500499725, "org": 0.23600316047668457}, "0.7": {"loc": 0.5146611928939819, "org": 0.5226901769638062}, "0.8": {"loc": 0.08054658770561218, "org": 0.1629301756620407}, "0.9": {"loc": 0.07046281546354294, "org": 0.07614152878522873}, "0.10": {"loc": 0.08140740543603897, "org": 0.1962091326713562}, "0.11": {"loc": 0.00588284432888031, "org": 0.16420239210128784}, "1.0": {"loc": 0.41662752628326416, "org": 0.5704649090766907}, "1.1": {"loc": 0.3618249297142029, "org": 0.5318027138710022}, "1.2": {"loc": 0.020957177504897118, "org": -0.07326997816562653}, "1.3": {"loc": 0.10681603848934174, "org": 0.1919248253107071}, "1.4": {"loc": 0.17265908420085907, "org": 0.605908989906311}, "1.5": {"loc": 0.06940671056509018, "org": 0.1962403804063797}, "1.6": {"loc": 0.04702340438961983, "org": 0.0810672789812088}, "1.7": {"loc": 0.048443302512168884, "org": 0.026966877281665802}, "1.8": {"loc": 0.025224005803465843, "org": 0.06648280471563339}, "1.9": {"loc": 0.014397954568266869, "org": -0.07076337933540344}, "1.10": {"loc": 0.10019834339618683, "org": 0.045731108635663986}, "1.11": {"loc": 0.09740413725376129, "org": 0.04335762560367584}, "2.0": {"loc": 0.3984946608543396, "org": 0.5384847521781921}, "2.1": {"loc": 0.0006603950168937445, "org": -0.03474101051688194}, "2.2": {"loc": 0.7562702894210815, "org": 0.5927176475524902}, "2.3": {"loc": 0.5794607400894165, "org": 0.6205953359603882}, "2.4": {"loc": 0.2420693188905716, "org": 0.560155987739563}, "2.5": {"loc": 0.6474278569221497, "org": 0.589107096195221}, "2.6": {"loc": 0.25684618949890137, "org": 0.5203671455383301}, "2.7": {"loc": 0.0697653740644455, "org": 0.22266773879528046}, "2.8": {"loc": 0.5140761733055115, "org": 0.5615454912185669}, "2.9": {"loc": 0.6747926473617554, "org": 0.5633910894393921}, "2.10": {"loc": 0.27815747261047363, "org": 0.5911715030670166}, "2.11": {"loc": 0.2961461842060089, "org": 0.666825532913208}, "3.0": {"loc": 0.010713163763284683, "org": 0.20790140330791473}, "3.1": {"loc": 0.26743456721305847, "org": 0.5221724510192871}, "3.2": {"loc": 0.5936370491981506, "org": 0.7111616134643555}, "3.3": {"loc": 0.5448658466339111, "org": 0.6365232467651367}, "3.4": {"loc": 0.020170217379927635, "org": 0.07333346456289291}, "3.5": {"loc": 0.036123648285865784, "org": 0.275967538356781}, "3.6": {"loc": 0.5664187073707581, "org": 0.6902021765708923}, "3.7": {"loc": 0.71429044008255, "org": 0.6604019403457642}, "3.8": {"loc": 0.6026766300201416, "org": 0.5360239148139954}, "3.9": {"loc": 0.1496104896068573, "org": 0.287696897983551}, "3.10": {"loc": 0.2792872488498688, "org": 0.5997005105018616}, "3.11": {"loc": 0.40654879808425903, "org": 0.626670241355896}, "4.0": {"loc": 0.1878056526184082, "org": 0.45270177721977234}, "4.1": {"loc": 0.12089993804693222, "org": 0.39310476183891296}, "4.2": {"loc": 0.018962906673550606, "org": 0.20718294382095337}, "4.3": {"loc": 0.43901869654655457, "org": 0.5931107401847839}, "4.4": {"loc": 0.03914536535739899, "org": 0.3074139356613159}, "4.5": {"loc": 0.08527952432632446, "org": 0.4676457345485687}, "4.6": {"loc": 0.4284169673919678, "org": 0.5002138018608093}, "4.7": {"loc": 0.26162123680114746, "org": 0.49043771624565125}, "4.8": {"loc": 0.0030800304375588894, "org": 0.12053126841783524}, "4.9": {"loc": 0.3195211887359619, "org": 0.5669323801994324}, "4.10": {"loc": 0.007760385982692242, "org": 0.14479535818099976}, "4.11": {"loc": 0.9744561314582825, "org": 0.3886348009109497}, "5.0": {"loc": 0.04191763326525688, "org": 0.41228336095809937}, "5.1": {"loc": 0.03782994672656059, "org": 0.10051344335079193}, "5.2": {"loc": 0.4803559482097626, "org": 0.3811456859111786}, "5.3": {"loc": 0.29141825437545776, "org": 0.5505189895629883}, "5.4": {"loc": 0.23502105474472046, "org": 0.5023788809776306}, "5.5": {"loc": 0.07664580643177032, "org": 0.3952144980430603}, "5.6": {"loc": 0.40146005153656006, "org": 0.3471653163433075}, "5.7": {"loc": 0.013710912317037582, "org": 0.3625863194465637}, "5.8": {"loc": 0.2837626039981842, "org": 0.45713555812835693}, "5.9": {"loc": 0.04168270155787468, "org": 0.26530516147613525}, "5.10": {"loc": 0.02292749658226967, "org": 0.4824654161930084}, "5.11": {"loc": 0.06521350145339966, "org": 0.43251630663871765}, "6.0": {"loc": 0.48930591344833374, "org": 0.5555040836334229}, "6.1": {"loc": 0.12625530362129211, "org": 0.48711931705474854}, "6.2": {"loc": 0.02968844212591648, "org": 0.3288244605064392}, "6.3": {"loc": 0.21621635556221008, "org": 0.5013909935951233}, "6.4": {"loc": 0.053107280284166336, "org": 0.4356212019920349}, "6.5": {"loc": 0.2271687388420105, "org": 0.5657066106796265}, "6.6": {"loc": 0.05685491859912872, "org": 0.45467931032180786}, "6.7": {"loc": 0.23792245984077454, "org": 0.5348519086837769}, "6.8": {"loc": 0.7410644888877869, "org": 0.4473068416118622}, "6.9": {"loc": 0.0323101282119751, "org": 0.007598544470965862}, "6.10": {"loc": 0.012850522994995117, "org": 0.3218398988246918}, "6.11": {"loc": 0.2621356248855591, "org": 0.5861679315567017}, "7.0": {"loc": 0.5472354888916016, "org": 0.5012513399124146}, "7.1": {"loc": 0.0063848537392914295, "org": 0.5222507119178772}, "7.2": {"loc": 0.015127710998058319, "org": 0.2770993113517761}, "7.3": {"loc": 0.16335146129131317, "org": 0.6158735752105713}, "7.4": {"loc": 0.06263749301433563, "org": 0.32099106907844543}, "7.5": {"loc": 0.036834508180618286, "org": 0.4629867374897003}, "7.6": {"loc": 0.019864361733198166, "org": 0.4361993670463562}, "7.7": {"loc": 0.026774009689688683, "org": 0.5140451788902283}, "7.8": {"loc": 0.07920321822166443, "org": 0.42389193177223206}, "7.9": {"loc": 0.14612585306167603, "org": 0.5198667049407959}, "7.10": {"loc": 0.045531705021858215, "org": 0.011263233609497547}, "7.11": {"loc": 0.04031079262495041, "org": 0.28415948152542114}, "8.0": {"loc": 0.016315912827849388, "org": 0.08249826729297638}, "8.1": {"loc": 0.04760716110467911, "org": 0.4015448987483978}, "8.2": {"loc": 0.013973359018564224, "org": -0.06777096539735794}, "8.3": {"loc": 0.060275617986917496, "org": 0.45633465051651}, "8.4": {"loc": 0.02293030358850956, "org": 0.571380615234375}, "8.5": {"loc": 0.19868038594722748, "org": 0.40953925251960754}, "8.6": {"loc": 0.03833061456680298, "org": 0.40016472339630127}, "8.7": {"loc": 0.3265155553817749, "org": 0.3964717388153076}, "8.8": {"loc": 0.04666709527373314, "org": 0.4043111801147461}, "8.9": {"loc": 0.04312288016080856, "org": 0.44151800870895386}, "8.10": {"loc": 0.08184660226106644, "org": 0.5578267574310303}, "8.11": {"loc": 0.07485146075487137, "org": 0.29935115575790405}, "9.0": {"loc": 0.02231523208320141, "org": 0.3558182120323181}, "9.1": {"loc": 0.015667030587792397, "org": 0.2227494716644287}, "9.2": {"loc": 0.023582853376865387, "org": 0.3233034312725067}, "9.3": {"loc": 0.13725177943706512, "org": 0.36375758051872253}, "9.4": {"loc": 0.0036366302520036697, "org": 0.048167791217565536}, "9.5": {"loc": 0.011697565205395222, "org": 0.18772993981838226}, "9.6": {"loc": 0.015087898820638657, "org": 0.3226257562637329}, "9.7": {"loc": 0.0348508320748806, "org": 0.25447985529899597}, "9.8": {"loc": 0.00930122472345829, "org": 0.23954881727695465}, "9.9": {"loc": 0.0358402393758297, "org": 0.3004067540168762}, "9.10": {"loc": 0.030604911968111992, "org": 0.34661582112312317}, "9.11": {"loc": 0.015622922219336033, "org": 0.07541066408157349}, "10.0": {"loc": 0.026945576071739197, "org": 0.4159867465496063}, "10.1": {"loc": 0.019235093146562576, "org": 0.0745633989572525}, "10.2": {"loc": 0.01913241669535637, "org": 0.2973482608795166},