{
  "baseline_ce": 3.2341102361679077,
  "arms": {
    "all-table (L1-17)": 1.920336127281189,
    "menu (zero 8,14,15,17; live 5; table rest)": 1.439492106437683,
    "menu-static (menu + L5 tabled)": 1.8058056831359863
  }
}