{
  "baseline_ce": 3.2341103553771973,
  "arms": {
    "L2 i) mlp1 stream tabled": 0.0016548633575439453,
    "L2 ii) window: all older than L-2 tabled": 0.0,
    "L2 iii) ALL streams tabled": 0.009008347988128662,
    "L5 i) mlp4 stream tabled": 0.046772122383117676,
    "L5 ii) window: all older than L-2 tabled": 0.003173232078552246,
    "L5 iii) ALL streams tabled": 0.23120278120040894,
    "L9 i) mlp8 stream tabled": -0.0007548332214355469,
    "L9 ii) window: all older than L-2 tabled": -0.00295335054397583,
    "L9 iii) ALL streams tabled": 0.006496131420135498
  }
}