{
  "rule": [
    78,
    161
  ],
  "d_ck": 0.0016280837234822125,
  "d_other": 0.0009149075929785911,
  "controls": [
    [
      9.720293999028702e-05,
      5.6652658719637355e-05
    ],
    [
      -5.192567995335493e-07,
      -8.924420709027563e-05
    ],
    [
      -0.0003273618335104244,
      -0.0006246252052496066
    ]
  ],
  "n": 624
}