{
  "arms": {
    "kt=256, ks=256": 0.20633727312088013,
    "kt=1024, ks=1024": 0.1463146209716797,
    "kt=256, ks=exact": 0.04330039024353027,
    "kt=exact, ks=256": 0.05474621057510376,
    "kt=4096, ks=4096": 0.08535563945770264,
    "kt=64, ks=64": 0.31610143184661865
  },
  "baseline_ce": 3.2341102361679077,
  "gate_diff": 1.1920928955078125e-07
}