{
  "baseline_ce": 3.2341103553771973,
  "v-read only, W=4": 0.01866048574447632,
  "v-read only, W=6": 0.004212617874145508,
  "qk+v reads, W=4": 0.11234992742538452,
  "qk+v reads, W=6": 0.05237114429473877,
  "ALL reads (qk+v+mlp), W=4": 0.8636552095413208,
  "ALL reads (qk+v+mlp), W=6": 0.3250925540924072
}