{
  "baseline_ce": 3.2341103553771973,
  "arms": {
    "W=2 window": 0.4291079044342041,
    "W=3 window": 0.2253151535987854,
    "W=1 window": 0.8604680299758911,
    "W=0 all-tabled reads (composed control)": 2.269078493118286
  }
}