{
  "baseline_ce": 3.2341103553771973,
  "arms": {
    "W=4 window": 0.09917277097702026,
    "W=5 window": 0.06350135803222656,
    "W=6 window": 0.049726903438568115,
    "W=3 + vq1024 stream tables": 0.20949417352676392,
    "W=4 + vq1024 stream tables": 0.09362936019897461,
    "W=3 + vq256 stream tables": 0.26374584436416626,
    "W=4 + vq256 stream tables": 0.1335986852645874
  }
}