{
  "late_baseline_ce": 2.8632821440696716,
  "A: early tables, LATE audit, W=4": 0.08912003040313721
}