{
  "late_baseline_ce": 2.8632821440696716,
  "A: early tables, LATE audit, W=4": 0.08912003040313721,
  "early_baseline_ce": 3.2341103553771973,
  "B: late tables (same size), EARLY audit, W=4": 0.18367993831634521
}