{
  "baseline_ce": 3.2341103553771973,
  "arms": {
    "W=4 window 6x data": 0.1663346290588379,
    "W=3 window 6x data": 0.3859397768974304
  }
}