{
  "baseline_ce": 3.2341103553771973,
  "qk+v all + mlp L1-12, W=6": 0.05891984701156616,
  "qk+v all + mlp L1-12, W=4": 0.17699295282363892
}