{
  "baseline_ce": 3.2341103553771973,
  "mlp-read W=4, L2": 0.0,
  "mlp-read W=4, L5": -2.8908252716064453e-05,
  "mlp-read W=4, L9": -0.00019431114196777344,
  "mlp-read W=4, L13": 0.005033373832702637,
  "mlp-read W=4, L16": 0.14554983377456665,
  "mlp-read W=4, bottom L1-6": 0.00036513805389404297,
  "mlp-read W=4, top L7-17": 0.5930403470993042
}