{
  "baseline": 3.2341102361679077,
  "l2fit": 0.09422987699508667,
  "checkpoints": {
    "1000": 0.09385913610458374,
    "2000": 0.09335845708847046
  },
  "ce_polished": 0.09289312362670898,
  "ce_polished_late_audit": 0.0961986780166626
}