{
  "baseline_ce": 3.371727228164673,
  "arms": {
    "qk+v W=6": 0.012634873390197754,
    "qk+v W=4": 0.04947960376739502,
    "qk+v+mlp(bottom 2/3) W=6": 0.012551546096801758,
    "qk+v+mlp(ALL) W=6": 0.030005455017089844
  }
}