{
  "baseline_ce": 3.371727228164673,
  "arms": {
    "W=6": 0.010625362396240234,
    "W=4": 0.039729177951812744,
    "W=2": 0.2041751742362976,
    "W=0 control": 1.4796029329299927
  }
}