{
  "baseline_ce": 3.371727228164673,
  "arms": {
    "ALL reads W=3": 0.40793073177337646,
    "ALL reads W=2": 0.959876298904419,
    "ALL reads W=4": 0.17900198698043823
  }
}