{
  "baseline_ce": 3.2341102361679077,
  "arms": {
    "W=4 vq64 l2": 0.13866794109344482,
    "W=4 vq64 fisher": 0.17135006189346313,
    "W=4 vq256 l2": 0.10398077964782715,
    "W=4 vq256 fisher": 0.11638975143432617
  }
}