{
  "baseline_ce": 3.2341102361679077,
  "arms": {
    "W=4 vq64 unembed": 0.12347859144210815,
    "W=4 vq256 unembed": 0.1391277313232422
  }
}