{
  "baseline_ce": 3.2341102361679077,
  "arms": {
    "W=4 vq64 unembed": 0.12347859144210815
  }
}