{
  "baseline_ce": 3.2341102361679077,
  "arms": {
    "W=4 vq256 unembed sketch2048": 0.1722680926322937,
    "W=4 vq256 unembed sketch2048-seed2": 0.13121968507766724,
    "W=4 vq64 unembed sketch2048": 0.12479466199874878,
    "W=4 vq64 unembed sketch2048-seed2": 0.14961141347885132
  }
}