{
  "baseline_ce": 3.2341102361679077,
  "arms": {
    "W=4 vq64 l2-seed2": 0.16742318868637085
  }
}