{
  "baseline": 3.2341102361679077,
  "iter0_l2_seed3": 0.10891187191009521,
  "iters": [
    {
      "iter": 1,
      "moves": 51299,
      "pred_gain_sum": -13.600170139688998,
      "heldout_dce": 0.14715123176574707
    }
  ]
}