{"baseline": 2.6618564128875732, "baseline_spread": 0.0, "edges": {"emb->1|zero": 0.0596, "emb->1|mean": 4.14289, "emb->1|pca1": 4.25574, "emb->1|pca4": 4.15252, "attn0->1|zero": -0.00101, "attn0->1|mean": -0.00101, "attn0->1|pca1": -0.00034, "attn0->1|pca4": -0.00029, "mlp0->1|zero": 1.98092, "mlp0->1|mean": 1.92657, "mlp0->1|pca1": 1.29779, "mlp0->1|pca4": 3.96134, "attn1->1|zero": 2.81086, "attn1->1|mean": 2.60366, "attn1->1|pca1": 1.93027, "attn1->1|pca4": 0.14536, "emb->2|zero": -0.00591, "emb->2|mean": -0.0126, "emb->2|pca1": -0.01257, "emb->2|pca4": -0.00883}}