{
  "baseline": 2.6618564128875732,
  "arms": {
    "215 free edges (|dCE|<0.005), zero": 2.8414814472198486,
    "215 free edges (|dCE|<0.005), mean": 3.037122964859009,
    "149 free edges (|dCE|<0.002), zero": 0.542853593826294,
    "149 free edges (|dCE|<0.002), mean": 0.5062716007232666
  }
}