{
  "baseline_ce": 3.2341102361679077,
  "eps": 0.01,
  "alphabet": {
    "L0H0b1": {
      "weight_alphabet_rel25": null,
      "dce_at_kb": -0.0019415616989135742,
      "behavioral_alphabet": 1
    },
    "L0H0b2": {
      "weight_alphabet_rel25": null,
      "dce_at_kb": -0.001517951488494873,
      "behavioral_alphabet": 1
    },
    "L0H1b1": {
      "weight_alphabet_rel25": null,
      "dce_at_kb": -0.0014188885688781738,
      "behavioral_alphabet": 1
    },
    "L0H1b2": {
      "weight_alphabet_rel25": null,
      "dce_at_kb": -0.0015030503273010254,
      "behavioral_alphabet": 1
    },
    "L0H2b1": {
      "weight_alphabet_rel25": null,
      "dce_at_kb": -0.0031829476356506348,
      "behavioral_alphabet": 1
    },
    "L0H2b2": {
      "weight_alphabet_rel25": null,
      "dce_at_kb": -0.00308835506439209,
      "behavioral_alphabet": 1
    },
    "L0H3b1": {
      "weight_alphabet_rel25": null,
      "dce_at_kb": -0.011836349964141846,
      "behavioral_alphabet": 2
    },
    "L0H3b2": {
      "weight_alphabet_rel25": null,
      "dce_at_kb": -0.00843435525894165,
      "behavioral_alphabet": 2
    },
    "L0H4b1": {
      "weight_alphabet_rel25": null,
      "dce_at_kb": -0.002360105514526367,
      "behavioral_alphabet": 1
    },
    "L0H4b2": {
      "weight_alphabet_rel25": null,
      "dce_at_kb": -0.0015870928764343262,
      "behavioral_alphabet": 1
    },
    "L0H5b1": {
      "weight_alphabet_rel25": null,
      "dce_at_kb": -0.005866646766662598,
      "behavioral_alphabet": 1
    },
    "L0H5b2": {
      "weight_alphabet_rel25": null,
      "dce_at_kb": -0.00580143928527832,
      "behavioral_alphabet": 1
    },
    "L0H6b1": {
      "weight_alphabet_rel25": null,
      "dce_at_kb": 0.008696258068084717,
      "behavioral_alphabet": 4
    },
    "L0H6b2": {
      "weight_alphabet_rel25": null,
      "dce_at_kb": 0.007497668266296387,
      "behavioral_alphabet": 4
    },
    "L0H7b1": {
      "weight_alphabet_rel25": null,
      "dce_at_kb": 0.002520442008972168,
      "behavioral_alphabet": 1
    },
    "L0H7b2": {
      "weight_alphabet_rel25": null,
      "dce_at_kb": 0.004016876220703125,
      "behavioral_alphabet": 1
    },
    "L0H8b1": {
      "weight_alphabet_rel25": null,
      "dce_at_kb": 0.006283760070800781,
      "behavioral_alphabet": 1
    },
    "L0H8b2": {
      "weight_alphabet_rel25": null,
      "dce_at_kb": 0.006179153919219971,
      "behavioral_alphabet": 1
    }
  }
}