{
  "base_pcopy": 0.743930721282959,
  "base_ce": 0.7730335354804992,
  "arms": {
    "all-content k=64": {
      "dpcopy": -0.17953486442565925,
      "dce_tiled": 0.7523555159568788
    },
    "identity-keys k=64": {
      "dpcopy": -0.37463211417198183,
      "dce_tiled": 1.735418975353241
    },
    "all-content k=256": {
      "dpcopy": -0.0872918128967285,
      "dce_tiled": 0.34446498155593874
    },
    "identity-keys k=256": {
      "dpcopy": -0.24691275954246522,
      "dce_tiled": 1.0164387345314028
    },
    "all-content k=1024": {
      "dpcopy": -0.040249633789062544,
      "dce_tiled": 0.15365177392959595
    },
    "identity-keys k=1024": {
      "dpcopy": -0.1391629099845887,
      "dce_tiled": 0.5242091298103332
    }
  }
}