{
  "baseline_ce": 3.2341102361679077,
  "l2_qk": 0.008174479007720947,
  "l2_ov": 0.05509614944458008,
  "l2_mlp": 0.16650474071502686,
  "l2_qk+ov": 0.1211467981338501,
  "l2_qk+ov+mlp": 0.45491236448287964,
  "ce_trained_grand": -0.018626868724822998,
  "baseline_bf16": 3.2348766922950745
}