{
  "baseline_ce": 3.2341102361679077,
  "l2_qk": 0.008193254470825195,
  "l2_ov": 0.05509614944458008,
  "l2_mlp": 0.16646337509155273,
  "l2_qk+ov": 0.12114691734313965,
  "l2_qk+ov+mlp": 0.4552767872810364,
  "ce_trained_grand": 0.193961501121521,
  "baseline_bf16": 3.2348766922950745
}