{
  "baseline_ce": 3.2341102361679077,
  "l2_qk": 0.008217453956604004,
  "l2_ov": 0.05509614944458008,
  "l2_mlp": 0.166517972946167,
  "l2_qk+ov": 0.12116658687591553,
  "l2_qk+ov+mlp": 0.45483851432800293,
  "ce_trained_grand": 1.6241125464439392,
  "baseline_bf16": 3.2348766922950745
}