{
  "baseline": {
    "natural": 3.2341102361679077,
    "repeat": 0.8655155003070831
  },
  "random-repeat reference: cleaned": {
    "d_repeat": -0.1701335906982422
  },
  "NATURAL repeats: v-content cleaned": {
    "d_natural": 0.022884786128997803,
    "d_repeat": 0.03438125550746918
  }
}