{
  "baseline": {
    "natural": 3.2341102361679077,
    "repeat": 5.48492431640625
  },
  "A: v-content cleaned (cond-mean)": {
    "d_natural": 0.022884786128997803,
    "d_repeat": -0.1701335906982422
  },
  "B: alpha=1.5": {
    "d_natural": -0.00045222043991088867,
    "d_repeat": 0.3423959016799927
  },
  "B: alpha=2": {
    "d_natural": 0.01473921537399292,
    "d_repeat": 0.8491808176040649
  },
  "B: alpha=4": {
    "d_natural": 0.16348814964294434,
    "d_repeat": 3.3741090297698975
  },
  "A+B: cleaned + alpha=2": {
    "d_natural": 0.04903984069824219,
    "d_repeat": -0.17588603496551514
  }
}