{
  "baseline": {
    "natural": 3.2341102361679077,
    "repeat": 5.48492431640625
  },
  "H7 rank1+mean": {
    "d_natural": 8.207559585571289e-05,
    "d_repeat": 0.048668622970581055
  },
  "H7 rank2+mean": {
    "d_natural": 0.0027371644973754883,
    "d_repeat": 0.015753626823425293
  },
  "H7 rank4+mean": {
    "d_natural": 0.00040596723556518555,
    "d_repeat": 0.2006368637084961
  }
}