{
  "baseline": {
    "natural": 3.2341102361679077,
    "repeat": 5.48492431640625
  },
  "H7 rank1+mean": {
    "d_natural": 8.207559585571289e-05,
    "d_repeat": 0.048668622970581055
  },
  "H7 rank2+mean": {
    "d_natural": 0.0027371644973754883,
    "d_repeat": 0.015753626823425293
  },
  "H7 rank4+mean": {
    "d_natural": 0.00040596723556518555,
    "d_repeat": 0.2006368637084961
  },
  "H7 rank8+mean": {
    "d_natural": -0.0002728104591369629,
    "d_repeat": 0.08724164962768555
  },
  "H5 rank1+mean": {
    "d_natural": 0.07325685024261475,
    "d_repeat": -0.23833250999450684
  },
  "H5 rank2+mean": {
    "d_natural": 0.034955382347106934,
    "d_repeat": -0.32684826850891113
  },
  "H5 rank4+mean": {
    "d_natural": 0.02495861053466797,
    "d_repeat": -0.2740670442581177
  },
  "H5 rank8+mean": {
    "d_natural": 0.013166844844818115,
    "d_repeat": -0.10773110389709473
  }
}