{
  "baseline_ce": 3.2341102361679077,
  "cumulative": {
    "1": 0.12255585193634033,
    "2": 0.1633794903755188,
    "3": 0.37209105491638184,
    "4": 0.613784670829773,
    "5": 0.7274691462516785,
    "6": 0.805108904838562,
    "7": 0.9627305865287781,
    "9": 1.0106558799743652,
    "10": 1.0655230283737183,
    "11": 1.1126669645309448,
    "12": 1.1490731835365295,
    "13": 1.2530957460403442,
    "16": 1.4059832096099854
  }
}