{
  "baseline": 3.2341102361679077,
  "l2fit": 0.0930243730545044,
  "ce_trained": -0.08145195245742798
}