{
  "coverage": 0.909423828125,
  "arms": {
    "L1 zero-scores (control)": 2.819951057434082,
    "L1 cond-mean raw": 0.03974103927612305,
    "L1 cond-mean unit-RMS": 0.01394718885421753,
    "L1 cond-mean unit-RMS + vq256": 0.09238183498382568,
    "L1 cond-mean unit-RMS + vq1024": 0.06376147270202637
  },
  "baseline_ce": 3.2341102361679077
}