{
  "note": "L5 heads on REPEATED sequences (A+A); contextual = H5, H7",
  "signatures_mean_pattern": {
    "copy": [
      0.00226,
      -0.00735,
      -0.01017,
      -0.00109,
      -0.00208,
      0.04027,
      -9e-05,
      0.00254,
      0.00118
    ],
    "induction": [
      0.00147,
      -0.00579,
      -0.00586,
      -0.00168,
      -0.00131,
      0.21068,
      0.00184,
      -0.00022,
      0.00221
    ],
    "random": [
      0.00329,
      0.00354,
      -0.00492,
      -0.00164,
      -0.0018,
      0.00397,
      -0.00314,
      0.00917,
      -0.00042
    ]
  },
  "pos_profile_delta1_4_16_64": {
    "H0": [
      0.07677,
      0.02805,
      0.01602,
      0.00937
    ],
    "H1": [
      0.09274,
      0.06461,
      0.02762,
      0.00948
    ],
    "H2": [
      0.10205,
      0.0342,
      0.00861,
      0.01067
    ],
    "H3": [
      0.04527,
      0.02077,
      0.00702,
      0.00309
    ],
    "H4": [
      0.04417,
      0.01902,
      0.00681,
      0.00316
    ],
    "H5": [
      0.00744,
      0.00829,
      0.00818,
      0.00589
    ],
    "H6": [
      0.11488,
      0.07409,
      0.00883,
      0.00179
    ],
    "H7": [
      0.12245,
      0.1271,
      0.02645,
      0.00304
    ],
    "H8": [
      0.04755,
      0.02872,
      0.00676,
      0.00175
    ]
  },
  "copy_over_random": {
    "H0": 0.69,
    "H1": -2.07,
    "H2": -81371984.0,
    "H3": -8714542.0,
    "H4": -16616935.0,
    "H5": 10.15,
    "H6": -682688.0,
    "H7": 0.28,
    "H8": 9456690.0
  },
  "induction_over_random": {
    "H0": 0.45,
    "H1": -1.63,
    "H2": -46901676.0,
    "H3": -13447649.0,
    "H4": -10473892.0,
    "H5": 53.09,
    "H6": 14738116.0,
    "H7": -0.02,
    "H8": 17674316.0
  }
}