{
  "note": "L5 heads; contextual = H5, H7",
  "signatures_mean_pattern": {
    "copy": [
      0.00784,
      -0.01178,
      -0.01197,
      -0.00176,
      -0.00249,
      0.00841,
      -0.00147,
      0.01136,
      -0.00527
    ],
    "induction": [
      0.01392,
      -0.01054,
      -0.01433,
      0.00094,
      -0.00395,
      0.04044,
      -0.00481,
      0.01004,
      -0.00388
    ],
    "random": [
      0.00579,
      -0.00255,
      -0.00417,
      0.00064,
      -0.00267,
      0.00241,
      -0.00333,
      0.0084,
      0.00056
    ]
  },
  "pos_profile_delta1_4_16_64": {
    "H0": [
      0.07734,
      0.04529,
      0.02053,
      0.00826
    ],
    "H1": [
      0.07102,
      0.04187,
      0.0212,
      0.00773
    ],
    "H2": [
      0.08088,
      0.04245,
      0.02381,
      0.00929
    ],
    "H3": [
      0.10007,
      0.04258,
      0.00944,
      0.00267
    ],
    "H4": [
      0.0838,
      0.05096,
      0.01749,
      0.00581
    ],
    "H5": [
      0.01181,
      0.00864,
      0.00678,
      0.00498
    ],
    "H6": [
      0.1422,
      0.07199,
      0.01501,
      0.0026
    ],
    "H7": [
      0.11163,
      0.11041,
      0.02894,
      0.00408
    ],
    "H8": [
      0.1126,
      0.04543,
      0.00563,
      0.00186
    ]
  },
  "copy_over_random": {
    "H0": 1.35,
    "H1": -94228840.0,
    "H2": -95786808.0,
    "H3": -2.74,
    "H4": -19900520.0,
    "H5": 3.49,
    "H6": -11781365.0,
    "H7": 1.35,
    "H8": -9.47
  },
  "induction_over_random": {
    "H0": 2.4,
    "H1": -84342424.0,
    "H2": -114621440.0,
    "H3": 1.46,
    "H4": -31594662.0,
    "H5": 16.78,
    "H6": -38483500.0,
    "H7": 1.2,
    "H8": -6.97
  }
}