{
  "baseline": {
    "natural": 3.2341102361679077,
    "repeat_2nd_half": 5.48492431640625
  },
  "H5 zero": {
    "d_natural": 0.02953052520751953,
    "d_repeat_2nd_half": 0.13019633293151855
  },
  "H5 table": {
    "d_natural": 0.08042120933532715,
    "d_repeat_2nd_half": 0.2803417444229126
  },
  "H7 zero": {
    "d_natural": 1.0372679233551025,
    "d_repeat_2nd_half": 6.681394338607788
  },
  "H7 table": {
    "d_natural": 0.10370349884033203,
    "d_repeat_2nd_half": 1.9537070989608765
  }
}