{
  "baseline_ce": 3.2341102361679077,
  "menu-trained sanity (expect ~+0.757)": 0.7622255086898804,
  "L5 tabled except H5,H7 live (rest of model live)": 0.023165404796600342,
  "menu-trained + L5 H5,H7 live": 1.011290729045868
}