{
  "baseline_ce": 3.2341102361679077,
  "all_tabled": 0.25076866149902344,
  "heads": {
    "0": {
      "table_h_only": 0.001592397689819336,
      "live_h_only": 0.23007643222808838
    },
    "1": {
      "table_h_only": 0.007999897003173828,
      "live_h_only": 0.2587035298347473
    },
    "2": {
      "table_h_only": 0.008699536323547363,
      "live_h_only": 0.1967250108718872
    },
    "3": {
      "table_h_only": 0.0027860403060913086,
      "live_h_only": 0.2407916784286499
    },
    "4": {
      "table_h_only": 0.0017036199569702148,
      "live_h_only": 0.24725252389907837
    },
    "5": {
      "table_h_only": 0.08042120933532715,
      "live_h_only": 0.1647491455078125
    },
    "6": {
      "table_h_only": -0.0016756653785705566,
      "live_h_only": 0.24190908670425415
    },
    "7": {
      "table_h_only": 0.10370349884033203,
      "live_h_only": 0.09475040435791016
    },
    "8": {
      "table_h_only": 0.0025818347930908203,
      "live_h_only": 0.24585247039794922
    }
  }
}