{
  "baseline": 3.2341102361679077,
  "l2fit": 1.9681589603424072,
  "checkpoints": {
    "1500": 0.6814659833908081,
    "3000": 0.5662907958030701
  },
  "ce_trained": 0.5302895903587341
}