{
  "baseline": 3.2341102361679077,
  "l2fit": 2.428061366081238,
  "checkpoints": {
    "1500": 0.8725497722625732
  }
}