{
  "baseline": 3.2341102361679077,
  "l2fit": 1.9681589603424072,
  "checkpoints": {
    "1500": 0.6814659833908081
  }
}