{
  "baseline_ce": 3.2341102361679077,
  "k": 256,
  "dce_before": 0.1664278507232666,
  "dce_after": 0.021563172340393066
}