{
  "baseline": 3.2341103553771973,
  "L16_dev_pc_shares": [
    0.4007,
    0.1711,
    0.0803,
    0.0409,
    0.0231,
    0.013,
    0.0077,
    0.0048
  ],
  "L16 mean-only (rank-0)": 0.14069724082946777,
  "L16 rank1": 0.09869486093521118,
  "L16 rank4": 0.03960895538330078,
  "L16 rank16": 0.02434372901916504,
  "L16 rank64": 0.022941231727600098,
  "L13_dev_pc_shares": [
    0.0429,
    0.0188,
    0.0134,
    0.01,
    0.009,
    0.0079,
    0.0075,
    0.0071
  ],
  "L13 mean-only (rank-0)": 0.04090672731399536,
  "L13 rank1": 0.03417485952377319,
  "L13 rank4": 0.03274792432785034,
  "L13 rank16": 0.030576884746551514,
  "L13 rank64": 0.024541735649108887
}