{
  "baseline": 3.2341103553771973,
  "rank64 live (reference)": 0.02303546667098999,
  "top-4 doc-mean (slowness)": 0.10310524702072144,
  "top-4 swapped across docs": 0.15776312351226807,
  "top-4 zeroed": 0.11301958560943604
}