{
  "baseline_ce": 3.2341102361679077,
  "block_split_gate_diff": 2.384185791015625e-07,
  "mlp0_blocks": {
    "drop_self": 1.2912158370018005,
    "drop_cross": 0.8403882384300232,
    "drop_pair": 0.1869482398033142
  },
  "ov": {
    "svd4": {
      "dce": 2.4351388216018677,
      "dl_bits": 58098816,
      "ratio": 0.03133013776240458
    },
    "svd16": {
      "dce": 1.2950413823127747,
      "dl_bits": 232395264,
      "ratio": 0.1253205510496183
    },
    "svd64": {
      "dce": 0.11362278461456299,
      "dl_bits": 929581056,
      "ratio": 0.5012822041984732
    },
    "vq64": {
      "dce": 2.0186996459960938,
      "dl_bits": 5075712.0,
      "ratio": 0.002737108381043257
    },
    "vq1024": {
      "dce": 0.8827587366104126,
      "dl_bits": 42276096.0,
      "ratio": 0.022797640346692113
    },
    "zero": {
      "dce": 4.361515998840332,
      "dl_bits": 0,
      "ratio": 0.0
    }
  }
}