{
  "baseline_ce": 3.2348766922950745,
  "vq1024": {
    "dce_before": 0.9173415303230286,
    "dce_after": 0.5678123831748962,
    "ratio": 0.022797640346692113
  },
  "vq4096": {
    "dce_before": 0.7823231816291809,
    "dce_after": 0.47476184368133545,
    "ratio": 0.08435462388676845
  }
}