{
  "baseline_ce": 3.2341102361679077,
  "arms": {
    "topk n=512 k=4": {
      "dce": 0.3145459294319153,
      "ratio": 0.05021717954834606
    },
    "topk n=512 k=16": {
      "dce": 0.033562660217285156,
      "ratio": 0.17033436704834606
    },
    "topk n=2048 k=4": {
      "dce": 0.16906774044036865,
      "ratio": 0.08270465569338423
    },
    "topk n=2048 k=16": {
      "dce": 0.04254668951034546,
      "ratio": 0.20868121819338423
    }
  },
  "ce_trained": {
    "n": 512,
    "k": 16,
    "dce_before": 0.04435151815414429,
    "dce_after": -0.01896965503692627,
    "ratio": 0.17033436704834606
  }
}