{
  "arms": {
    "PAIR k=64 (self+cross exact)": 0.07305675745010376,
    "PAIR k=256 (self+cross exact)": 0.05771297216415405,
    "PAIR k=1024 (self+cross exact)": 0.02599889039993286
  },
  "baseline_ce": 3.2341102361679077,
  "gate_diff": 1.1920928955078125e-07
}