{
  "mean_dce_ctx": 0.00791,
  "mean_dce_mse": 0.0171,
  "concentration": {
    "top_0.1pct_share": 0.21,
    "top_1pct_share": 0.929,
    "top_5pct_share": 2.429,
    "top_10pct_share": 3.496
  },
  "improved_frac": 0.457,
  "improved_share": -4.742,
  "pearson_ctx_mse": 0.459,
  "spearman_ctx_mse": 0.387,
  "stats_top1000": {
    "n": 1000,
    "freq_rank_median": 1713,
    "freq_rank_p90": 13735,
    "seen_before_frac": 0.337,
    "bigram_repeat_frac": 0.052,
    "dist_to_prev_median": 37,
    "pos_median": 298,
    "n_docs": 441,
    "top_prev_tokens": [
      [
        "\\n",
        72
      ],
      [
        ",",
        33
      ],
      [
        "-",
        30
      ],
      [
        " and",
        30
      ],
      [
        " Engine",
        23
      ],
      [
        " the",
        23
      ],
      [
        " to",
        21
      ],
      [
        " of",
        14
      ]
    ]
  },
  "stats_rand1000": {
    "n": 1000,
    "freq_rank_median": 188,
    "freq_rank_p90": 7975,
    "seen_before_frac": 0.473,
    "bigram_repeat_frac": 0.102,
    "dist_to_prev_median": 30,
    "pos_median": 259,
    "n_docs": 478,
    "top_prev_tokens": [
      [
        " the",
        41
      ],
      [
        ".",
        37
      ],
      [
        "\\n",
        34
      ],
      [
        ",",
        32
      ],
      [
        " to",
        31
      ],
      [
        " a",
        21
      ],
      [
        " and",
        18
      ],
      [
        " of",
        15
      ]
    ]
  },
  "dce_by_target_freq_decile": [
    0.00604,
    0.00466,
    0.00461,
    0.00567,
    0.00656,
    0.00435,
    0.00852,
    0.01062,
    0.01435,
    0.01367
  ],
  "dce_by_position_decile": [
    0.00765,
    0.00723,
    0.00802,
    0.00686,
    0.00731,
    0.00735,
    0.00878,
    0.0087,
    0.00893,
    0.00829
  ],
  "head_dce": [
    0.0004,
    0.0002,
    0.0003,
    0.0032,
    0.0003,
    0.0007,
    0.0002,
    0.0003,
    0.0005
  ],
  "qerr_top50_share": 0.524,
  "qerr_by_freq_decile": [
    0.8073,
    0.0653,
    0.0379,
    0.0247,
    0.0219,
    0.0094,
    0.0086,
    0.0082,
    0.0082,
    0.0085
  ],
  "top_query_tokens": [
    [
      "\\n",
      0.0889,
      3
    ],
    [
      " to",
      0.0735,
      5
    ],
    [
      " the",
      0.0551,
      2
    ],
    [
      " a",
      0.0394,
      7
    ],
    [
      "-",
      0.0304,
      9
    ],
    [
      ",",
      0.0284,
      0
    ],
    [
      " of",
      0.0246,
      6
    ],
    [
      ".",
      0.0239,
      1
    ],
    [
      " in",
      0.0178,
      8
    ],
    [
      " and",
      0.0178,
      4
    ],
    [
      " an",
      0.0074,
      37
    ],
    [
      " on",
      0.0064,
      14
    ],
    [
      " (",
      0.0064,
      16
    ],
    [
      " is",
      0.0059,
      10
    ],
    [
      " or",
      0.0055,
      28
    ],
    [
      " with",
      0.0051,
      15
    ],
    [
      "\ufffd",
      0.005,
      18
    ],
    [
      " for",
      0.0042,
      11
    ],
    [
      " are",
      0.0038,
      26
    ],
    [
      "\ufffd",
      0.0037,
      57
    ],
    [
      ":",
      0.0037,
      22
    ],
    [
      " that",
      0.0036,
      12
    ],
    [
      " -",
      0.0036,
      36
    ],
    [
      " it",
      0.0033,
      17
    ],
    [
      " this",
      0.0033,
      35
    ],
    [
      "/",
      0.0032,
      45
    ],
    [
      "'s",
      0.0029,
      29
    ],
    [
      "s",
      0.0029,
      24
    ],
    [
      " The",
      0.0028,
      32
    ],
    [
      " have",
      0.0028,
      34
    ],
    [
      " but",
      0.0028,
      48
    ],
    [
      " was",
      0.0027,
      33
    ],
    [
      "\ufffd",
      0.0027,
      13
    ],
    [
      " at",
      0.0026,
      27
    ],
    [
      ")",
      0.0024,
      25
    ],
    [
      " as",
      0.0024,
      21
    ],
    [
      " said",
      0.0024,
      54
    ],
    [
      "\ufffd",
      0.0022,
      58
    ],
    [
      " by",
      0.002,
      30
    ],
    [
      " be",
      0.0018,
      19
    ],
    [
      " I",
      0.0018,
      20
    ],
    [
      " you",
      0.0017,
      23
    ],
    [
      " up",
      0.0017,
      61
    ],
    [
      " all",
      0.0017,
      53
    ],
    [
      " from",
      0.0015,
      31
    ],
    [
      "|",
      0.0014,
      77
    ],
    [
      "The",
      0.0014,
      41
    ],
    [
      " will",
      0.0013,
      38
    ],
    [
      " about",
      0.0012,
      72
    ],
    [
      "||",
      0.0011,
      99
    ]
  ],
  "top_key_tokens": [
    [
      ",",
      0.0784,
      0
    ],
    [
      " the",
      0.0771,
      2
    ],
    [
      ".",
      0.0748,
      1
    ],
    [
      "\\n",
      0.0485,
      3
    ],
    [
      " to",
      0.0485,
      5
    ],
    [
      " and",
      0.0411,
      4
    ],
    [
      " of",
      0.0351,
      6
    ],
    [
      " in",
      0.0249,
      8
    ],
    [
      " a",
      0.0228,
      7
    ],
    [
      " for",
      0.0155,
      11
    ],
    [
      " is",
      0.0143,
      10
    ],
    [
      "-",
      0.0128,
      9
    ],
    [
      " on",
      0.0106,
      14
    ],
    [
      " (",
      0.0097,
      16
    ],
    [
      ":",
      0.0095,
      22
    ],
    [
      " with",
      0.0091,
      15
    ],
    [
      " at",
      0.0087,
      27
    ],
    [
      " that",
      0.0081,
      12
    ],
    [
      " -",
      0.0067,
      36
    ],
    [
      " from",
      0.0066,
      31
    ],
    [
      " The",
      0.0063,
      32
    ],
    [
      " as",
      0.0062,
      21
    ],
    [
      " or",
      0.0061,
      28
    ],
    [
      " by",
      0.006,
      30
    ],
    [
      " are",
      0.0049,
      26
    ],
    [
      " was",
      0.0046,
      33
    ],
    [
      " but",
      0.004,
      48
    ],
    [
      "The",
      0.0038,
      41
    ],
    [
      " have",
      0.0034,
      34
    ],
    [
      " has",
      0.0034,
      39
    ],
    [
      "?",
      0.0034,
      46
    ],
    [
      " be",
      0.0033,
      19
    ],
    [
      "'s",
      0.0031,
      29
    ],
    [
      ")",
      0.003,
      25
    ],
    [
      " not",
      0.0029,
      40
    ],
    [
      " I",
      0.0029,
      20
    ],
    [
      " about",
      0.0028,
      72
    ],
    [
      ";",
      0.0027,
      70
    ],
    [
      " your",
      0.0027,
      44
    ],
    [
      "<|endoftext|>",
      0.0025,
      67
    ],
    [
      " will",
      0.0024,
      38
    ],
    [
      "\ufffd",
      0.0023,
      13
    ],
    [
      " can",
      0.0023,
      42
    ],
    [
      " than",
      0.0022,
      97
    ],
    [
      "\ufffd",
      0.0021,
      18
    ],
    [
      " said",
      0.0021,
      54
    ],
    [
      " into",
      0.0021,
      95
    ],
    [
      " their",
      0.002,
      50
    ],
    [
      " it",
      0.002,
      17
    ],
    [
      " \"",
      0.0019,
      43
    ]
  ],
  "residual_spectrum_e8_e32": [
    [
      0.093,
      0.317
    ],
    [
      0.109,
      0.333
    ],
    [
      0.079,
      0.256
    ],
    [
      0.078,
      0.252
    ],
    [
      0.079,
      0.25
    ],
    [
      0.08,
      0.251
    ],
    [
      0.247,
      0.473
    ],
    [
      0.123,
      0.315
    ],
    [
      0.109,
      0.308
    ],
    [
      0.101,
      0.297
    ],
    [
      0.093,
      0.27
    ],
    [
      0.074,
      0.25
    ],
    [
      0.126,
      0.32
    ],
    [
      0.096,
      0.281
    ],
    [
      0.156,
      0.342
    ],
    [
      0.097,
      0.289
    ],
    [
      0.092,
      0.286
    ],
    [
      0.128,
      0.333
    ]
  ],