{
  "sae_bits_Mbit": 168.1,
  "query_raw_bits_Mbit": 3708.8,
  "base_ce": 3.076295,
  "mech9": {
    "ce": 3.082986,
    "dce": 0.006691
  },
  "mech7": {
    "ce": 3.082417,
    "dce": 0.006122
  }
}