{
  "arms": {
    "svd rank 16": {
      "fac": 0.63657,
      "score": 0.17997,
      "pat": 0.09247,
      "pat_ov": 0.04516,
      "pat_rope": 0.15389,
      "pat_rope_ov": 0.07615,
      "pat_gram": 0.0158,
      "pat_rope_gram": 0.02502,
      "pat_freq": 0.09959,
      "pat_ctx": 0.05382,
      "diag_cancel_err": 11.0474,
      "diag_cancel_sig": 31.6123,
      "diag_align": 0.3017,
      "dce_pile": 0.0141,
      "dce_fw": 0.0353
    },
    "svd rank 32": {
      "fac": 0.52126,
      "score": 0.15973,
      "pat": 0.07729,
      "pat_ov": 0.03586,
      "pat_rope": 0.13401,
      "pat_rope_ov": 0.06342,
      "pat_gram": 0.0119,
      "pat_rope_gram": 0.01997,
      "pat_freq": 0.07434,
      "pat_ctx": 0.03406,
      "diag_cancel_err": 10.5248,
      "diag_cancel_sig": 31.6123,
      "diag_align": 0.2734,
      "dce_pile": -0.0161,
      "dce_fw": 0.017
    },
    "svd rank 64": {
      "fac": 0.35661,
      "score": 0.12639,
      "pat": 0.05923,
      "pat_ov": 0.02579,
      "pat_rope": 0.1072,
      "pat_rope_ov": 0.04781,
      "pat_gram": 0.00811,
      "pat_rope_gram": 0.01444,
      "pat_freq": 0.04937,
      "pat_ctx": 0.01789,
      "diag_cancel_err": 9.9844,
      "diag_cancel_sig": 31.6123,
      "diag_align": 0.2436,
      "dce_pile": -0.0216,
      "dce_fw": 0.0062
    },
    "svd rank 128": {
      "fac": 0.15953,
      "score": 0.06842,
      "pat": 0.03151,
      "pat_ov": 0.01186,
      "pat_rope": 0.06261,
      "pat_rope_ov": 0.02462,
      "pat_gram": 0.00364,
      "pat_rope_gram": 0.00758,
      "pat_freq": 0.02306,
      "pat_ctx": 0.00678,
      "diag_cancel_err": 9.7851,
      "diag_cancel_sig": 31.6123,
      "diag_align": 0.1975,
      "dce_pile": -0.0093,
      "dce_fw": 0.0016
    },
    "merge K=2048 per-head-branch": {
      "fac": 0.62719,
      "score": 0.23869,
      "pat": 0.17453,
      "pat_ov": 0.10711,
      "pat_rope": 0.22812,
      "pat_rope_ov": 0.13477,
      "pat_gram": 0.05389,
      "pat_rope_gram": 0.06157,
      "pat_freq": 0.18074,
      "pat_ctx": 0.12029,
      "diag_cancel_err": 15.9796,
      "diag_cancel_sig": 31.6123,
      "diag_align": 0.2848,
      "dce_pile": -0.0025,
      "dce_fw": 0.0196
    },
    "dict n=1024 k=8 token-linear": {
      "fac": 0.46385,
      "score": 0.17807,
      "pat": 0.11117,
      "pat_ov": 0.06476,
      "pat_rope": 0.15834,
      "pat_rope_ov": 0.08753,
      "pat_gram": 0.02826,
      "pat_rope_gram": 0.03438,
      "pat_freq": 0.07277,
      "pat_ctx": 0.03366,
      "diag_cancel_err": 13.9649,
      "diag_cancel_sig": 31.6123,
      "diag_align": 0.2604,
      "dce_pile": -0.0099,
      "dce_fw": 0.0076
    },
    "dict n=1024 k=8 token-OMP/LS": {
      "fac": 0.41104,
      "score": 0.15195,
      "pat": 0.08779,
      "pat_ov": 0.04945,
      "pat_rope": 0.13249,
      "pat_rope_ov": 0.06908,
      "pat_gram": 0.01983,
      "pat_rope_gram": 0.02548,
      "pat_freq": 0.05665,
      "pat_ctx": 0.02657,
      "diag_cancel_err": 13.376,
      "diag_cancel_sig": 31.6123,
      "diag_align": 0.2548,
      "dce_pile": -0.0107,
      "dce_fw": 0.0059
    },
    "two-stage merge2048 -> OMP dict n=512 k=8": {
      "fac": 0.67656,
      "score": 0.24755,
      "pat": 0.18531,
      "pat_ov": 0.11495,
      "pat_rope": 0.24123,
      "pat_rope_ov": 0.1441,
      "pat_gram": 0.05938,
      "pat_rope_gram": 0.06816,
      "pat_freq": 0.20391,
      "pat_ctx": 0.15025,
      "diag_cancel_err": 16.391,
      "diag_cancel_sig": 31.6123,
      "diag_align": 0.2885,
      "dce_pile": -0.0047,
      "dce_fw": 0.0278
    }
  },
  "spearman_vs_dce_pile": {
    "fac": 0.619,
    "score": 0.643,
    "pat": 0.571,
    "pat_ov": 0.452,
    "pat_rope": 0.548,
    "pat_rope_ov": 0.571,
    "pat_gram": 0.452,
    "pat_rope_gram": 0.452,
    "pat_freq": 0.595,
    "pat_ctx": 0.595
  },
  "spearman_vs_dce_fw": {
    "fac": 0.952,
    "score": 0.881,
    "pat": 0.714,
    "pat_ov": 0.571,
    "pat_rope": 0.786,
    "pat_rope_ov": 0.714,
    "pat_gram": 0.571,
    "pat_rope_gram": 0.571,
    "pat_freq": 0.905,
    "pat_ctx": 0.905
  }
}