{
  "arms": {
    "svd rank 16": {
      "fac": 0.63657,
      "score": 0.17997,
      "pat": 0.09247,
      "pat_ov": 0.04516,
      "pat_rope": 0.15389,
      "pat_rope_ov": 0.07615,
      "dce_pile": 0.0141,
      "dce_fw": 0.0353
    },
    "svd rank 32": {
      "fac": 0.52126,
      "score": 0.15973,
      "pat": 0.07729,
      "pat_ov": 0.03586,
      "pat_rope": 0.13401,
      "pat_rope_ov": 0.06342,
      "dce_pile": -0.0161,
      "dce_fw": 0.017
    },
    "svd rank 64": {
      "fac": 0.35661,
      "score": 0.12639,
      "pat": 0.05923,
      "pat_ov": 0.02579,
      "pat_rope": 0.1072,
      "pat_rope_ov": 0.04781,
      "dce_pile": -0.0216,
      "dce_fw": 0.0062
    },
    "svd rank 128": {
      "fac": 0.15953,
      "score": 0.06842,
      "pat": 0.03151,
      "pat_ov": 0.01186,
      "pat_rope": 0.06261,
      "pat_rope_ov": 0.02462,
      "dce_pile": -0.0093,
      "dce_fw": 0.0016
    },
    "merge K=2048 per-head-branch": {
      "fac": 0.62719,
      "score": 0.23869,
      "pat": 0.17452,
      "pat_ov": 0.1071,
      "pat_rope": 0.22813,
      "pat_rope_ov": 0.13478,
      "dce_pile": -0.0025,
      "dce_fw": 0.0196
    },
    "dict n=1024 k=8 token-linear": {
      "fac": 0.46385,
      "score": 0.17807,
      "pat": 0.11117,
      "pat_ov": 0.06476,
      "pat_rope": 0.15834,
      "pat_rope_ov": 0.08753,
      "dce_pile": -0.0099,
      "dce_fw": 0.0076
    },
    "dict n=1024 k=8 token-OMP/LS": {
      "fac": 0.41104,
      "score": 0.15195,
      "pat": 0.08779,
      "pat_ov": 0.04945,
      "pat_rope": 0.13249,
      "pat_rope_ov": 0.06908,
      "dce_pile": -0.0107,
      "dce_fw": 0.0059
    },
    "two-stage merge2048 -> OMP dict n=512 k=8": {
      "fac": 0.67652,
      "score": 0.24773,
      "pat": 0.18501,
      "pat_ov": 0.1142,
      "pat_rope": 0.24113,
      "pat_rope_ov": 0.14339,
      "dce_pile": -0.0047,
      "dce_fw": 0.0278
    }
  },
  "spearman_vs_dce_pile": {
    "fac": 0.619,
    "score": 0.643,
    "pat": 0.571,
    "pat_ov": 0.452,
    "pat_rope": 0.548,
    "pat_rope_ov": 0.571
  },
  "spearman_vs_dce_fw": {
    "fac": 0.952,
    "score": 0.881,
    "pat": 0.714,
    "pat_ov": 0.571,
    "pat_rope": 0.786,
    "pat_rope_ov": 0.714
  }
}