{
  "jobs": {
    "n256_k4_s0": {
      "n": 256,
      "k": 4,
      "seed": 0,
      "Mbits": 182.8,
      "pct_raw": 2.46,
      "fvu_lin": 0.5869,
      "dce_lin": 0.0171,
      "dce_omp": 0.0149,
      "ctx_losses": [
        [
          1.293,
          0.3654
        ],
        [
          2.3676,
          0.4595
        ],
        [
          3.363,
          0.4196
        ],
        [
          0.0569,
          0.0104
        ],
        [
          0.6611,
          0.0765
        ],
        [
          3.086,
          0.2523
        ],
        [
          0.1624,
          0.0577
        ],
        [
          1.0735,
          0.0727
        ],
        [
          0.1547,
          0.065
        ]
      ],
      "dce_ctx": 0.0073
    },
    "n512_k4_s0": {
      "n": 512,
      "k": 4,
      "seed": 0,
      "Mbits": 224.1,
      "pct_raw": 3.02,
      "fvu_lin": 0.56908,
      "dce_lin": 0.0144,
      "dce_omp": 0.0124,
      "ctx_losses": [
        [
          1.0086,
          0.3011
        ],
        [
          1.6377,
          0.4434
        ],
        [
          2.7382,
          0.4736
        ],
        [
          0.1089,
          0.0073
        ],
        [
          0.4339,
          0.0661
        ],
        [
          2.0406,
          0.5157
        ],
        [
          0.4053,
          0.0492
        ],
        [
          0.8978,
          0.0665
        ],
        [
          0.1315,
          0.0673
        ]
      ],
      "dce_ctx": 0.0069
    },
    "n1024_k4_s0": {
      "n": 1024,
      "k": 4,
      "seed": 0,
      "Mbits": 303.3,
      "pct_raw": 4.09,
      "fvu_lin": 0.53527,
      "dce_lin": 0.0108,
      "dce_omp": 0.0092,
      "ctx_losses": [
        [
          0.7963,
          0.3174
        ],
        [
          1.3325,
          0.3907
        ],
        [
          2.6154,
          0.4155
        ],
        [
          0.0707,
          0.0087
        ],
        [
          0.33,
          0.0648
        ],
        [
          1.8642,
          0.1335
        ],
        [
          0.1241,
          0.0425
        ],
        [
          0.8508,
          0.0594
        ],
        [
          0.0836,
          0.0525
        ]
      ],
      "dce_ctx": 0.007
    },
    "n1024_k8_s0": {
      "n": 1024,
      "k": 8,
      "seed": 0,
      "Mbits": 455.4,
      "pct_raw": 6.14,
      "fvu_lin": 0.45249,
      "dce_lin": 0.0076,
      "dce_omp": 0.0059,
      "ctx_losses": [
        [
          0.7013,
          0.2301
        ],
        [
          1.2216,
          0.5326
        ],
        [
          1.3546,
          0.3274
        ],
        [
          0.0273,
          0.0069
        ],
        [
          0.2302,
          0.0607
        ],
        [
          1.2877,
          0.2486
        ],
        [
          0.0789,
          0.0363
        ],
        [
          0.2903,
          0.0637
        ],
        [
          0.0716,
          0.0417
        ]
      ],
      "dce_ctx": 0.0054
    },
    "n2048_k8_s0": {
      "n": 2048,
      "k": 8,
      "seed": 0,
      "Mbits": 613.6,
      "pct_raw": 8.27,
      "fvu_lin": 0.42969,
      "dce_lin": 0.0065,
      "dce_omp": 0.0044,
      "ctx_losses": [
        [
          0.6004,
          0.2398
        ],
        [
          0.8146,
          0.3673
        ],
        [
          1.6525,
          0.4665
        ],
        [
          0.0382,
          0.0042
        ],
        [
          0.1884,
          0.057
        ],
        [
          1.0633,
          0.3259
        ],
        [
          0.2048,
          0.04
        ],
        [
          0.2167,
          0.0644
        ],
        [
          0.058,
          0.043
        ]
      ],
      "dce_ctx": 0.0051
    },
    "n4096_k8_s0": {
      "n": 4096,
      "k": 8,
      "seed": 0,
      "Mbits": 922.9,
      "pct_raw": 12.44,
      "fvu_lin": 0.38392,
      "dce_lin": 0.0043,
      "dce_omp": 0.0034,
      "ctx_losses": [
        [
          0.5544,
          0.3316
        ],
        [
          0.6875,
          0.3023
        ],
        [
          0.9841,
          0.3163
        ],
        [
          0.0119,
          0.0053
        ],
        [
          0.1327,
          0.0483
        ],
        [
          0.9631,
          0.4516
        ],
        [
          0.0969,
          0.0432
        ],
        [
          0.1886,
          0.0468
        ],
        [
          0.0506,
          0.0414
        ]
      ],
      "dce_ctx": 0.0042
    },
    "n8192_k8_s0": {
      "n": 8192,
      "k": 8,
      "seed": 0,
      "Mbits": 1534.1,
      "pct_raw": 20.68,
      "fvu_lin": 1.18148,
      "dce_lin": 0.0149,
      "dce_omp": 0.002,
      "ctx_losses": [
        [
          0.573,
          0.2065
        ],
        [
          0.4792,
          0.3115
        ],
        [
          1.0933,
          0.3617
        ],
        [
          0.0181,
          0.0194
        ],
        [
          0.1012,
          0.0429
        ],
        [
          0.6859,
          0.4321
        ],
        [
          0.3744,
          0.0291
        ],
        [
          0.255,
          0.0464
        ],
        [
          0.0289,
          0.0382
        ]
      ],
      "dce_ctx": 0.0053
    },
    "n4096_k16_s0": {
      "n": 4096,
      "k": 16,
      "seed": 0,
      "Mbits": 1241.6,
      "pct_raw": 16.74,
      "fvu_lin": 0.29063,
      "dce_lin": 0.0031,
      "dce_omp": 0.0018,
      "ctx_losses": [
        [
          0.317,
          0.1671
        ],
        [
          0.5286,
          0.42
        ],
        [
          1.1066,
          0.3372
        ],
        [
          0.0123,
          0.0182
        ],
        [
          0.171,
          0.0452
        ],
        [
          0.6098,
          0.0667
        ],
        [
          0.0632,
          0.0253
        ],
        [
          0.222,
          0.0739
        ],
        [
          0.0389,
          0.0321
        ]
      ],
      "dce_ctx": 0.0052
    },
    "n512_k4_s1": {
      "n": 512,
      "k": 4,
      "seed": 1,
      "Mbits": 224.1,
      "pct_raw": 3.02,
      "fvu_lin": 0.56343,
      "dce_lin": 0.0147,
      "ctx_losses": [
        [
          1.5923,
          1.4513
        ],
        [
          0.9481,
          0.3122
        ],
        [
          1.2848,
          0.2779
        ],
        [
          0.0524,
          0.0191
        ],
        [
          0.854,
          0.07
        ],
        [
          2.0861,
          0.1065
        ],
        [
          0.3017,
          0.1543
        ],
        [
          0.4873,
          0.059
        ],
        [
          0.38,
          0.0682
        ]
      ],
      "dce_ctx": 0.0076
    },
    "n1024_k8_s1": {
      "n": 1024,
      "k": 8,
      "seed": 1,
      "Mbits": 455.4,
      "pct_raw": 6.14,
      "fvu_lin": 0.45035,
      "dce_lin": 0.0074,
      "ctx_losses": [
        [
          0.6352,
          0.2836
        ],
        [
          0.7805,
          0.2242
        ],
        [
          0.5604,
          0.2569
        ],
        [
          0.0288,
          0.02
        ],
        [
          0.4389,
          0.0872
        ],
        [
          1.4615,
          0.0885
        ],
        [
          0.1964,
          0.1307
        ],
        [
          0.2784,
          0.0956
        ],
        [
          0.1817,
          0.0273
        ]
      ],
      "dce_ctx": 0.0061
    },
    "n4096_k8_s1": {
      "n": 4096,
      "k": 8,
      "seed": 1,
      "Mbits": 922.9,
      "pct_raw": 12.44,
      "fvu_lin": 0.37525,
      "dce_lin": 0.0046,