{
  "h0_m2048": 0.0546,
  "h4_m2048": 0.0571,
  "cross_slice_core_cosine": {
    "h0": 0.985,
    "h1": 0.98244,
    "h2": 0.9947,
    "h3": 0.98838,
    "h4": 0.99331,
    "h5": 0.99406,
    "h6": 0.99135,
    "h7": 0.98916,
    "h8": 0.9934
  }
}