{
  "arms": {
    "SELF k=256 (cross+pair exact)": 0.09714680910110474,
    "SELF k=1024 (cross+pair exact)": 0.05637991428375244,
    "SELF k=4096 (cross+pair exact)": 0.03002643585205078
  },
  "baseline_ce": 3.2341102361679077,
  "gate_diff": 1.1920928955078125e-07
}