{
  "baseline_ce": 3.2341102361679077,
  "arms": {
    "qk_perhead256": 0.008220255374908447,
    "ov_own256": 1.3833755254745483,
    "ov_qkclasses256": 1.8126897811889648,
    "qk_global256": 0.05056023597717285,
    "ov_global256": 2.4722520112991333,
    "both_global256": 2.7772496938705444,
    "both_global4096": 1.3735225200653076
  }
}