{
  "baseline_ce": 3.3717273473739624,
  "l2_qk": 0.11597859859466553,
  "l2_ov": 0.22046291828155518,
  "l2_qk+ov": 0.2753857374191284,
  "ce_trained_grand": 0.18802058696746826
}