{
  "baseline_ce": 3.2341102361679077,
  "arms": {
    "joint svd4": {
      "dce": 0.016349613666534424,
      "ratio": 0.03133013776240458
    },
    "joint svd16": {
      "dce": 0.004510283470153809,
      "ratio": 0.1253205510496183
    },
    "joint svd64": {
      "dce": -0.012414634227752686,
      "ratio": 0.5012822041984732
    },
    "joint band8": {
      "dce": 2.4214982986450195,
      "ratio": 0.125
    },
    "joint band24": {
      "dce": 0.39130091667175293,
      "ratio": 0.375
    },
    "joint band48": {
      "dce": 0.005177557468414307,
      "ratio": 0.75
    },
    "joint positional": {
      "dce": 1.4692475199699402,
      "ratio": 7.943888656965648e-05
    },
    "joint zero": {
      "dce": 2.49499773979187,
      "ratio": 0.0
    }
  }
}