{
  "baseline_ce": 3.2348766922950745,
  "runs": {
    "vq16": {
      "dce_before": 0.04380178451538086,
      "dce_after": -0.01873844861984253,
      "dl_bits": 5981184.0,
      "ratio": 0.0008063474077608143
    },
    "vq64": {
      "dce_before": 0.015047967433929443,
      "dce_after": -0.03169339895248413,
      "dl_bits": 14870016.0,
      "ratio": 0.002004686506043257
    },
    "vq256": {
      "dce_before": 0.008200883865356445,
      "dce_after": -0.038489580154418945,
      "dl_bits": 44992512.0,
      "ratio": 0.006065621024173028
    }
  }
}