{
  "posavg H0.b1 (L0H1-fed)": -0.009224295616149902,
  "posavg H0 both branches": 0.004366457462310791,
  "posavg H3 both branches": 0.011028409004211426,
  "posavg H0.b1 + H3.b2 (both L0H1-fed)": -0.4866139888763428,
  "posavg H0.b2 + H3.b1 (both diffuse)": -0.13800030946731567,
  "posavg all four": -0.5170723348855972
}