{
  "L0H0b1": {
    "eps_max": 1.787241816520691,
    "eps_mean": 1.2992639541625977,
    "score_scale": 0.9999998211860657
  },
  "L0H1b1": {
    "eps_max": 1.7710247039794922,
    "eps_mean": 1.286531925201416,
    "score_scale": 0.9999998211860657
  },
  "L0H2b1": {
    "eps_max": 1.836052417755127,
    "eps_mean": 1.302299976348877,
    "score_scale": 0.9999998211860657
  },
  "L0H3b1": {
    "eps_max": 2.242894411087036,
    "eps_mean": 0.7125005722045898,
    "score_scale": 0.9999998211860657
  },
  "L0H4b1": {
    "eps_max": 2.1325395107269287,
    "eps_mean": 1.1590744256973267,
    "score_scale": 0.9999998211860657
  },
  "L0H5b1": {
    "eps_max": 1.8447380065917969,
    "eps_mean": 1.2824891805648804,
    "score_scale": 0.9999998211860657
  },
  "L0H6b1": {
    "eps_max": 2.043142795562744,
    "eps_mean": 1.2808432579040527,
    "score_scale": 0.9999998211860657
  },
  "L0H7b1": {
    "eps_max": 2.0063729286193848,
    "eps_mean": 1.138920783996582,
    "score_scale": 0.9999998211860657
  },
  "L0H8b1": {
    "eps_max": 1.9928562641143799,
    "eps_mean": 1.2915945053100586,
    "score_scale": 0.9999998211860657
  },
  "L0H0b2": {
    "eps_max": 1.8853800296783447,
    "eps_mean": 1.2820725440979004,
    "score_scale": 0.9999998211860657
  },
  "L0H1b2": {
    "eps_max": 1.7295945882797241,
    "eps_mean": 1.289156436920166,
    "score_scale": 0.9999998211860657
  },
  "L0H2b2": {
    "eps_max": 1.8796075582504272,
    "eps_mean": 1.3002943992614746,
    "score_scale": 0.9999998211860657
  },
  "L0H3b2": {
    "eps_max": 2.009982109069824,
    "eps_mean": 1.115751028060913,
    "score_scale": 0.9999998211860657
  },
  "L0H4b2": {
    "eps_max": 2.0448479652404785,
    "eps_mean": 1.1744742393493652,
    "score_scale": 0.9999998211860657
  },
  "L0H5b2": {
    "eps_max": 1.8037222623825073,
    "eps_mean": 1.2808386087417603,
    "score_scale": 0.9999998211860657
  },
  "L0H6b2": {
    "eps_max": 1.9627116918563843,
    "eps_mean": 1.3049324750900269,
    "score_scale": 0.9999998211860657
  },
  "L0H7b2": {
    "eps_max": 2.1787848472595215,
    "eps_mean": 1.1580331325531006,
    "score_scale": 0.9999998211860657
  },
  "L0H8b2": {
    "eps_max": 2.206501007080078,
    "eps_mean": 1.1918201446533203,
    "score_scale": 0.9999998211860657
  }
}