{
  "attn2-mix10-seed0": {
    "pattern_err": 1.5543122344752192e-15,
    "branch_errs": [
      5.684341886080802e-14,
      4.263256414560601e-14
    ],
    "gauge_err": 8.881784197001252e-16,
    "manual_norm_err": 8.881784197001252e-16,
    "analytic_omega_deviation": 0.00014616784608278977,
    "GATE": "PASS"
  },
  "band_profile_attn2-mix10-seed0_L0": {
    "L0H0_b1": {
      "top_bands": [
        7,
        8,
        9
      ],
      "top_frac": [
        0.154,
        0.102,
        0.081
      ]
    },
    "L0H1_b1": {
      "top_bands": [
        6,
        5,
        4
      ],
      "top_frac": [
        0.28,
        0.149,
        0.14
      ]
    },
    "L0H2_b1": {
      "top_bands": [
        7,
        6,
        8
      ],
      "top_frac": [
        0.424,
        0.174,
        0.069
      ]
    },
    "L0H3_b1": {
      "top_bands": [
        7,
        6,
        9
      ],
      "top_frac": [
        0.202,
        0.181,
        0.16
      ]
    },
    "L0H0_b2": {
      "top_bands": [
        7,
        6,
        9
      ],
      "top_frac": [
        0.315,
        0.158,
        0.1
      ]
    },
    "L0H1_b2": {
      "top_bands": [
        7,
        6,
        9
      ],
      "top_frac": [
        0.573,
        0.237,
        0.113
      ]
    },
    "L0H2_b2": {
      "top_bands": [
        7,
        6,
        8
      ],
      "top_frac": [
        0.126,
        0.106,
        0.097
      ]
    },
    "L0H3_b2": {
      "top_bands": [
        8,
        6,
        5
      ],
      "top_frac": [
        0.232,
        0.149,
        0.117
      ]
    }
  },
  "attn2-dense-seed0": {
    "pattern_err": 3.552713678800501e-15,
    "branch_errs": [
      1.4210854715202004e-13,
      8.526512829121202e-14
    ],
    "gauge_err": 3.552713678800501e-15,
    "manual_norm_err": 8.881784197001252e-16,
    "analytic_omega_deviation": 4.9409584860882205e-05,
    "GATE": "PASS"
  },
  "attn1-seed0": {
    "pattern_err": 2.6645352591003757e-15,
    "branch_errs": [
      8.526512829121202e-14,
      1.1368683772161603e-13
    ],
    "gauge_err": 1.7763568394002505e-15,
    "manual_norm_err": 8.881784197001252e-16,
    "analytic_omega_deviation": 0.00023050079233399856,
    "GATE": "PASS"
  }
}