{
  "bilin18": {
    "ce_bf16_tables": 5.49665367603302,
    "ce_exact_tables": 5.496359407901764,
    "params_M": 545.902902
  },
  "sqrd12": {
    "ce_bf16_tables": 3.496691018342972,
    "ce_exact_tables": 3.496698707342148,
    "params_M": 162.210852
  }
}