{
  "L1H0b1 sign+": 0.4443359375,
  "L1H0b1 sign-": 0.0003906250058207661,
  "L1H3b2 sign+": 0.0003906250058207661,
  "L1H3b2 sign-": 0.42265626788139343
}