{
  "model": "attn2-s30k-mix50-rp-dense-seed0",
  "n_covered": 5120,
  "chance": 0.0001953125,
  "table": {
    "L1H0_b1_total": {
      "identity_hit_rate": 0.46074220538139343,
      "diag_zscore": 3.234598159790039
    },
    "L1H0_b1_direct": {
      "identity_hit_rate": 0.00019531250291038305,
      "diag_zscore": 0.03531140461564064
    },
    "L1H0_b1_L0H0": {
      "identity_hit_rate": 0.00019531250291038305,
      "diag_zscore": 0.006614889483898878
    },
    "L1H0_b1_L0H1": {
      "identity_hit_rate": 0.4443359375,
      "diag_zscore": 3.241262912750244
    },
    "L1H0_b1_L0H2": {
      "identity_hit_rate": 0.00019531250291038305,
      "diag_zscore": -0.020344389602541924
    },
    "L1H0_b1_L0H3": {
      "identity_hit_rate": 0.00019531250291038305,
      "diag_zscore": 0.010329446755349636
    },
    "L1H0_b2_total": {
      "identity_hit_rate": 0.00019531250291038305,
      "diag_zscore": 0.035465534776449203
    },
    "L1H0_b2_direct": {
      "identity_hit_rate": 0.00019531250291038305,
      "diag_zscore": -0.005446194671094418
    },
    "L1H0_b2_L0H0": {
      "identity_hit_rate": 0.00019531250291038305,
      "diag_zscore": 0.010338456369936466
    },
    "L1H0_b2_L0H1": {
      "identity_hit_rate": 0.00019531250291038305,
      "diag_zscore": 0.08897744864225388
    },
    "L1H0_b2_L0H2": {
      "identity_hit_rate": 0.00019531250291038305,
      "diag_zscore": -0.0029455272015184164
    },
    "L1H0_b2_L0H3": {
      "identity_hit_rate": 0.0,
      "diag_zscore": -0.017050087451934814
    },
    "L1H3_b1_total": {
      "identity_hit_rate": 0.00019531250291038305,
      "diag_zscore": 0.015881812199950218
    },
    "L1H3_b1_direct": {
      "identity_hit_rate": 0.0,
      "diag_zscore": -0.0012555635767057538
    },
    "L1H3_b1_L0H0": {
      "identity_hit_rate": 0.00019531250291038305,
      "diag_zscore": 0.009951469488441944
    },
    "L1H3_b1_L0H1": {
      "identity_hit_rate": 0.0,
      "diag_zscore": 0.035628851503133774
    },
    "L1H3_b1_L0H2": {
      "identity_hit_rate": 0.0,
      "diag_zscore": -0.011900147423148155
    },
    "L1H3_b1_L0H3": {
      "identity_hit_rate": 0.00019531250291038305,
      "diag_zscore": -0.022251954302191734
    },
    "L1H3_b2_total": {
      "identity_hit_rate": 0.0003906250058207661,
      "diag_zscore": -3.207305908203125
    },
    "L1H3_b2_direct": {
      "identity_hit_rate": 0.00019531250291038305,
      "diag_zscore": -0.028617842122912407
    },
    "L1H3_b2_L0H0": {
      "identity_hit_rate": 0.0003906250058207661,
      "diag_zscore": 0.0038941854145377874
    },
    "L1H3_b2_L0H1": {
      "identity_hit_rate": 0.0003906250058207661,
      "diag_zscore": -3.2215287685394287
    },
    "L1H3_b2_L0H2": {
      "identity_hit_rate": 0.00019531250291038305,
      "diag_zscore": -0.002011248841881752
    },
    "L1H3_b2_L0H3": {
      "identity_hit_rate": 0.0,
      "diag_zscore": -0.03105255961418152
    }
  }
}