{
  "baseline_ce": 3.2348766922950745,
  "runs": {
    "vq64": {
      "dce_before": 0.015179336071014404,
      "dce_after": -0.0071617960929870605,
      "dl_bits": 14870016.0,
      "ratio": 0.002004686506043257
    }
  }
}