{
  "baseline": 3.2341102361679077,
  "zeros_only": 0.11450803279876709
}