{"0": 1.0, "1": 0.9996738953203979, "2": 0.2513157894736842, "3": 0.2544437129690586}