{"0": 1.0, "1": 0.9869558128159139, "2": 0.2574013157894737, "3": 0.2567478604344964}