{"step": [0, 200, 400, 600, 800, 1000, 1200, 1400, 1600, 1800, 2000, 2200, 2400, 2600, 2800, 3000, 3200, 3400, 3600, 3800, 4000, 4200, 4400, 4600, 4800, 5000, 5200, 5400, 5600, 5800, 6000, 6200, 6400, 6600, 6800, 7000, 7200, 7400, 7600, 7800, 8000], "loss": [4.652043342590332, 4.4576416015625, 4.0532917976379395, 3.9283812046051025, 3.8701043128967285, 3.8327834606170654, 3.794905662536621, 3.7995805740356445, 3.811373710632324, 3.7786269187927246, 3.82810115814209, 3.771210193634033, 3.7559852600097656, 3.772496223449707, 3.7444093227386475, 3.712907552719116, 3.745187997817993, 3.7463302612304688, 3.7288331985473633, 3.7234504222869873, 3.7504167556762695, 3.724870204925537, 3.7167279720306396, 3.736398935317993, 3.7185752391815186, 3.720806837081909, 3.7410643100738525, 3.7139739990234375, 3.713858127593994, 3.693122625350952, 3.7197868824005127, 3.723802328109741, 3.7548980712890625, 3.730454206466675, 3.7243411540985107, 3.682985305786133, 3.7018144130706787, 3.730564594268799, 3.7294933795928955, 3.7239551544189453, 3.732442617416382], "legal|in": [0.041379593312740326, 0.3076402544975281, 0.41668716073036194, 0.47416338324546814, 0.5082840919494629, 0.5279691815376282, 0.5363968014717102, 0.5469365119934082, 0.5555897355079651, 0.5626025199890137, 0.5696768164634705, 0.5742905139923096, 0.5788426995277405, 0.581159770488739, 0.5862860679626465, 0.5884391665458679, 0.587988018989563, 0.5906947255134583, 0.5970718264579773, 0.595492959022522, 0.5958415269851685, 0.5986917614936829, 0.6014599800109863, 0.602239191532135, 0.6031209230422974, 0.6048843264579773, 0.6042076945304871, 0.604986846446991, 0.604986846446991, 0.6051099300384521, 0.6060531735420227, 0.607406497001648, 0.6064837574958801, 0.6077755689620972, 0.6070784330368042, 0.6074270009994507, 0.607324481010437, 0.6073449850082397, 0.6075705289840698, 0.6075705289840698, 0.6075705289840698], "mass|in": [0.040185362100601196, 0.07945546507835388, 0.1622152030467987, 0.2009260654449463, 0.217654287815094, 0.2251884937286377, 0.2321116328239441, 0.2391282320022583, 0.24142475426197052, 0.24469198286533356, 0.24931317567825317, 0.2527759373188019, 0.2561018764972687, 0.25944212079048157, 0.25937679409980774, 0.26087555289268494, 0.26214444637298584, 0.2643947899341583, 0.2639803886413574, 0.2663145661354065, 0.26875221729278564, 0.26905977725982666, 0.2703210115432739, 0.2716245949268341, 0.2707712650299072, 0.27185800671577454, 0.2729557752609253, 0.27356070280075073, 0.2737525999546051, 0.2739996016025543, 0.274576336145401, 0.27433550357818604, 0.27436363697052, 0.27525636553764343, 0.27439239621162415, 0.2753632664680481, 0.27531468868255615, 0.2753508687019348, 0.2754092812538147, 0.27538001537323, 0.2753787934780121], "legal|ood 5x5": [0.037975721061229706, 0.17601706087589264, 0.3023703992366791, 0.377542644739151, 0.4166666567325592, 0.44365158677101135, 0.4548884630203247, 0.4721948802471161, 0.4794127345085144, 0.48699966073036194, 0.5002460479736328, 0.5022555589675903, 0.5096374750137329, 0.510539710521698, 0.5182906985282898, 0.5159940719604492, 0.5238680839538574, 0.5260826945304871, 0.5310039520263672, 0.5316190719604492, 0.5335875749588013, 0.5349819660186768, 0.538385808467865, 0.5427329540252686, 0.5428969860076904, 0.544824481010437, 0.5446604490280151, 0.5437992215156555, 0.5467519760131836, 0.5484334230422974, 0.5474081635475159, 0.5483513474464417, 0.548843502998352, 0.5506069660186768, 0.549909770488739, 0.5501558184623718, 0.5505249500274658, 0.5502378344535828, 0.5500327944755554, 0.5505249500274658, 0.5505659580230713], "mass|ood 5x5": [0.03985811397433281, 0.052741169929504395, 0.08984407782554626, 0.11467490345239639, 0.12551911175251007, 0.1308283805847168, 0.13482671976089478, 0.13939516246318817, 0.14086034893989563, 0.14232288300991058, 0.14491605758666992, 0.147380992770195, 0.14921459555625916, 0.15127882361412048, 0.15186336636543274, 0.1522977501153946, 0.15298685431480408, 0.15424637496471405, 0.15404483675956726, 0.15544016659259796, 0.15695053339004517, 0.1570187211036682, 0.15791945159435272, 0.15874579548835754, 0.15833398699760437, 0.15865939855575562, 0.1592615842819214, 0.15965129435062408, 0.1598879098892212, 0.15974706411361694, 0.16026492416858673, 0.1599523425102234, 0.1598653644323349, 0.16071057319641113, 0.16012100875377655, 0.16063813865184784, 0.16066314280033112, 0.16069626808166504, 0.1607448309659958, 0.16073256731033325, 0.16073212027549744], "legal|ood 6x6": [0.042117781937122345, 0.141117125749588, 0.2835465967655182, 0.360359251499176, 0.4048556387424469, 0.43085628747940063, 0.44861385226249695, 0.4598507285118103, 0.4710055887699127, 0.4796997904777527, 0.49306923151016235, 0.4966781437397003, 0.5053313374519348, 0.509104311466217, 0.5171834230422974, 0.5173884630203247, 0.5232119560241699, 0.5259186625480652, 0.5330544710159302, 0.5330134630203247, 0.5385498404502869, 0.539452075958252, 0.545439600944519, 0.5460547804832458, 0.5487204790115356, 0.5492535829544067, 0.5516322255134583, 0.5524934530258179, 0.5528215169906616, 0.5542158484458923, 0.5549540519714355, 0.5552821755409241, 0.5556922554969788, 0.5572916865348816, 0.5572506785392761, 0.5572096705436707, 0.5570045709609985, 0.5575787425041199, 0.5575377345085144, 0.5576197504997253, 0.5576607584953308], "mass|ood 6x6": [0.04004915803670883, 0.04823281243443489, 0.07675723731517792, 0.09490201622247696, 0.1046619862318039, 0.10954688489437103, 0.11333925276994705, 0.11772371828556061, 0.11855778843164444, 0.1204344853758812, 0.12251942604780197, 0.12448050081729889, 0.12612846493721008, 0.12771637737751007, 0.1279534101486206, 0.12841291725635529, 0.12930479645729065, 0.1302192509174347, 0.13013587892055511, 0.1307794153690338, 0.13227109611034393, 0.1323169618844986, 0.13329237699508667, 0.13410243391990662, 0.13357718288898468, 0.13388441503047943, 0.13437572121620178, 0.13465999066829681, 0.13492365181446075, 0.1350000947713852, 0.13530009984970093, 0.13497865200042725, 0.13502810895442963, 0.13571201264858246, 0.1352134793996811, 0.13557589054107666, 0.13559113442897797, 0.13558952510356903, 0.13565710186958313, 0.13564275205135345, 0.1356441229581833], "config": {"topology": "torus", "n_layer": 1, "d_model": 32, "n_params": 12544}}