{"step": [0, 200, 400, 600, 800, 1000, 1200, 1400, 1600, 1800, 2000, 2200, 2400, 2600, 2800, 3000, 3200, 3400, 3600, 3800, 4000, 4200, 4400, 4600, 4800, 5000, 5200, 5400, 5600, 5800, 6000, 6200, 6400, 6600, 6800, 7000, 7200, 7400, 7600, 7800, 8000], "loss": [4.652084827423096, 3.6650025844573975, 3.199640989303589, 3.170522689819336, 3.133612871170044, 3.1253809928894043, 3.1124472618103027, 3.1327669620513916, 3.1182656288146973, 3.1016576290130615, 3.090475559234619, 3.0950236320495605, 3.082878589630127, 3.089862585067749, 3.0877604484558105, 3.0853586196899414, 3.0949618816375732, 3.0781519412994385, 3.0873584747314453, 3.082632303237915, 3.0773003101348877, 3.070728063583374, 3.068873405456543, 3.0798559188842773, 3.0784029960632324, 3.0646188259124756, 3.0832488536834717, 3.069960594177246, 3.0661792755126953, 3.070969343185425, 3.0703516006469727, 3.0670950412750244, 3.064178228378296, 3.065751314163208, 3.0727202892303467, 3.065523147583008, 3.0594801902770996, 3.081031560897827, 3.0780155658721924, 3.049964666366577, 3.0712010860443115], "legal|in": [0.035310037434101105, 0.5826361775398254, 0.7542855739593506, 0.7831364870071411, 0.7904773354530334, 0.7970390319824219, 0.8012425899505615, 0.8032726645469666, 0.8126845359802246, 0.8088295459747314, 0.8123769760131836, 0.8149195909500122, 0.8164575099945068, 0.8189591765403748, 0.8212762475013733, 0.8224040269851685, 0.8241879940032959, 0.8260129690170288, 0.8245980739593506, 0.8221169710159302, 0.826751172542572, 0.8273457884788513, 0.8253362774848938, 0.8260129690170288, 0.8256233334541321, 0.8283915519714355, 0.8287606835365295, 0.8292732834815979, 0.8312212824821472, 0.8323695659637451, 0.8316314220428467, 0.8317749500274658, 0.8350352644920349, 0.8337844610214233, 0.8323490619659424, 0.8322670459747314, 0.8339074850082397, 0.8334563374519348, 0.8330667614936829, 0.833579421043396, 0.8336614370346069], "mass|in": [0.03060922399163246, 0.27132710814476013, 0.4110194742679596, 0.4392455220222473, 0.4382259249687195, 0.45054763555526733, 0.4518563151359558, 0.45673298835754395, 0.46100252866744995, 0.4559306502342224, 0.46053844690322876, 0.4624454379081726, 0.46775150299072266, 0.4670647978782654, 0.4633598327636719, 0.4680691063404083, 0.46544113755226135, 0.47115853428840637, 0.46961089968681335, 0.47146061062812805, 0.4721086919307709, 0.4768396317958832, 0.472192645072937, 0.47397109866142273, 0.4721541106700897, 0.4753027856349945, 0.4736754298210144, 0.4756268560886383, 0.47621333599090576, 0.4753885865211487, 0.4761245846748352, 0.4748471975326538, 0.47681593894958496, 0.47683995962142944, 0.4767437279224396, 0.4769328236579895, 0.4768233299255371, 0.476413369178772, 0.4767061173915863, 0.47709307074546814, 0.47711172699928284], "legal|ood 5x5": [0.029322506859898567, 0.532316267490387, 0.764558732509613, 0.7996637225151062, 0.8093011975288391, 0.8181594610214233, 0.8248851895332336, 0.8259514570236206, 0.8305445909500122, 0.8342355489730835, 0.8432988524436951, 0.8441600799560547, 0.8439960479736328, 0.8469898104667664, 0.8398540019989014, 0.8442420959472656, 0.8519110679626465, 0.8502296805381775, 0.8540436029434204, 0.8505987524986267, 0.8537155389785767, 0.8586778044700623, 0.8500655889511108, 0.851952075958252, 0.8499425649642944, 0.8547407984733582, 0.858390748500824, 0.8597850799560547, 0.8581857085227966, 0.8606052994728088, 0.8590059280395508, 0.8608924150466919, 0.8624507784843445, 0.8638041019439697, 0.8597030639648438, 0.8611794710159302, 0.8617535829544067, 0.8612614870071411, 0.860441267490387, 0.8609334230422974, 0.8609334230422974], "mass|ood 5x5": [0.03347161412239075, 0.16895143687725067, 0.26740050315856934, 0.28543180227279663, 0.28023940324783325, 0.291850745677948, 0.2896398603916168, 0.29344549775123596, 0.2956671118736267, 0.2894982099533081, 0.2957441210746765, 0.29565536975860596, 0.3012232780456543, 0.3008754551410675, 0.29554542899131775, 0.300942599773407, 0.2968118488788605, 0.3039282560348511, 0.30190831422805786, 0.30207931995391846, 0.30363741517066956, 0.307290256023407, 0.3022306561470032, 0.3038173019886017, 0.3012695610523224, 0.30452749133110046, 0.3037775456905365, 0.30463916063308716, 0.3044090270996094, 0.30392569303512573, 0.3047735393047333, 0.3035697937011719, 0.30555716156959534, 0.3051799535751343, 0.3048904240131378, 0.3051220178604126, 0.3050801455974579, 0.3047538697719574, 0.3050059974193573, 0.3053385615348816, 0.30535000562667847], "legal|ood 6x6": [0.035310037434101105, 0.5278871655464172, 0.7780922055244446, 0.81697016954422, 0.8284940719604492, 0.8382545709609985, 0.8440780639648438, 0.8462516665458679, 0.852321207523346, 0.85490483045578, 0.8631889820098877, 0.8652805089950562, 0.8631069660186768, 0.8651984930038452, 0.861343502998352, 0.8654855489730835, 0.8681512475013733, 0.8722112774848938, 0.8736056685447693, 0.8723753094673157, 0.8731955289840698, 0.8757382035255432, 0.8690534830093384, 0.871514081954956, 0.8720062375068665, 0.8778707385063171, 0.8760252594947815, 0.876968502998352, 0.8764353394508362, 0.881151556968689, 0.8796342015266418, 0.8793060779571533, 0.882135808467865, 0.8804133534431458, 0.8780757784843445, 0.8788549900054932, 0.880454421043396, 0.8803313374519348, 0.8797572255134583, 0.8802903294563293, 0.8801673054695129], "mass|ood 6x6": [0.03490399569272995, 0.14793898165225983, 0.23230260610580444, 0.24926280975341797, 0.24171984195709229, 0.2504749000072479, 0.24766536056995392, 0.25037217140197754, 0.25303640961647034, 0.24757209420204163, 0.252454936504364, 0.2520975172519684, 0.2566719055175781, 0.25690627098083496, 0.25193849205970764, 0.2562638819217682, 0.25401827692985535, 0.2588750123977661, 0.25701937079429626, 0.2567734122276306, 0.25742307305336, 0.26211628317832947, 0.25736501812934875, 0.2578641176223755, 0.25617697834968567, 0.25877970457077026, 0.25797906517982483, 0.25827980041503906, 0.2591586709022522, 0.2584556043148041, 0.2590686082839966, 0.25774455070495605, 0.2593323588371277, 0.25931426882743835, 0.2588895559310913, 0.2590694725513458, 0.25895974040031433, 0.25860458612442017, 0.2588752210140228, 0.25914865732192993, 0.2591591477394104], "config": {"topology": "grid", "n_layer": 1, "d_model": 128, "n_params": 123904}}