{"step": [0, 200, 400, 600, 800, 1000, 1200, 1400, 1600, 1800, 2000, 2200, 2400, 2600, 2800, 3000, 3200, 3400, 3600, 3800, 4000, 4200, 4400, 4600, 4800, 5000, 5200, 5400, 5600, 5800, 6000, 6200, 6400, 6600, 6800, 7000, 7200, 7400, 7600, 7800, 8000, 8200, 8400, 8600, 8800, 9000, 9200, 9400, 9600, 9800, 10000, 10200, 10400, 10600, 10800, 11000, 11200, 11400, 11600, 11800, 12000, 12200, 12400, 12600, 12800, 13000, 13200, 13400, 13600, 13800, 14000, 14200, 14400, 14600, 14800, 15000, 15200, 15400, 15600, 15800, 16000, 16200, 16400, 16600, 16800, 17000, 17200, 17400, 17600, 17800, 18000, 18200, 18400, 18600, 18800, 19000, 19200, 19400, 19600, 19800, 20000], "loss": [4.615816593170166, 3.985032320022583, 3.4707441329956055, 3.350609064102173, 3.312570810317993, 3.297534942626953, 3.2841885089874268, 3.2805068492889404, 3.270747423171997, 3.2551162242889404, 3.2473456859588623, 3.2455649375915527, 3.2180233001708984, 3.20782732963562, 3.1689040660858154, 3.159947156906128, 3.152313709259033, 3.1363017559051514, 3.1236345767974854, 3.1160764694213867, 3.1035192012786865, 3.0991530418395996, 3.09846830368042, 3.0978946685791016, 3.1079773902893066, 3.081925868988037, 3.094796895980835, 3.0862650871276855, 3.069760799407959, 3.0803301334381104, 3.078028917312622, 3.06341552734375, 3.0798659324645996, 3.059159278869629, 3.0590922832489014, 3.0469069480895996, 3.0512428283691406, 3.044250965118408, 3.048081636428833, 3.0467920303344727, 3.038856267929077, 3.0336506366729736, 3.026578426361084, 3.026998996734619, 3.0182571411132812, 3.0238800048828125, 3.0228075981140137, 3.0233380794525146, 3.003046989440918, 3.005363941192627, 2.999504566192627, 2.992048740386963, 2.981889009475708, 2.9822208881378174, 2.967987537384033, 2.9664978981018066, 2.963623285293579, 2.9411427974700928, 2.9311556816101074, 2.9269051551818848, 2.918358564376831, 2.902426242828369, 2.89789080619812, 2.8861258029937744, 2.8923187255859375, 2.8756375312805176, 2.8714163303375244, 2.847686529159546, 2.849766731262207, 2.8505916595458984, 2.8571066856384277, 2.838412284851074, 2.8326399326324463, 2.8333022594451904, 2.8385674953460693, 2.80607533454895, 2.8190479278564453, 2.8160183429718018, 2.8136072158813477, 2.8109042644500732, 2.801760196685791, 2.800414562225342, 2.8050360679626465, 2.7837040424346924, 2.798384189605713, 2.8031113147735596, 2.8026695251464844, 2.7964184284210205, 2.79004168510437, 2.7924113273620605, 2.790675640106201, 2.788097381591797, 2.8065927028656006, 2.7879648208618164, 2.791856288909912, 2.7860937118530273, 2.794839382171631, 2.782033920288086, 2.78216290473938, 2.805351495742798, 2.7836170196533203], "legal|in": [0.043450623750686646, 0.4335629940032959, 0.6129019260406494, 0.6384719610214233, 0.656926691532135, 0.6687172055244446, 0.6839525699615479, 0.6905962824821472, 0.6902682185173035, 0.7030634880065918, 0.714730978012085, 0.7092150449752808, 0.7202058434486389, 0.7248605489730835, 0.7316272854804993, 0.7446891665458679, 0.7488517165184021, 0.7410392165184021, 0.7615034580230713, 0.7523170709609985, 0.755085289478302, 0.7535884380340576, 0.7696030139923096, 0.7726377844810486, 0.7585507035255432, 0.7631848454475403, 0.7733759880065918, 0.7819676995277405, 0.7516199350357056, 0.7569717764854431, 0.7776205539703369, 0.7626107335090637, 0.7723097205162048, 0.7770669460296631, 0.7811269760131836, 0.7625697255134583, 0.7665682435035706, 0.7742167115211487, 0.7654404640197754, 0.769726037979126, 0.7807578444480896, 0.7740731835365295, 0.7711819410324097, 0.7830749750137329, 0.759863018989563, 0.7737655639648438, 0.7763902544975281, 0.790046751499176, 0.7856791019439697, 0.7840592265129089, 0.7750369310379028, 0.7881397604942322, 0.7790149450302124, 0.7908669710159302, 0.7867249250411987, 0.7997457385063171, 0.8084604740142822, 0.8190411925315857, 0.8210301995277405, 0.8259514570236206, 0.8482816815376282, 0.8611794710159302, 0.8530183434486389, 0.8588828444480896, 0.8723548054695129, 0.8671669960021973, 0.874610424041748, 0.8808850049972534, 0.8799417614936829, 0.8871185779571533, 0.8829150199890137, 0.8901944160461426, 0.8922654390335083, 0.8942749500274658, 0.9022514820098877, 0.8972687125205994, 0.8971046805381775, 0.9028255939483643, 0.8998523354530334, 0.9030511975288391, 0.9047940969467163, 0.9064140319824219, 0.9063730239868164, 0.9085055589675903, 0.9099819660186768, 0.9092642664909363, 0.9088951945304871, 0.912011981010437, 0.9119504690170288, 0.9119914770126343, 0.9108842015266418, 0.9113147854804993, 0.9124630689620972, 0.9130372405052185, 0.9135498404502869, 0.9127296805381775, 0.9132627844810486, 0.9129757285118103, 0.9127091765403748, 0.9132832884788513, 0.9133448004722595], "mass|in": [0.03999658301472664, 0.17913609743118286, 0.33852964639663696, 0.38286030292510986, 0.38568955659866333, 0.39711758494377136, 0.40292462706565857, 0.4041180908679962, 0.41502174735069275, 0.41678860783576965, 0.4087679088115692, 0.4138273596763611, 0.41244786977767944, 0.4064270853996277, 0.40713733434677124, 0.40430036187171936, 0.39825117588043213, 0.3965893089771271, 0.3975757658481598, 0.4101298153400421, 0.397876113653183, 0.39830276370048523, 0.40622854232788086, 0.40455716848373413, 0.40227678418159485, 0.4064485728740692, 0.40143874287605286, 0.4147421419620514, 0.3981245458126068, 0.40274232625961304, 0.4093899726867676, 0.4033364951610565, 0.40952402353286743, 0.41064608097076416, 0.41369393467903137, 0.41272470355033875, 0.4164474606513977, 0.41750770807266235, 0.41143399477005005, 0.422151654958725, 0.4240281283855438, 0.41676899790763855, 0.41793301701545715, 0.4243142902851105, 0.42518576979637146, 0.42606908082962036, 0.43199416995048523, 0.43182700872421265, 0.42722585797309875, 0.4362375736236572, 0.4327434301376343, 0.44554755091667175, 0.44925302267074585, 0.4459064304828644, 0.4572560787200928, 0.4697076678276062, 0.473468542098999, 0.48766452074050903, 0.49590206146240234, 0.5087228417396545, 0.5143488645553589, 0.5230938792228699, 0.5351504683494568, 0.5431061387062073, 0.5439543128013611, 0.5446963310241699, 0.5545591711997986, 0.558274507522583, 0.5624352097511292, 0.5660965442657471, 0.571479320526123, 0.5714758038520813, 0.5739713311195374, 0.5784780979156494, 0.5779924392700195, 0.5850054621696472, 0.5829935669898987, 0.5861303806304932, 0.5828959345817566, 0.5918870568275452, 0.5916882753372192, 0.5907033681869507, 0.5930289626121521, 0.5927121043205261, 0.5970349907875061, 0.5983636975288391, 0.5977615714073181, 0.5986546277999878, 0.5975998044013977, 0.5981801748275757, 0.6001397967338562, 0.6008359789848328, 0.5993450284004211, 0.6005032658576965, 0.5997897982597351, 0.6018764972686768, 0.6008618474006653, 0.6010304689407349, 0.6012680530548096, 0.6010118722915649, 0.6010084748268127],