{"0": 1.0, "1": 0.7855861731615849, "2": 0.2577302631578947, "3": 0.26135615536537193}