{"grid45": [[0.11840984225273132, 0.12262235581874847, 0.1399710774421692, 0.11134444177150726, 0.10877520591020584, 0.10856002569198608, 0.10819125920534134], [0.14585700631141663, 0.15008363127708435, 0.15082697570323944, 0.14247378706932068, 0.1371915191411972, 0.1450655460357666, 0.1399315595626831], [0.11202260106801987, 0.10824831575155258, 0.1101117953658104, 0.10239643603563309, 0.09783680737018585, 0.10350386798381805, 0.09907905012369156], [0.12420351803302765, 0.11972244083881378, 0.1252002716064453, 0.12616929411888123, 0.12691178917884827, 0.1360110193490982, 0.13347095251083374], [0.15494784712791443, 0.14817199110984802, 0.15202130377292633, 0.15412406623363495, 0.1719532608985901, 0.19807329773902893, 0.20257394015789032], [0.16067853569984436, 0.14277195930480957, 0.14318233728408813, 0.15062381327152252, 0.19869595766067505, 0.24756720662117004, 0.26585566997528076], [0.1375487744808197, 0.12277637422084808, 0.12194137275218964, 0.13653919100761414, 0.2113068550825119, 0.2724197506904602, 0.2972962558269501], [0.14553259313106537, 0.12642113864421844, 0.12169981002807617, 0.13211116194725037, 0.19925148785114288, 0.2629842758178711, 0.29073473811149597], [0.17964786291122437, 0.16632747650146484, 0.153092160820961, 0.14978736639022827, 0.19063496589660645, 0.24159272015094757, 0.2665261924266815], [0.22015313804149628, 0.20254530012607574, 0.17526835203170776, 0.144633948802948, 0.15524600446224213, 0.20898759365081787, 0.22963175177574158], [0.34049955010414124, 0.3514696955680847, 0.33373767137527466, 0.2898496091365814, 0.21672864258289337, 0.2419808954000473, 0.24787166714668274], [0.4842122197151184, 0.5111839771270752, 0.5047433376312256, 0.4453108310699463, 0.342713862657547, 0.3451899290084839, 0.3441689908504486], [0.0982343852519989, 0.06425576657056808, 0.032025109976530075, 0.022145714610815048, 0.03647557273507118, 0.03147424757480621, 0.018981490284204483]], "ring12": [[0.039646733552217484, 0.038809482008218765, 0.04693237692117691, 0.040833402425050735, 0.03635939955711365, 0.03941645100712776, 0.035111699253320694], [0.1766509711742401, 0.2027437686920166, 0.20988820493221283, 0.21122659742832184, 0.2061687409877777, 0.2015572041273117, 0.19938534498214722], [0.12037729471921921, 0.14025519788265228, 0.14846380054950714, 0.15819595754146576, 0.16744641959667206, 0.1867954283952713, 0.18621335923671722], [0.15687808394432068, 0.17529377341270447, 0.18599817156791687, 0.2021258920431137, 0.21611037850379944, 0.2209523320198059, 0.219998300075531], [0.20803338289260864, 0.20980733633041382, 0.20592965185642242, 0.20532380044460297, 0.24089036881923676, 0.2800360321998596, 0.28743311762809753], [0.20288114249706268, 0.19233325123786926, 0.1831059753894806, 0.19392205774784088, 0.28441452980041504, 0.35660311579704285, 0.38431739807128906], [0.23374636471271515, 0.19504223763942719, 0.16213423013687134, 0.1635361909866333, 0.2767857611179352, 0.3641740083694458, 0.39277854561805725], [0.2841106653213501, 0.22424368560314178, 0.17409731447696686, 0.15018150210380554, 0.240789532661438, 0.3326684534549713, 0.37330713868141174], [0.3451998233795166, 0.3023045063018799, 0.24014772474765778, 0.16726121306419373, 0.18847332894802094, 0.2607886493206024, 0.303913950920105], [0.37987449765205383, 0.34098711609840393, 0.2575532793998718, 0.13411149382591248, 0.09948179870843887, 0.1687328815460205, 0.20845691859722137], [0.5191026329994202, 0.5020169019699097, 0.416131854057312, 0.2295234352350235, 0.11072691529989243, 0.12818580865859985, 0.15940512716770172], [0.6745109558105469, 0.6674143671989441, 0.6036897897720337, 0.40726712346076965, 0.24804261326789856, 0.23770514130592346, 0.256969690322876], [0.07484383136034012, 0.05504484847187996, 0.005787278991192579, 0.049266695976257324, 0.0650581493973732, -0.11760679632425308, -0.1510273963212967]], "ring7": [[-0.0735614150762558, -0.05996912717819214, -0.07429444044828415, -0.07051068544387817, -0.06799233704805374, -0.07643358409404755, -0.07768040895462036], [0.19671663641929626, 0.23344755172729492, 0.2496984452009201, 0.27082231640815735, 0.2806914150714874, 0.27221253514289856, 0.2738055884838104], [0.03770611807703972, 0.10148935765028, 0.15085358917713165, 0.21970756351947784, 0.26382237672805786, 0.28303587436676025, 0.29911530017852783], [0.17055276036262512, 0.22465857863426208, 0.2527613937854767, 0.30345210433006287, 0.3404606282711029, 0.3494069576263428, 0.3677723705768585], [0.23122087121009827, 0.28146395087242126, 0.3169935941696167, 0.39020687341690063, 0.445380836725235, 0.4604004919528961, 0.46645185351371765], [0.22148315608501434, 0.25609880685806274, 0.28231215476989746, 0.385476291179657, 0.5010759830474854, 0.5296884179115295, 0.5456409454345703], [0.2741192579269409, 0.28531885147094727, 0.30783113837242126, 0.4384410083293915, 0.5614451169967651, 0.5879645347595215, 0.598661482334137], [0.3436301350593567, 0.2987883985042572, 0.2615230977535248, 0.31379762291908264, 0.47214388847351074, 0.5346567630767822, 0.5508541464805603], [0.45586103200912476, 0.37301504611968994, 0.26597073674201965, 0.15629853308200836, 0.2407999485731125, 0.35228613018989563, 0.37775883078575134], [0.5384848117828369, 0.39567407965660095, 0.1882501244544983, -0.07375027984380722, -0.035535357892513275, 0.13730475306510925, 0.18987394869327545], [0.6892454624176025, 0.556524395942688, 0.20976370573043823, -0.20117054879665375, -0.23281331360340118, -0.07996288686990738, -0.017256638035178185], [0.7262561321258545, 0.6112743616104126, 0.25368234515190125, -0.1871906965970993, -0.22633975744247437, -0.10404978692531586, -0.02334992028772831], [-0.2580893337726593, -0.3479727804660797, -0.2957713305950165, -0.1880534142255783, -0.29290971159935, -0.3998139798641205, -0.24651728570461273]]}