{"step": [0, 100, 200, 300, 400, 500, 600, 700, 800, 900, 1000, 1100, 1200, 1300, 1400, 1500, 1600, 1700, 1800, 1900, 2000, 2100, 2200, 2300, 2400, 2500, 2600, 2700, 2800, 2900, 3000, 3100, 3200, 3300, 3400, 3500, 3600, 3700, 3800, 3900, 4000], "loss": [4.619148254394531, 4.612037181854248, 4.5542192459106445, 4.368724822998047, 4.150240898132324, 3.821943759918213, 3.2662148475646973, 2.749051570892334, 2.446572780609131, 2.232370138168335, 2.1252076625823975, 1.9315000772476196, 1.6598950624465942, 1.6042131185531616, 1.5712292194366455, 1.576902985572815, 1.5689231157302856, 1.5334396362304688, 1.5196746587753296, 1.505967378616333, 1.4864648580551147, 1.4457862377166748, 1.4182287454605103, 1.5065370798110962, 1.4922617673873901, 1.4723516702651978, 1.437618613243103, 1.4734076261520386, 1.4049447774887085, 1.4658690690994263, 1.3846005201339722, 1.4062919616699219, 1.4612921476364136, 1.4589183330535889, 1.4433808326721191, 1.4468961954116821, 1.4391361474990845, 1.4951151609420776, 1.3857016563415527, 1.453926682472229, 1.4498543739318848], "acc@5": [0.009765625, 0.010688530281186104, 0.08598042279481888, 0.16161572933197021, 0.20904876291751862, 0.2603236734867096, 0.34027302265167236, 0.43775755167007446, 0.5296832323074341, 0.5889637470245361, 0.6462053656578064, 0.6661014556884766, 0.6886375546455383, 0.7044342160224915, 0.7127618193626404, 0.7213470339775085, 0.737229585647583, 0.7375300526618958, 0.7439903616905212, 0.7463942170143127, 0.7531121373176575, 0.7492058873176575, 0.7568466663360596, 0.7553228139877319, 0.7618045806884766, 0.7619548439979553, 0.7651528120040894, 0.7690805196762085, 0.7681790590286255, 0.7722999453544617, 0.7714200019836426, 0.7739096879959106, 0.7735877633094788, 0.7733731269836426, 0.7734375, 0.7746179699897766, 0.7740169763565063, 0.775197446346283, 0.7742316126823425, 0.7751759886741638, 0.7749613523483276], "acc@10": [0.009856468066573143, 0.01081031933426857, 0.05021348223090172, 0.0788063257932663, 0.08664153516292572, 0.11827761679887772, 0.19858284294605255, 0.27954670786857605, 0.33932140469551086, 0.4050008952617645, 0.5285928249359131, 0.5825309157371521, 0.6057639718055725, 0.6252270936965942, 0.6313362717628479, 0.6408293843269348, 0.6527979373931885, 0.6491869688034058, 0.655114471912384, 0.6633811593055725, 0.6686728000640869, 0.6712390780448914, 0.6765307188034058, 0.6757358312606812, 0.6726698875427246, 0.6768940687179565, 0.6814589500427246, 0.68359375, 0.6834574937820435, 0.6836845874786377, 0.6858193874359131, 0.6865234375, 0.6882267594337463, 0.6882721781730652, 0.6887036561965942, 0.6889762282371521, 0.6892487406730652, 0.6894077062606812, 0.6895439624786377, 0.689612090587616, 0.6897710561752319], "acc@15": [0.01060956809669733, 0.011332947760820389, 0.03831500932574272, 0.07245852798223495, 0.09972994029521942, 0.16546103358268738, 0.22603201866149902, 0.2991415858268738, 0.35988137125968933, 0.38300541043281555, 0.4314236044883728, 0.45223283767700195, 0.5165653824806213, 0.5337818264961243, 0.5310811996459961, 0.532672643661499, 0.5637297630310059, 0.5506124496459961, 0.5497926473617554, 0.5478395223617554, 0.5453559160232544, 0.5476707220077515, 0.5557243227958679, 0.5500337481498718, 0.5526379346847534, 0.5625482201576233, 0.5655623078346252, 0.5579186081886292, 0.5637779831886292, 0.5576774477958679, 0.5510223507881165, 0.5586661100387573, 0.5598475933074951, 0.5574363470077515, 0.5617524981498718, 0.5608844757080078, 0.5603057742118835, 0.5595341324806213, 0.5608121156692505, 0.561077356338501, 0.5609809160232544], "acc@20": [0.00902035366743803, 0.008891858160495758, 0.022846423089504242, 0.03181537985801697, 0.030401932075619698, 0.036389801651239395, 0.08357319235801697, 0.1445055454969406, 0.18696032464504242, 0.2187757045030594, 0.2570929229259491, 0.2944592833518982, 0.3125, 0.33462685346603394, 0.3493266999721527, 0.3632555603981018, 0.36533716320991516, 0.3779296875, 0.3760279715061188, 0.3799085021018982, 0.38995683193206787, 0.3913959562778473, 0.39324629306793213, 0.3916529715061188, 0.3952251374721527, 0.39884868264198303, 0.3984118103981018, 0.4011102020740509, 0.4028834402561188, 0.40396279096603394, 0.40535053610801697, 0.40301191806793213, 0.4047594666481018, 0.40707236528396606, 0.40666118264198303, 0.4057874083518982, 0.40786904096603394, 0.40830591320991516, 0.40935957431793213, 0.40910258889198303, 0.40910258889198303], "acc@25": [0.008775307796895504, 0.00891285203397274, 0.019723812118172646, 0.01647777296602726, 0.011306118220090866, 0.012709067203104496, 0.023630062118172646, 0.0246753953397274, 0.02365756966173649, 0.015294894576072693, 0.01281910203397274, 0.01735805533826351, 0.020934198051691055, 0.021181778982281685, 0.020604092627763748, 0.021044233813881874, 0.020411532372236252, 0.020796654745936394, 0.022254621610045433, 0.022612236440181732, 0.022997358813881874, 0.022667253389954567, 0.021319322288036346, 0.02244718372821808, 0.022364657372236252, 0.022062059491872787, 0.021897006779909134, 0.02197953313589096, 0.02211707830429077, 0.022529710084199905, 0.022997358813881874, 0.022557217627763748, 0.022667253389954567, 0.023162411525845528, 0.022777289152145386, 0.02321743033826351, 0.022777289152145386, 0.022667253389954567, 0.0227222703397274, 0.022639743983745575, 0.022612236440181732], "acc@30": [0.009883996099233627, 0.009706439450383186, 0.017844460904598236, 0.02047821879386902, 0.01473721582442522, 0.008433949202299118, 0.005178740713745356, 0.004290956538170576, 0.005001183599233627, 0.003521543461829424, 0.0014796401374042034, 0.002515388187021017, 0.003314394038170576, 0.0026929450687021017, 0.003077651606872678, 0.003491950687021017, 0.003521543461829424, 0.0039950283244252205, 0.004409327637404203, 0.004498105961829424, 0.005001183599233627, 0.005652225576341152, 0.005237926263362169, 0.005563446786254644, 0.005563446786254644, 0.005800189450383186, 0.005474668461829424, 0.005681818351149559, 0.0059481533244252205, 0.005652225576341152, 0.005593039561063051, 0.005829782225191593, 0.005237926263362169, 0.005622632801532745, 0.005563446786254644, 0.005504261236637831, 0.005622632801532745, 0.0055338540114462376, 0.005593039561063051, 0.0055338540114462376, 0.0055338540114462376], "config": {"n_layer": 2, "d_model": 32, "n_head": 2, "n_params": 18688}}