{"0": 1.0, "1": 0.9044513288765694, "2": 0.9444078947368421, "3": 0.8940092165898618}