{"step": [0, 200, 400, 600, 800, 1000, 1200, 1400, 1600, 1800, 2000, 2200, 2400, 2600, 2800, 3000, 3200, 3400, 3600, 3800, 4000, 4200, 4400, 4600, 4800, 5000, 5200, 5400, 5600, 5800, 6000, 6200, 6400, 6600, 6800, 7000, 7200, 7400, 7600, 7800, 8000], "loss": [4.608860969543457, 4.561307430267334, 4.513769149780273, 4.357353210449219, 4.3411946296691895, 4.280816078186035, 4.315836429595947, 1.4898886957324042e+18, 3.9875141316716014e+21, 1.6031886273308262e+17, 4.238829310918315e+19, 9089095565312.0, 1.8775944452135453e+19, 8.089950577124966e+16, 3.1579662799586984e+20, 1.5771665708484028e+20, 4.5295676868368794e+17, 1.7805171067442954e+18, 1.0388189799877322e+22, 2.993744278765238e+20, 5.6908151745255834e+17, 1.9392871542426614e+21, 2.827060345967739e+17, 3.8748980201095e+22, 5782321986797568.0, 1.296784801440727e+17, 1.2451206563298175e+20, 3.293444408374188e+21, 2096721026875392.0, 4.654127579576402e+17, 2.0118879598012688e+20, 3.1995526315078282e+22, 4.02779300732485e+19, 4.9037189455926e+19, 49831372390400.0, 273003103387648.0, 1.0194436517250728e+19, 1.9833038240725808e+20, 1.3684209805619404e+26, 63319008346112.0, 2.2542309713332142e+18], "legal|in": [0.041379593312740326, 0.2221948802471161, 0.29279446601867676, 0.3620201647281647, 0.37830135226249695, 0.4045685827732086, 0.39560776948928833, 0.33415353298187256, 0.33409202098846436, 0.33372291922569275, 0.3337639570236206, 0.3337434232234955, 0.3337434232234955, 0.3337434232234955, 0.3337434232234955, 0.3337434232234955, 0.3337434232234955, 0.3337434232234955, 0.3337434232234955, 0.3337434232234955, 0.3337434232234955, 0.3337434232234955, 0.3337434232234955, 0.3337434232234955, 0.3337434232234955, 0.3337434232234955, 0.3337434232234955, 0.3337434232234955, 0.3337434232234955, 0.3337434232234955, 0.3337434232234955, 0.3337434232234955, 0.3337434232234955, 0.3337434232234955, 0.3337434232234955, 0.3337434232234955, 0.3337434232234955, 0.3337434232234955, 0.3337434232234955, 0.3337434232234955, 0.3337434232234955], "mass|in": [0.040019795298576355, 0.04900025576353073, 0.06095290556550026, 0.09165596961975098, 0.0948263555765152, 0.11838507652282715, 0.10796746611595154, 0.07666904479265213, 0.0762815773487091, 0.07628705352544785, 0.07627981156110764, 0.07628431171178818, 0.07628418505191803, 0.07628422975540161, 0.0762845128774643, 0.0762845128774643, 0.0762845128774643, 0.0762845128774643, 0.0762845128774643, 0.0762845128774643, 0.0762845128774643, 0.0762845128774643, 0.0762845128774643, 0.0762845128774643, 0.0762845128774643, 0.0762845128774643, 0.0762845128774643, 0.0762845128774643, 0.0762845128774643, 0.0762845128774643, 0.0762845128774643, 0.0762845128774643, 0.0762845128774643, 0.0762845128774643, 0.0762845128774643, 0.0762845128774643, 0.0762845128774643, 0.0762845128774643, 0.0762845128774643, 0.0762845128774643, 0.0762845128774643], "legal|ood 5x5": [0.04388123378157616, 0.140625, 0.17577099800109863, 0.2326115518808365, 0.246965229511261, 0.2785843312740326, 0.26008859276771545, 0.21370570361614227, 0.21399277448654175, 0.21423883736133575, 0.21423883736133575, 0.21419782936573029, 0.21419782936573029, 0.21419782936573029, 0.21419782936573029, 0.21419782936573029, 0.21419782936573029, 0.21419782936573029, 0.21419782936573029, 0.21419782936573029, 0.21419782936573029, 0.21419782936573029, 0.21419782936573029, 0.21419782936573029, 0.21419782936573029, 0.21419782936573029, 0.21419782936573029, 0.21419782936573029, 0.21419782936573029, 0.21419782936573029, 0.21419782936573029, 0.21419782936573029, 0.21419782936573029, 0.21419782936573029, 0.21419782936573029, 0.21419782936573029, 0.21419782936573029, 0.21419782936573029, 0.21419782936573029, 0.21419782936573029, 0.21419782936573029], "mass|ood 5x5": [0.04000639542937279, 0.042787134647369385, 0.04717181622982025, 0.058578770607709885, 0.06237586587667465, 0.07420531660318375, 0.06908130645751953, 0.05419602617621422, 0.05472839996218681, 0.054718974977731705, 0.05471101030707359, 0.054712820798158646, 0.05471273139119148, 0.054712746292352676, 0.05471280962228775, 0.05471280962228775, 0.05471280962228775, 0.05471280962228775, 0.05471280962228775, 0.05471280962228775, 0.05471280962228775, 0.05471280962228775, 0.05471280962228775, 0.05471280962228775, 0.05471280962228775, 0.05471280962228775, 0.05471280962228775, 0.05471280962228775, 0.05471280962228775, 0.05471280962228775, 0.05471280962228775, 0.05471280962228775, 0.05471280962228775, 0.05471280962228775, 0.05471280962228775, 0.05471280962228775, 0.05471280962228775, 0.05471280962228775, 0.05471280962228775, 0.05471280962228775, 0.05471280962228775], "legal|ood 6x6": [0.04593175649642944, 0.11245078593492508, 0.13061843812465668, 0.19012467563152313, 0.21497702598571777, 0.24844160676002502, 0.2322014421224594, 0.1813894361257553, 0.1811433732509613, 0.18122538924217224, 0.1810203343629837, 0.1810203343629837, 0.1810203343629837, 0.1810203343629837, 0.1810203343629837, 0.1810203343629837, 0.1810203343629837, 0.1810203343629837, 0.1810203343629837, 0.1810203343629837, 0.1810203343629837, 0.1810203343629837, 0.1810203343629837, 0.1810203343629837, 0.1810203343629837, 0.1810203343629837, 0.1810203343629837, 0.1810203343629837, 0.1810203343629837, 0.1810203343629837, 0.1810203343629837, 0.1810203343629837, 0.1810203343629837, 0.1810203343629837, 0.1810203343629837, 0.1810203343629837, 0.1810203343629837, 0.1810203343629837, 0.1810203343629837, 0.1810203343629837, 0.1810203343629837], "mass|ood 6x6": [0.040045809000730515, 0.04184515029191971, 0.04440000280737877, 0.05272094905376434, 0.05576691776514053, 0.06509403139352798, 0.06225159764289856, 0.04989136382937431, 0.04990818351507187, 0.04989442601799965, 0.049890223890542984, 0.049891192466020584, 0.04989108443260193, 0.049891117960214615, 0.049891285598278046, 0.049891285598278046, 0.049891285598278046, 0.049891285598278046, 0.049891285598278046, 0.049891285598278046, 0.049891285598278046, 0.049891285598278046, 0.049891285598278046, 0.049891285598278046, 0.049891285598278046, 0.049891285598278046, 0.049891285598278046, 0.049891285598278046, 0.049891285598278046, 0.049891285598278046, 0.049891285598278046, 0.049891285598278046, 0.049891285598278046, 0.049891285598278046, 0.049891285598278046, 0.049891285598278046, 0.049891285598278046, 0.049891285598278046, 0.049891285598278046, 0.049891285598278046, 0.049891285598278046], "config": {"topology": "torus", "n_layer": 3, "d_model": 128, "n_params": 320512}}