{"step": [0, 200, 400, 600, 800, 1000, 1200, 1400, 1600, 1800, 2000, 2200, 2400, 2600, 2800, 3000, 3200, 3400, 3600, 3800, 4000, 4200, 4400, 4600, 4800, 5000, 5200, 5400, 5600, 5800, 6000, 6200, 6400, 6600, 6800, 7000, 7200, 7400, 7600, 7800, 8000], "loss": [4.650920867919922, 4.45335054397583, 4.006357669830322, 3.851370334625244, 3.7562618255615234, 3.730057954788208, 3.6880667209625244, 3.675323724746704, 3.68662691116333, 3.6517763137817383, 3.688176393508911, 3.669452428817749, 3.652988910675049, 3.6549344062805176, 3.6421327590942383, 3.618276834487915, 3.6208863258361816, 3.6390326023101807, 3.6307008266448975, 3.6086535453796387, 3.644451856613159, 3.61816668510437, 3.605339527130127, 3.6335701942443848, 3.6098973751068115, 3.6284048557281494, 3.619438409805298, 3.6143851280212402, 3.595656633377075, 3.5790281295776367, 3.6370110511779785, 3.6239871978759766, 3.6295268535614014, 3.62511944770813, 3.6084396839141846, 3.5981483459472656, 3.5984787940979004, 3.610644578933716, 3.62941837310791, 3.6021642684936523, 3.605196237564087], "legal|in": [0.036273784935474396, 0.28982120752334595, 0.44818323850631714, 0.5312294960021973, 0.5866346955299377, 0.610133707523346, 0.62834233045578, 0.636831521987915, 0.6428190469741821, 0.647063672542572, 0.6537688374519348, 0.6566805839538574, 0.6591617465019226, 0.6614583134651184, 0.6628322005271912, 0.6660104990005493, 0.6682865619659424, 0.669516921043396, 0.6726747155189514, 0.6732898354530334, 0.675360918045044, 0.6732693314552307, 0.6767347455024719, 0.6768372654914856, 0.6775139570236206, 0.6771858334541321, 0.6783341765403748, 0.6792774200439453, 0.6796259880065918, 0.6792158484458923, 0.6809588074684143, 0.6811228394508362, 0.680979311466217, 0.6810203194618225, 0.6813894510269165, 0.6815329790115356, 0.6819225549697876, 0.6819430589675903, 0.6816970109939575, 0.6818200349807739, 0.6817995309829712], "mass|in": [0.0350365974009037, 0.07557587325572968, 0.16670916974544525, 0.21291382610797882, 0.23964692652225494, 0.2538238763809204, 0.2624288499355316, 0.2700132429599762, 0.27221065759658813, 0.27797165513038635, 0.2825288474559784, 0.28665444254875183, 0.2882730960845947, 0.2893432378768921, 0.2902439832687378, 0.2926740050315857, 0.29467377066612244, 0.29522639513015747, 0.29585203528404236, 0.2971085011959076, 0.2982122600078583, 0.29867538809776306, 0.30051180720329285, 0.30228257179260254, 0.3012066185474396, 0.30225837230682373, 0.303419291973114, 0.302479088306427, 0.30399173498153687, 0.3039937913417816, 0.3053620457649231, 0.30374741554260254, 0.30389660596847534, 0.30460092425346375, 0.30389249324798584, 0.304677277803421, 0.30477145314216614, 0.3045588731765747, 0.3049091696739197, 0.30482184886932373, 0.30482301115989685], "legal|ood 5x5": [0.034038715064525604, 0.1820456087589264, 0.3641732335090637, 0.46604329347610474, 0.5380577445030212, 0.5683645009994507, 0.5878854990005493, 0.5995324850082397, 0.6099491715431213, 0.6203247904777527, 0.626968502998352, 0.6309875249862671, 0.6350065469741821, 0.6326689720153809, 0.6383694410324097, 0.6423884630203247, 0.6431266665458679, 0.6439468264579773, 0.6461614370346069, 0.6474737524986267, 0.6472687125205994, 0.6488680839538574, 0.650795578956604, 0.6528050899505615, 0.6544455289840698, 0.6555117964744568, 0.6552247405052185, 0.6563730239868164, 0.6590387225151062, 0.6583825349807739, 0.6579724550247192, 0.6579724550247192, 0.6590797305107117, 0.660269021987915, 0.6595308184623718, 0.6592437624931335, 0.6594077944755554, 0.6595718264579773, 0.6587926745414734, 0.6591617465019226, 0.6593257784843445], "mass|ood 5x5": [0.03647596761584282, 0.0519237257540226, 0.10251564532518387, 0.13457414507865906, 0.15312527120113373, 0.16309623420238495, 0.16873908042907715, 0.17388491332530975, 0.17472398281097412, 0.17841356992721558, 0.18163533508777618, 0.183969184756279, 0.18541370332241058, 0.1857597827911377, 0.1868496835231781, 0.18842802941799164, 0.18954385817050934, 0.18978449702262878, 0.1904521882534027, 0.19108930230140686, 0.19210122525691986, 0.19214659929275513, 0.19350403547286987, 0.19412122666835785, 0.19313901662826538, 0.19372226297855377, 0.19461695849895477, 0.19372525811195374, 0.19492246210575104, 0.19472365081310272, 0.195720836520195, 0.19486406445503235, 0.19477291405200958, 0.1954336315393448, 0.19500412046909332, 0.19556036591529846, 0.19561505317687988, 0.19542692601680756, 0.19566886126995087, 0.19561190903186798, 0.19560718536376953], "legal|ood 6x6": [0.03830380737781525, 0.14632545411586761, 0.36085137724876404, 0.47645998001098633, 0.5507299900054932, 0.5874754190444946, 0.605889081954956, 0.625, 0.6332430839538574, 0.642593502998352, 0.6491551995277405, 0.6539124250411987, 0.6564960479736328, 0.660269021987915, 0.6630987524986267, 0.6679790019989014, 0.6701525449752808, 0.6697014570236206, 0.6718339920043945, 0.6733924150466919, 0.6754429340362549, 0.6760580539703369, 0.6784777045249939, 0.6821275949478149, 0.6822096705436707, 0.6829068064689636, 0.6830708384513855, 0.6853674650192261, 0.6836040019989014, 0.6848753094673157, 0.6861466765403748, 0.6845062375068665, 0.6872539520263672, 0.6871719360351562, 0.6854084730148315, 0.685080349445343, 0.685449481010437, 0.6856545209884644, 0.6858595609664917, 0.6856545209884644, 0.6856135129928589], "mass|ood 6x6": [0.03723868727684021, 0.0470513254404068, 0.09074139595031738, 0.11943820863962173, 0.1353358030319214, 0.14370225369930267, 0.1491803079843521, 0.15352968871593475, 0.1539870798587799, 0.15744934976100922, 0.16002917289733887, 0.1624547243118286, 0.16346000134944916, 0.16313385963439941, 0.16448689997196198, 0.16572356224060059, 0.1666039228439331, 0.1666952222585678, 0.16728447377681732, 0.16771259903907776, 0.16843514144420624, 0.16848258674144745, 0.16968519985675812, 0.1699533462524414, 0.1693861484527588, 0.16960430145263672, 0.170401468873024, 0.16964347660541534, 0.1708505004644394, 0.17034293711185455, 0.1712208390235901, 0.17027178406715393, 0.17031535506248474, 0.17088958621025085, 0.17042817175388336, 0.17088337242603302, 0.1709972321987152, 0.17081639170646667, 0.1710263192653656, 0.170982226729393, 0.17097915709018707], "config": {"topology": "cylinder", "n_layer": 1, "d_model": 32, "n_params": 12544}}