{"grid45": [[0.10138213634490967, 0.10218434780836105, 0.10484689474105835, 0.10113629698753357, 0.10143885761499405, 0.10134328901767731, 0.10059306025505066], [0.20837076008319855, 0.21201074123382568, 0.20747500658035278, 0.19166964292526245, 0.17594203352928162, 0.17469020187854767, 0.16730771958827972], [0.2453848123550415, 0.24250774085521698, 0.23198285698890686, 0.21323427557945251, 0.19678190350532532, 0.19844305515289307, 0.19367483258247375], [0.25755828619003296, 0.2454507201910019, 0.2259446084499359, 0.19438916444778442, 0.16885258257389069, 0.17588013410568237, 0.1721811443567276], [0.26679569482803345, 0.26003316044807434, 0.25091424584388733, 0.23182664811611176, 0.21498993039131165, 0.21902695298194885, 0.21199406683444977], [0.2837817072868347, 0.27413928508758545, 0.2590959668159485, 0.22470955550670624, 0.21590334177017212, 0.22319671511650085, 0.22025908529758453], [0.2592743933200836, 0.253934770822525, 0.2415284812450409, 0.2128000259399414, 0.22003936767578125, 0.24148045480251312, 0.24707193672657013], [0.29093310236930847, 0.29160287976264954, 0.28198885917663574, 0.26523056626319885, 0.311367928981781, 0.35389360785484314, 0.36349165439605713], [0.31393924355506897, 0.31313860416412354, 0.3055749535560608, 0.3005017638206482, 0.3618016839027405, 0.4072186350822449, 0.42034509778022766], [0.33610695600509644, 0.3412478566169739, 0.3312111794948578, 0.30450963973999023, 0.3346262574195862, 0.3825571835041046, 0.4007028043270111], [0.42552247643470764, 0.4662792682647705, 0.48810115456581116, 0.47749221324920654, 0.46654012799263, 0.4831220507621765, 0.48799824714660645], [0.4716947674751282, 0.4954923689365387, 0.5066161155700684, 0.4827193021774292, 0.4453030824661255, 0.45906317234039307, 0.46177324652671814], [0.5424108505249023, 0.5668904781341553, 0.5802677273750305, 0.538599967956543, 0.4624890387058258, 0.45734408497810364, 0.45443400740623474]], "ring12": [[0.03838765621185303, 0.03777315467596054, 0.03784223645925522, 0.03615709766745567, 0.036723166704177856, 0.0361374169588089, 0.03701728209853172], [0.2296081930398941, 0.23283182084560394, 0.2119905948638916, 0.1688694804906845, 0.14195570349693298, 0.11682694405317307, 0.12245456874370575], [0.22402642667293549, 0.23686759173870087, 0.21711118519306183, 0.17412789165973663, 0.1586001068353653, 0.1312033087015152, 0.1453365683555603], [0.27696317434310913, 0.24726219475269318, 0.1943574696779251, 0.11730719357728958, 0.09409229457378387, 0.0715830847620964, 0.08265765011310577], [0.2779659032821655, 0.26726096868515015, 0.2246817946434021, 0.17566591501235962, 0.1924840658903122, 0.16780543327331543, 0.1624191552400589], [0.32132577896118164, 0.2821553349494934, 0.20986178517341614, 0.1241336464881897, 0.15568560361862183, 0.15300096571445465, 0.1280873715877533], [0.29826098680496216, 0.24441194534301758, 0.18329128623008728, 0.13093730807304382, 0.20823901891708374, 0.23705141246318817, 0.23957973718643188], [0.3643386662006378, 0.3258214592933655, 0.2860236167907715, 0.270591676235199, 0.40193530917167664, 0.460899293422699, 0.4700305461883545], [0.4091574251651764, 0.36656084656715393, 0.3245304524898529, 0.3137475848197937, 0.4477079212665558, 0.5138744711875916, 0.5301986932754517], [0.48865261673927307, 0.4439904987812042, 0.3736637830734253, 0.29489055275917053, 0.3695521354675293, 0.4328129291534424, 0.4541177749633789], [0.6645330190658569, 0.6666101813316345, 0.6356518268585205, 0.5455663800239563, 0.5188468098640442, 0.5187328457832336, 0.5215034484863281], [0.7344841361045837, 0.7126356959342957, 0.6713326573371887, 0.5531704425811768, 0.5002962946891785, 0.4883902966976166, 0.49066054821014404], [0.7679805755615234, 0.7522387504577637, 0.7261281609535217, 0.6234326958656311, 0.5397965312004089, 0.5054478049278259, 0.5119074583053589]], "ring7": [[-0.1092168465256691, -0.10599321126937866, -0.10898522287607193, -0.10900101065635681, -0.1103099063038826, -0.10937078297138214, -0.11054909229278564], [0.20288336277008057, 0.1936718225479126, 0.16473157703876495, 0.12108884751796722, 0.10092546790838242, 0.0895346850156784, 0.0904761478304863], [0.14805372059345245, 0.13916507363319397, 0.10612829774618149, 0.05279572680592537, 0.0309212077409029, 0.02129453606903553, 0.04431646317243576], [0.2767097055912018, 0.18835045397281647, 0.08687843382358551, -0.018072307109832764, -0.03418455645442009, -0.06380855292081833, -0.04408106952905655], [0.19883176684379578, 0.1305360496044159, 0.06591068208217621, 0.022913165390491486, 0.0518798790872097, 0.030119631439447403, 0.03998119756579399], [0.28410282731056213, 0.18029431998729706, 0.060052987188100815, -0.05298694223165512, -0.025284042581915855, -0.03833060711622238, -0.049883391708135605], [0.27001577615737915, 0.1688007414340973, 0.06478684395551682, -0.019891047850251198, 0.01277633011341095, 0.023904399946331978, 0.02900499664247036], [0.34687328338623047, 0.25843870639801025, 0.15939512848854065, 0.0710156038403511, 0.12109732627868652, 0.1558794379234314, 0.1483578234910965], [0.4621250629425049, 0.33796775341033936, 0.1986730843782425, 0.07222207635641098, 0.14340604841709137, 0.21707522869110107, 0.22173403203487396], [0.5652247071266174, 0.3746940791606903, 0.1372511386871338, -0.12468994408845901, -0.11170658469200134, -0.06506632268428802, -0.04566122218966484], [0.7725818157196045, 0.6756842136383057, 0.4900887608528137, 0.14079944789409637, 0.033900726586580276, 0.054806631058454514, 0.053865738213062286], [0.7753338813781738, 0.656244695186615, 0.4290066957473755, 0.00993897020816803, -0.10136955231428146, -0.07409706711769104, -0.0605899840593338], [0.7738032937049866, 0.7298026084899902, 0.5735012888908386, 0.12437606602907181, -0.02388022281229496, 0.024335218593478203, 0.04599439352750778]]}