{
 "softmax-add-3L-grid+burst-seed1": {
  "org8": 0.5294960141181946,
  "org256": 0.10619282722473145,
  "legal": 0.9989542365074158
 },
 "bilin-lerp-2L-grid+burst-seed0": {
  "org8": 0.7843766212463379,
  "org256": 0.6452449560165405,
  "legal": 0.7757750749588013
 },
 "bilin-lerp-2L-grid+burst-seed1": {
  "org8": 0.7369444370269775,
  "org256": 0.5993428826332092,
  "legal": 0.9615526795387268
 }
}