{
 "softmax-add-3L-mix+burst-seed0": {
  "org8": 0.6157504916191101,
  "org256": -0.33484405279159546,
  "legal": 1.0
 },
 "bilin-lerp-2L-mix+burst-seed0": {
  "org8": 0.7388073205947876,
  "org256": 0.6163312792778015,
  "legal": 0.986035943031311
 }
}