{
 "softmax-add-3L-localmix-mix-seed0": {
  "org8": 0.3741829991340637,
  "org256": 0.051889512687921524,
  "legal": 1.0,
  "pc_corr": [
   0.9706904888153076,
   0.13522474467754364,
   0.9563745260238647,
   0.1171276718378067
  ],
  "pc_var": [
   0.17676110565662384,
   0.11939095705747604,
   0.10687575489282608,
   0.08722469210624695
  ]
 },
 "bilin-lerp-2L-localmix-mix-seed0": {
  "org8": 0.5679358243942261,
  "org256": 0.5546460747718811,
  "legal": 0.6831324100494385,
  "pc_corr": [
   0.925724446773529,
   0.7718134522438049,
   0.8249059915542603,
   0.5986678004264832
  ],
  "pc_var": [
   0.2936113476753235,
   0.12819881737232208,
   0.09775722026824951,
   0.09109102934598923
  ]
 }
}