{
 "softmax-add-3L-grid+dring+NL-seed0": {
  "org8": 0.4872680604457855,
  "org256": -0.5136645436286926,
  "legal": 0.9999384880065918,
  "pc_corr": [
   0.08338826894760132,
   0.23040099442005157,
   0.618796706199646,
   0.3587315082550049
  ],
  "pc_var": [
   0.1872050166130066,
   0.11547300964593887,
   0.10113606601953506,
   0.08621158450841904
  ]
 },
 "bilin-lerp-2L-grid+dring+NL-seed0": {
  "org8": 0.672042191028595,
  "org256": 0.4585752785205841,
  "legal": 0.9883735179901123,
  "pc_corr": [
   0.8910773992538452,
   0.8727259635925293,
   0.3571292757987976,
   0.6019854545593262
  ],
  "pc_var": [
   0.25039657950401306,
   0.15841101109981537,
   0.12858635187149048,
   0.09148699790239334
  ]
 }
}