{
 "softmax-add-3L-grid+dring-qdist-seed0": {
  "org8": 0.3498772978782654,
  "org256": -0.625270426273346,
  "legal": 0.984682559967041,
  "qacc": 0.3804687559604645,
  "pc_corr": [
   0.07195571810007095,
   0.2330465316772461,
   0.16151830554008484,
   0.1335243433713913
  ],
  "pc_var": [
   0.16622424125671387,
   0.12556499242782593,
   0.1029733419418335,
   0.08800077438354492
  ]
 },
 "bilin-lerp-2L-grid+dring-qdist-seed0": {
  "org8": -0.39170700311660767,
  "org256": -0.5356541872024536,
  "legal": 0.8914247155189514,
  "qacc": 0.2953124940395355,
  "pc_corr": [
   0.18438264727592468,
   0.37863385677337646,
   0.23551896214485168,
   0.22611773014068604
  ],
  "pc_var": [
   0.15196700394153595,
   0.12065097689628601,
   0.10844968259334564,
   0.08686540275812149
  ]
 },
 "softmax-add-3L-grid+dring-qdist-seed1": {
  "org8": 0.3403640687465668,
  "org256": -0.7206702828407288,
  "legal": 0.9907110929489136,
  "qacc": 0.3804687559604645,
  "pc_corr": [
   0.04302878677845001,
   0.21797767281532288,
   0.1102888286113739,
   0.2849915027618408
  ],
  "pc_var": [
   0.19608698785305023,
   0.11289771646261215,
   0.10522940009832382,
   0.07139477878808975
  ]
 },
 "bilin-lerp-2L-grid+dring-qdist-seed1": {
  "org8": -0.48120012879371643,
  "org256": -0.5387107729911804,
  "legal": 0.8989911675453186,
  "qacc": 0.33125001192092896,
  "pc_corr": [
   0.1948235034942627,
   0.32633161544799805,
   0.4064876139163971,
   0.4241579473018646
  ],
  "pc_var": [
   0.21025991439819336,
   0.12851323187351227,
   0.09482076019048691,
   0.07662998884916306
  ]
 }
}