{
 "softmax-add-3L-grid+dring-seed0": {
  "org8": 0.3318687081336975,
  "org256": -0.7691363096237183,
  "legal_std": 0.9980930089950562,
  "legal_train": 0.9980930089950562,
  "pc_corr": [
   0.0520603209733963,
   0.07088886946439743,
   0.08947804570198059,
   0.15503361821174622
  ],
  "pc_var": [
   0.16090407967567444,
   0.12701278924942017,
   0.11285825818777084,
   0.07837557047605515
  ]
 },
 "softmax-add-3L-gridSL+dring-seed0": {
  "org8": 0.3964625298976898,
  "org256": 0.5266065001487732,
  "legal_std": 0.7554134130477905,
  "legal_train": 0.9999384880065918,
  "pc_corr": [
   0.9660207033157349,
   0.7632673978805542,
   0.6775684356689453,
   0.2148280292749405
  ],
  "pc_var": [
   0.18630896508693695,
   0.11713124066591263,
   0.10518327355384827,
   0.07945825159549713
  ]
 },
 "bilin-lerp-2L-gridSL+dring-seed0": {
  "org8": 0.4537464380264282,
  "org256": 0.21011024713516235,
  "legal_std": 0.7357283234596252,
  "legal_train": 0.9585999250411987,
  "pc_corr": [
   0.9342514872550964,
   0.4544354975223541,
   0.16802982985973358,
   0.3622485399246216
  ],
  "pc_var": [
   0.21460571885108948,
   0.11866021156311035,
   0.10213464498519897,
   0.09526132047176361
  ]
 },
 "softmax-add-3L-gridBT2+dring-seed0": {
  "org8": 0.32497090101242065,
  "org256": -0.8031507730484009,
  "legal_std": 1.0,
  "legal_train": 1.0,
  "pc_corr": [
   0.02624550461769104,
   0.08129564672708511,
   0.07439107447862625,
   0.07077295333147049
  ],
  "pc_var": [
   0.14839959144592285,
   0.11451531946659088,
   0.10730986297130585,
   0.08159588277339935
  ]
 },
 "bilin-lerp-2L-gridBT2+dring-seed0": {
  "org8": -0.46590545773506165,
  "org256": -0.42440906167030334,
  "legal_std": 0.9145546555519104,
  "legal_train": 0.9363312125205994,
  "pc_corr": [
   0.40603694319725037,
   0.506629467010498,
   0.4464232623577118,
   0.3440279960632324
  ],
  "pc_var": [
   0.16302375495433807,
   0.11115171760320663,
   0.10638882219791412,
   0.09241903573274612
  ]
 }
}