{
 "softmax-add-3L-gridStutter-p00+dring-seed0": {
  "stutter_p": 0.0,
  "org8": 0.3431246876716614,
  "org256": -0.7738001346588135,
  "legal": 1.0,
  "pc_corr": [
   0.0662456825375557,
   0.10656873136758804,
   0.05398104339838028,
   0.10780328512191772
  ],
  "pc_var": [
   0.15944665670394897,
   0.12260197848081589,
   0.11525466293096542,
   0.0750514343380928
  ]
 },
 "softmax-add-3L-gridStutter-p15+dring-seed0": {
  "stutter_p": 0.15,
  "org8": 0.3782314360141754,
  "org256": 0.43020501732826233,
  "legal": 0.936823308467865,
  "pc_corr": [
   0.9052611589431763,
   0.8227206468582153,
   0.7288554906845093,
   0.20791862905025482
  ],
  "pc_var": [
   0.17791102826595306,
   0.10895901918411255,
   0.10719375312328339,
   0.09896175563335419
  ]
 },
 "softmax-add-3L-gridStutter-p30+dring-seed0": {
  "stutter_p": 0.3,
  "org8": 0.32157498598098755,
  "org256": 0.5412450432777405,
  "legal": 0.623708188533783,
  "pc_corr": [
   0.9565797448158264,
   0.7328783869743347,
   0.6176284551620483,
   0.5869867205619812
  ],
  "pc_var": [
   0.1778191179037094,
   0.1160614937543869,
   0.11072920262813568,
   0.08404824882745743
  ]
 },
 "softmax-add-3L-gridStutter-p50+dring-seed0": {
  "stutter_p": 0.5,
  "org8": 0.4610249102115631,
  "org256": 0.5535350441932678,
  "legal": 0.41523128747940063,
  "pc_corr": [
   0.9002082943916321,
   0.7879711389541626,
   0.9419577717781067,
   0.8481597304344177
  ],
  "pc_var": [
   0.18117842078208923,
   0.10819888859987259,
   0.09803129732608795,
   0.08252938836812973
  ]
 }
}