{"0": 1.0, "1": 0.8000978314038807, "2": 0.2623355263157895, "3": 0.26201448321263987}