{"0": 1.0, "1": 0.8045002445785097, "2": 0.2669407894736842, "3": 0.2578999341672153}