{"step": [0, 100, 200, 300, 400, 500, 600, 700, 800, 900, 1000, 1100, 1200, 1300, 1400, 1500, 1600, 1700, 1800, 1900, 2000, 2100, 2200, 2300, 2400, 2500, 2600, 2700, 2800, 2900, 3000, 3100, 3200, 3300, 3400, 3500, 3600, 3700, 3800, 3900, 4000], "loss": [4.6177873611450195, 4.611677646636963, 4.608597278594971, 4.595608234405518, 4.580196380615234, 4.558142185211182, 4.537684917449951, 4.505575656890869, 4.500843524932861, 4.481420040130615, 4.469766616821289, 4.455313205718994, 4.402134895324707, 4.409047603607178, 4.403398036956787, 4.392604827880859, 4.363991737365723, 4.3939738273620605, 4.37202262878418, 4.355580806732178, 4.356066703796387, 4.354258060455322, 4.357064723968506, 4.385828018188477, 4.353453159332275, 4.370741844177246, 4.347723007202148, 4.36584997177124, 4.350412845611572, 4.327971935272217, 4.314864635467529, 4.337490558624268, 4.354808330535889, 4.360962390899658, 4.33750581741333, 4.3364458084106445, 4.374719619750977, 4.329715728759766, 4.362360000610352, 4.343017578125, 4.344394683837891], "acc@5": [0.008520776405930519, 0.009057348594069481, 0.010709993541240692, 0.024317478761076927, 0.03652987629175186, 0.05093149095773697, 0.06574089825153351, 0.08001373708248138, 0.08950034528970718, 0.09658310562372208, 0.10645604133605957, 0.11158567667007446, 0.11366758495569229, 0.11429000645875931, 0.11888307332992554, 0.12478537112474442, 0.12530048191547394, 0.12568680942058563, 0.12525755167007446, 0.12669557332992554, 0.12757554650306702, 0.12727506458759308, 0.1283482164144516, 0.1292925775051117, 0.1304730474948883, 0.13109546899795532, 0.13055889308452606, 0.13045157492160797, 0.13008670508861542, 0.1304730474948883, 0.1303013414144516, 0.13111692667007446, 0.1305159628391266, 0.1319754421710968, 0.13268372416496277, 0.13191105425357819, 0.13176082074642181, 0.13199691474437714, 0.13206130266189575, 0.13203983008861542, 0.13201837241649628], "acc@10": [0.009356831200420856, 0.00937954243272543, 0.010378815233707428, 0.02071220986545086, 0.030091751366853714, 0.033884447067976, 0.036041971296072006, 0.03844930976629257, 0.04078851640224457, 0.04226471483707428, 0.04249182343482971, 0.04546693339943886, 0.04651162773370743, 0.049077942967414856, 0.04807867109775543, 0.04832848906517029, 0.048169512301683426, 0.048532884567976, 0.048532884567976, 0.04898710176348686, 0.04860101640224457, 0.04875999316573143, 0.048828125, 0.04869186133146286, 0.04905523359775543, 0.04960029199719429, 0.049691133201122284, 0.04898710176348686, 0.048532884567976, 0.048442043364048004, 0.04835119843482971, 0.04832848906517029, 0.048714570701122284, 0.048714570701122284, 0.04896438866853714, 0.048873547464609146, 0.04889625683426857, 0.04898710176348686, 0.04896438866853714, 0.04889625683426857, 0.04889625683426857], "acc@15": [0.008873457089066505, 0.009379822760820389, 0.01256269309669733, 0.01806037873029709, 0.024233218282461166, 0.027102623134851456, 0.028983410447835922, 0.02946566417813301, 0.0295138880610466, 0.02973090298473835, 0.030285494402050972, 0.028718171641230583, 0.02751253917813301, 0.028187692165374756, 0.028356481343507767, 0.028983410447835922, 0.028766397386789322, 0.028742283582687378, 0.029055748134851456, 0.028235917910933495, 0.027753666043281555, 0.027223186567425728, 0.0271267369389534, 0.026837384328246117, 0.027488425374031067, 0.027584876865148544, 0.02664448320865631, 0.026813272386789322, 0.026620371267199516, 0.026451582089066505, 0.026355130597949028, 0.026837384328246117, 0.026596257463097572, 0.026572145521640778, 0.026379244402050972, 0.026403356343507767, 0.026620371267199516, 0.026499807834625244, 0.0264756940305233, 0.026451582089066505, 0.026451582089066505], "acc@20": [0.00881476141512394, 0.008737664669752121, 0.009611430577933788, 0.01295230258256197, 0.01516241766512394, 0.017244037240743637, 0.017423931509256363, 0.017783716320991516, 0.01804070733487606, 0.017937911674380302, 0.017963610589504242, 0.018194900825619698, 0.01806640625, 0.017295435070991516, 0.01708984375, 0.016755755990743637, 0.01703844591975212, 0.01714124158024788, 0.016884252429008484, 0.017218338325619698, 0.016909951344132423, 0.016781454905867577, 0.01716694049537182, 0.01708984375, 0.01665296033024788, 0.016987048089504242, 0.01703844591975212, 0.016832852736115456, 0.016858553513884544, 0.01655016466975212, 0.01667865924537182, 0.016498766839504242, 0.01652446575462818, 0.01662726141512394, 0.016755755990743637, 0.016755755990743637, 0.016807153820991516, 0.016755755990743637, 0.016704358160495758, 0.01667865924537182, 0.01667865924537182], "acc@25": [0.010838468559086323, 0.01031580101698637, 0.011526188813149929, 0.014607174322009087, 0.017770687118172646, 0.017193002626299858, 0.01735805533826351, 0.016807878389954567, 0.014689700677990913, 0.014112016186118126, 0.014607174322009087, 0.01507482398301363, 0.014662192203104496, 0.013946963474154472, 0.014056998305022717, 0.013506822288036346, 0.013506822288036346, 0.014001980423927307, 0.013589348644018173, 0.013259243220090866, 0.012433978728950024, 0.012103873305022717, 0.01196632906794548, 0.011856294237077236, 0.012186399661004543, 0.0113611351698637, 0.011388644576072693, 0.01111355610191822, 0.011058539152145386, 0.011251100338995457, 0.01081095915287733, 0.01081095915287733, 0.010645906440913677, 0.010728432796895504, 0.010783450677990913, 0.01067341584712267, 0.01081095915287733, 0.01081095915287733, 0.010755942203104496, 0.010755942203104496, 0.010755942203104496], "acc@30": [0.009410511702299118, 0.009440104477107525, 0.009321733377873898, 0.010771780274808407, 0.013997395522892475, 0.01592092774808407, 0.0185546875, 0.02178030274808407, 0.021366003900766373, 0.02145478129386902, 0.0224609375, 0.023822207003831863, 0.02328953519463539, 0.024177320301532745, 0.024295691400766373, 0.02506510354578495, 0.02444365620613098, 0.024206912145018578, 0.024502841755747795, 0.025124289095401764, 0.02568655274808407, 0.025804923847317696, 0.02607125975191593, 0.025952888652682304, 0.025804923847317696, 0.02568655274808407, 0.026100851595401764, 0.026160037145018578, 0.026160037145018578, 0.02654474414885044, 0.026751894503831863, 0.02687026560306549, 0.026811080053448677, 0.02651515230536461, 0.02684067189693451, 0.026929451152682304, 0.027107007801532745, 0.02704782225191593, 0.02704782225191593, 0.027077414095401764, 0.02704782225191593], "config": {"n_layer": 2, "d_model": 8, "n_head": 2, "n_params": 2368}}