{"0": 1.0, "1": 0.9794554051850644, "2": 0.2799342105263158, "3": 0.2633311389071758}