{"0": 1.0, "1": 1.0, "2": 0.999671052631579, "3": 0.9868334430546412}