{"step": [0, 100, 200, 300, 400, 500, 600, 700, 800, 900, 1000, 1100, 1200, 1300, 1400, 1500, 1600, 1700, 1800, 1900, 2000, 2100, 2200, 2300, 2400, 2500, 2600, 2700, 2800, 2900, 3000, 3100, 3200, 3300, 3400, 3500, 3600, 3700, 3800, 3900, 4000], "loss": [4.756723880767822, 4.678478717803955, 4.517830848693848, 4.286701679229736, 3.9476330280303955, 3.286329746246338, 2.3474204540252686, 1.872248888015747, 1.554394006729126, 1.2726134061813354, 1.1588207483291626, 0.9631384611129761, 0.7842978835105896, 0.6170226335525513, 0.5518885254859924, 0.5037127733230591, 0.4891262352466583, 0.4536243975162506, 0.42081010341644287, 0.40721648931503296, 0.3995074927806854, 0.3880007863044739, 0.3543933928012848, 0.3691614270210266, 0.37227487564086914, 0.35468223690986633, 0.3538055121898651, 0.3514406085014343, 0.3283524811267853, 0.3415178954601288, 0.3313122093677521, 0.3262738585472107, 0.3315526247024536, 0.33955392241477966, 0.3169943690299988, 0.33162015676498413, 0.3388376832008362, 0.3495228886604309, 0.3173367381095886, 0.3314889967441559, 0.3275669813156128], "acc@5": [0.012663118541240692, 0.01798591949045658, 0.11435439437627792, 0.17415006458759308, 0.21419985592365265, 0.2888264060020447, 0.5196815133094788, 0.6191620826721191, 0.6958061456680298, 0.7213255763053894, 0.7589715123176575, 0.7838684916496277, 0.8162774443626404, 0.8355511426925659, 0.857078492641449, 0.8648265600204468, 0.8704712986946106, 0.8777901530265808, 0.8811169266700745, 0.8864611983299255, 0.8880279660224915, 0.8911186456680298, 0.8939517736434937, 0.8959478139877319, 0.8967204689979553, 0.899489164352417, 0.901442289352417, 0.9041895866394043, 0.9046832323074341, 0.9059495329856873, 0.9079241156578064, 0.9091475009918213, 0.9095337986946106, 0.9105855226516724, 0.9118303656578064, 0.9115728139877319, 0.9115084409713745, 0.9121522903442383, 0.912302553653717, 0.9124098420143127, 0.9124312996864319], "acc@10": [0.009947311133146286, 0.014171511866152287, 0.06011537089943886, 0.08089571446180344, 0.09309139102697372, 0.2114371359348297, 0.4869867265224457, 0.6128724813461304, 0.7042378187179565, 0.744572103023529, 0.780704915523529, 0.8126135468482971, 0.8452034592628479, 0.8781340718269348, 0.8966206312179565, 0.9035246968269348, 0.9050690531730652, 0.9069540500640869, 0.909020721912384, 0.9103606343269348, 0.9109057188034058, 0.9137899875640869, 0.9156295657157898, 0.9160837531089783, 0.9157431125640869, 0.9175826907157898, 0.9184911251068115, 0.9179233312606812, 0.9194222092628479, 0.9198991656303406, 0.9206259250640869, 0.9204215407371521, 0.9200581312179565, 0.9206486344337463, 0.9213753342628479, 0.9211709499359131, 0.9215116500854492, 0.9211709499359131, 0.921443521976471, 0.921443521976471, 0.921443521976471], "acc@15": [0.010054976679384708, 0.013286072760820389, 0.03845968469977379, 0.05169752985239029, 0.07134934514760971, 0.24676890671253204, 0.39156538248062134, 0.45857447385787964, 0.5427758693695068, 0.6253858208656311, 0.7330005764961243, 0.7622733116149902, 0.8278597593307495, 0.8370708227157593, 0.8414351940155029, 0.8474633693695068, 0.8594232201576233, 0.8654272556304932, 0.8714795708656311, 0.8762297630310059, 0.8792438507080078, 0.882282018661499, 0.8855372071266174, 0.8873698115348816, 0.8890094757080078, 0.8924575448036194, 0.89453125, 0.8938561081886292, 0.898413360118866, 0.896508514881134, 0.8977623581886292, 0.8981240391731262, 0.9001012444496155, 0.899329662322998, 0.900921106338501, 0.9011622071266174, 0.9009693264961243, 0.9010899066925049, 0.9011381268501282, 0.9013069272041321, 0.901282787322998], "acc@20": [0.009688528254628181, 0.01195004116743803, 0.02639288641512394, 0.03122430108487606, 0.03744346275925636, 0.047106292098760605, 0.15216386318206787, 0.2104235142469406, 0.25406044721603394, 0.33316200971603394, 0.38787519931793213, 0.46661698818206787, 0.5148283243179321, 0.5886616110801697, 0.6437859535217285, 0.6779656410217285, 0.6945672035217285, 0.7165656089782715, 0.7271792888641357, 0.7401573061943054, 0.7453484535217285, 0.7521073222160339, 0.7596885561943054, 0.7637232542037964, 0.7676809430122375, 0.7769325375556946, 0.7762643694877625, 0.7783973813056946, 0.7799650430679321, 0.7829975485801697, 0.7865182757377625, 0.7884200215339661, 0.7877261638641357, 0.7899105548858643, 0.7887797951698303, 0.7894222736358643, 0.7915809750556946, 0.7921206951141357, 0.7919151186943054, 0.7919151186943054, 0.7920692563056946], "acc@25": [0.00971060711890459, 0.01081095915287733, 0.019613776355981827, 0.020191460847854614, 0.020439039915800095, 0.01977882906794548, 0.011388644576072693, 0.00555677805095911, 0.004483934957534075, 0.005226672627031803, 0.00695972703397274, 0.009985695593059063, 0.016175176948308945, 0.03125, 0.045719631016254425, 0.06483824551105499, 0.0770796686410904, 0.09220951050519943, 0.10090228915214539, 0.10965009033679962, 0.1161421686410904, 0.12566021084785461, 0.128521129488945, 0.13388533890247345, 0.13737896084785461, 0.14001980423927307, 0.1423855572938919, 0.14612676203250885, 0.14678697288036346, 0.1494828313589096, 0.1500605195760727, 0.15113335847854614, 0.15352663397789001, 0.15561729669570923, 0.15418684482574463, 0.1551496535539627, 0.1561124622821808, 0.15564480423927307, 0.15608493983745575, 0.15625, 0.15616747736930847], "acc@30": [0.00929214060306549, 0.01023910939693451, 0.01692708395421505, 0.017015861347317696, 0.016986269503831863, 0.020063919946551323, 0.004202178213745356, 0.0013316761469468474, 0.00035511364694684744, 5.918560782447457e-05, 8.877841173671186e-05, 0.00029592803912237287, 0.0003847064508590847, 0.000828598509542644, 0.0014796401374042034, 0.0020123105496168137, 0.0033735795877873898, 0.004172585438936949, 0.004527698736637831, 0.0055338540114462376, 0.005178740713745356, 0.005829782225191593, 0.006421638187021017, 0.007043086923658848, 0.007664536125957966, 0.007339015137404203, 0.00727982958778739, 0.008049242198467255, 0.008078834973275661, 0.008433949202299118, 0.00831557810306549, 0.008641098625957966, 0.008907433599233627, 0.008996211923658848, 0.00887784082442522, 0.009232954122126102, 0.009084990248084068, 0.009144175797700882, 0.009380918927490711, 0.00926254689693451, 0.00926254689693451], "config": {"n_layer": 3, "d_model": 64, "n_head": 1, "n_params": 86528, "residual": "add"}}