{"step": [0, 200, 400, 600, 800, 1000, 1200, 1400, 1600, 1800, 2000, 2200, 2400, 2600, 2800, 3000, 3200, 3400, 3600, 3800, 4000, 4200, 4400, 4600, 4800, 5000, 5200, 5400, 5600, 5800, 6000, 6200, 6400, 6600, 6800, 7000, 7200, 7400, 7600, 7800, 8000, 8200, 8400, 8600, 8800, 9000, 9200, 9400, 9600, 9800, 10000, 10200, 10400, 10600, 10800, 11000, 11200, 11400, 11600, 11800, 12000, 12200, 12400, 12600, 12800, 13000, 13200, 13400, 13600, 13800, 14000, 14200, 14400, 14600, 14800, 15000, 15200, 15400, 15600, 15800, 16000, 16200, 16400, 16600, 16800, 17000, 17200, 17400, 17600, 17800, 18000, 18200, 18400, 18600, 18800, 19000, 19200, 19400, 19600, 19800, 20000], "loss": [4.614413261413574, 4.013131618499756, 3.439419746398926, 3.2996649742126465, 3.2453386783599854, 3.21294903755188, 3.190770149230957, 3.1906964778900146, 3.166898012161255, 3.122058153152466, 3.1196494102478027, 3.0882394313812256, 3.067547559738159, 3.0482115745544434, 3.052103281021118, 3.0186498165130615, 3.019362449645996, 2.987138032913208, 2.939964532852173, 2.8364808559417725, 2.759033679962158, 2.750598907470703, 2.7090771198272705, 2.6731481552124023, 2.63413667678833, 2.574831008911133, 2.555811882019043, 2.542269706726074, 2.4988157749176025, 2.49544095993042, 2.4850640296936035, 2.474951982498169, 2.4663734436035156, 2.4503984451293945, 2.4456191062927246, 2.450082302093506, 2.429445743560791, 2.4379940032958984, 2.429034948348999, 2.4435298442840576, 2.414870262145996, 2.4070847034454346, 2.417628288269043, 2.416062116622925, 2.404388904571533, 2.405827760696411, 2.3968729972839355, 2.393204689025879, 2.3971753120422363, 2.397280216217041, 2.4068410396575928, 2.393889904022217, 2.384751319885254, 2.378525495529175, 2.3861794471740723, 2.3920717239379883, 2.372889518737793, 2.384129285812378, 2.363741159439087, 2.37111496925354, 2.36794376373291, 2.3725173473358154, 2.3735196590423584, 2.3734445571899414, 2.3755950927734375, 2.376453161239624, 2.360762357711792, 2.359452962875366, 2.3657352924346924, 2.370556116104126, 2.3629236221313477, 2.3690967559814453, 2.354595184326172, 2.3555963039398193, 2.356961250305176, 2.3633780479431152, 2.3414182662963867, 2.343616008758545, 2.357863187789917, 2.3539650440216064, 2.353578567504883, 2.3323938846588135, 2.3569042682647705, 2.3529911041259766, 2.355116605758667, 2.338141679763794, 2.362591028213501, 2.3434031009674072, 2.341214179992676, 2.355940103530884, 2.3446967601776123, 2.342972755432129, 2.3316071033477783, 2.336789846420288, 2.329432249069214, 2.330379009246826, 2.3330042362213135, 2.334207773208618, 2.3369672298431396, 2.3388402462005615, 2.3368875980377197], "legal|in": [0.03863188996911049, 0.43994012475013733, 0.6446645259857178, 0.6902887225151062, 0.7175812125205994, 0.720492959022522, 0.7366100549697876, 0.7512097954750061, 0.7551262974739075, 0.7607652544975281, 0.774421751499176, 0.7799786925315857, 0.7660965919494629, 0.7590427994728088, 0.7807578444480896, 0.776861846446991, 0.7766978144645691, 0.7620160579681396, 0.7963418364524841, 0.8559300899505615, 0.8900303244590759, 0.9004265069961548, 0.905860424041748, 0.9185531735420227, 0.9222030639648438, 0.9422162175178528, 0.948736846446991, 0.9565698504447937, 0.9568159580230713, 0.9565903544425964, 0.9660432934761047, 0.9681143164634705, 0.9648950099945068, 0.9702879190444946, 0.9712516665458679, 0.9750655889511108, 0.9765830039978027, 0.9737122654914856, 0.9768905639648438, 0.977239191532135, 0.9789615869522095, 0.9754552245140076, 0.9800894260406494, 0.9784284830093384, 0.9815452694892883, 0.9808275699615479, 0.980971097946167, 0.9826115369796753, 0.9812377095222473, 0.9835547804832458, 0.9837598204612732, 0.983001172542572, 0.9818323254585266, 0.981955349445343, 0.983308732509613, 0.9839033484458923, 0.9822629690170288, 0.9842724800109863, 0.9839238524436951, 0.9836367964744568, 0.983698308467865, 0.985359251499176, 0.9847235679626465, 0.9857078194618225, 0.9857693314552307, 0.9868355989456177, 0.9847235679626465, 0.9852977395057678, 0.9863640069961548, 0.9860564470291138, 0.9862614870071411, 0.9861999750137329, 0.9860974550247192, 0.9862409830093384, 0.985666811466217, 0.9868971705436707, 0.9869996905326843, 0.9873687624931335, 0.9862614870071411, 0.9872867465019226, 0.9875122904777527, 0.9873892664909363, 0.9872252345085144, 0.9870612025260925, 0.9868150949478149, 0.9869381785392761, 0.9868766069412231, 0.9875122904777527, 0.9876558184623718, 0.9874712824821472, 0.9872457385063171, 0.9873482584953308, 0.9873072504997253, 0.9874712824821472, 0.9872662425041199, 0.987409770488739, 0.9874507784843445, 0.98749178647995, 0.9873277544975281, 0.987409770488739, 0.9874507784843445], "mass|in": [0.034875232726335526, 0.16783885657787323, 0.33562013506889343, 0.3862140476703644, 0.3984311819076538, 0.4119613766670227, 0.41640129685401917, 0.4147721827030182, 0.41662099957466125, 0.4082302451133728, 0.4059017300605774, 0.40434974431991577, 0.4057539403438568, 0.400352418422699, 0.4080464243888855, 0.41092026233673096, 0.4192923903465271, 0.42561060190200806, 0.46913623809814453, 0.5311064124107361, 0.5599238872528076, 0.5898734927177429, 0.5993061065673828, 0.6193658709526062, 0.6382362246513367, 0.6379247307777405, 0.6582174897193909, 0.6505990624427795, 0.6754104495048523, 0.6844995617866516, 0.6794760227203369, 0.6813920736312866, 0.6965165138244629, 0.6949379444122314, 0.6967871189117432, 0.6958922743797302, 0.6963415145874023, 0.7103609442710876, 0.7058646082878113, 0.7126500010490417, 0.7086551785469055, 0.7132857441902161, 0.7159000635147095, 0.7243080139160156, 0.7209283709526062, 0.7128393650054932, 0.7240726351737976, 0.7193406224250793, 0.7292953729629517, 0.717824399471283, 0.7229304909706116, 0.728847324848175, 0.723333477973938, 0.7293434143066406, 0.7253827452659607, 0.729905903339386, 0.7322962880134583, 0.7288112640380859, 0.7238879799842834, 0.7333194017410278, 0.736560583114624, 0.7309638261795044, 0.7337495684623718, 0.7344301342964172, 0.7319627404212952, 0.7307460308074951, 0.7321099042892456, 0.7354172468185425, 0.731765627861023, 0.7385228276252747, 0.7381556630134583, 0.7380014061927795, 0.7393938302993774, 0.7376513481140137, 0.7398937940597534, 0.7354519963264465, 0.7381794452667236, 0.7362834811210632, 0.7321255207061768, 0.7382374405860901, 0.7385002970695496, 0.7392012476921082, 0.7387323379516602, 0.7381308078765869, 0.7413658499717712, 0.7363438010215759, 0.7401552200317383, 0.7392340898513794, 0.740310788154602, 0.7390929460525513, 0.7404556274414062, 0.7397834062576294, 0.7397871017456055, 0.7396813631057739, 0.7408572435379028, 0.740497887134552, 0.7403934597969055, 0.7405209541320801, 0.7407717704772949, 0.7404836416244507, 0.7404786944389343],