{"step": [0, 100, 200, 300, 400, 500, 600, 700, 800, 900, 1000, 1100, 1200, 1300, 1400, 1500, 1600, 1700, 1800, 1900, 2000, 2100, 2200, 2300, 2400, 2500, 2600, 2700, 2800, 2900, 3000, 3100, 3200, 3300, 3400, 3500, 3600, 3700, 3800, 3900, 4000], "loss": [4.617818355560303, 4.611035346984863, 4.608598232269287, 4.594672203063965, 4.565608978271484, 4.529882907867432, 4.493923187255859, 4.444271564483643, 4.414925575256348, 4.3522443771362305, 4.265509605407715, 4.149567604064941, 4.0386223793029785, 4.017675399780273, 4.01041841506958, 3.98069167137146, 3.9635837078094482, 3.9388322830200195, 3.9056448936462402, 3.875114917755127, 3.8422300815582275, 3.8188090324401855, 3.816697120666504, 3.83489990234375, 3.8230514526367188, 3.8046467304229736, 3.8265321254730225, 3.825377941131592, 3.790951728820801, 3.8158764839172363, 3.7823784351348877, 3.7566680908203125, 3.773704767227173, 3.783337116241455, 3.7774975299835205, 3.7681455612182617, 3.7671396732330322, 3.7859039306640625, 3.7638304233551025, 3.794785976409912, 3.7791035175323486], "acc@5": [0.009121737442910671, 0.009229051880538464, 0.014573317021131516, 0.032129980623722076, 0.057542067021131516, 0.07915522158145905, 0.09029447287321091, 0.10018887370824814, 0.11806748062372208, 0.13118131458759308, 0.15154962241649628, 0.17039406299591064, 0.17769144475460052, 0.18297132849693298, 0.18400155007839203, 0.18088942766189575, 0.18099673092365265, 0.1841517835855484, 0.18284255266189575, 0.19494763016700745, 0.20104309916496277, 0.20806147158145905, 0.20861950516700745, 0.2113238275051117, 0.2105940878391266, 0.2110448181629181, 0.21319110691547394, 0.21600274741649628, 0.21887877583503723, 0.22926682233810425, 0.22772149741649628, 0.23098385334014893, 0.22473815083503723, 0.22703468799591064, 0.22482401132583618, 0.22570398449897766, 0.2254464328289032, 0.2250600904226303, 0.22514595091342926, 0.22525326907634735, 0.2253391146659851], "acc@10": [0.009084302000701427, 0.008630087599158287, 0.014489462599158287, 0.02330123633146286, 0.037132084369659424, 0.04826035723090172, 0.054937317967414856, 0.05539153516292572, 0.059524890035390854, 0.07367369532585144, 0.09259175509214401, 0.113667331635952, 0.11827761679887772, 0.11964026093482971, 0.11727834492921829, 0.11596111953258514, 0.11566588282585144, 0.11782339960336685, 0.12061682343482971, 0.12611283361911774, 0.12901979684829712, 0.12933775782585144, 0.12972383201122284, 0.12972383201122284, 0.1305641382932663, 0.13129088282585144, 0.13201762735843658, 0.1342886984348297, 0.13542424142360687, 0.13830851018428802, 0.13969385623931885, 0.14126090705394745, 0.13962572813034058, 0.1407158374786377, 0.14007994532585144, 0.14048872888088226, 0.14076127111911774, 0.14069312810897827, 0.14089752733707428, 0.14087481796741486, 0.14096565544605255], "acc@15": [0.009114583022892475, 0.009645061567425728, 0.012972608208656311, 0.018036264926195145, 0.028790509328246117, 0.035132136195898056, 0.03812210634350777, 0.037688080221414566, 0.04292052611708641, 0.053409527987241745, 0.06715374439954758, 0.0826822891831398, 0.0883246511220932, 0.08863811939954758, 0.0870225727558136, 0.08625096082687378, 0.08598572760820389, 0.08569637686014175, 0.08849344402551651, 0.09247203171253204, 0.09497974812984467, 0.09387056529521942, 0.09408757835626602, 0.09237557649612427, 0.09227912873029709, 0.09360532462596893, 0.09211033582687378, 0.09230323880910873, 0.09375, 0.09500385820865631, 0.09466627985239029, 0.09449749439954758, 0.09442515671253204, 0.09512442350387573, 0.09502796828746796, 0.0952690988779068, 0.09522087126970291, 0.09510030597448349, 0.09529320895671844, 0.09517264366149902, 0.09522087126970291], "acc@20": [0.009225945919752121, 0.009714227169752121, 0.012592516839504242, 0.015779193490743637, 0.02433696575462818, 0.02682976983487606, 0.02433696575462818, 0.024619653820991516, 0.028191817924380302, 0.039807770401239395, 0.05317125841975212, 0.06856496632099152, 0.07113486528396606, 0.07308799028396606, 0.07339638471603394, 0.07270250469446182, 0.07159744948148727, 0.07085218280553818, 0.07275390625, 0.07722553610801697, 0.07712274044752121, 0.07761102169752121, 0.07802220433950424, 0.07791940867900848, 0.07822779566049576, 0.07820209860801697, 0.078125, 0.07853618264198303, 0.07902446389198303, 0.0773797258734703, 0.0771484375, 0.0773797258734703, 0.07791940867900848, 0.07799650728702545, 0.07802220433950424, 0.07840768992900848, 0.07892166823148727, 0.07881887257099152, 0.07889597117900848, 0.0788445696234703, 0.0788445696234703], "acc@25": [0.009628080762922764, 0.009738116525113583, 0.011553697288036346, 0.014964789152145386, 0.020934198051691055, 0.02329995669424534, 0.024482835084199905, 0.025665713474154472, 0.030947403982281685, 0.04236355796456337, 0.04676496610045433, 0.044371698051691055, 0.04175836220383644, 0.0395851656794548, 0.0390625, 0.03749449923634529, 0.03622909262776375, 0.036944322288036346, 0.03537632152438164, 0.03724692016839981, 0.038264743983745575, 0.03600902110338211, 0.034853652119636536, 0.03394586220383644, 0.033258143812417984, 0.031800176948308945, 0.029874559491872787, 0.02794894389808178, 0.026793573051691055, 0.02357504330575466, 0.022062059491872787, 0.021539391949772835, 0.022392164915800095, 0.021869497373700142, 0.022062059491872787, 0.02208956889808178, 0.02211707830429077, 0.022282131016254425, 0.022392164915800095, 0.02222711220383644, 0.022309638559818268], "acc@30": [0.009499290026724339, 0.009114583022892475, 0.009765625, 0.012133048847317696, 0.0166015625, 0.02000473439693451, 0.023348720744252205, 0.026603929698467255, 0.030806107446551323, 0.03193063288927078, 0.02488754689693451, 0.016660748049616814, 0.012162641622126102, 0.009765625, 0.008433949202299118, 0.00727982958778739, 0.008256391622126102, 0.009795217774808407, 0.009558475576341152, 0.008996211923658848, 0.010535038076341152, 0.012073863297700882, 0.012428977526724339, 0.011600378900766373, 0.011570786125957966, 0.010890151374042034, 0.010683001950383186, 0.00870028417557478, 0.007634943351149559, 0.00736860791221261, 0.006421638187021017, 0.005977746099233627, 0.005918560549616814, 0.005504261236637831, 0.005593039561063051, 0.005681818351149559, 0.00541548291221261, 0.00541548291221261, 0.00532670458778739, 0.005267519038170576, 0.005237926263362169], "config": {"n_layer": 2, "d_model": 8, "n_head": 1, "n_params": 2368}}