candidate,prefix,position,residual_norm,target_norm,relative_error,largest_error_feature
original384,0,0,0.6909056270019333,42.36299599829007,0.016309177637715257,11
original384,0,1,2.489453040948834,48.01835829925902,0.05184377661214729,0
original384,0,2,2.588252451523025,52.58935172489037,0.0492162836511638,2
original384,0,3,2.3887615943629563,59.69560147258585,0.040015705268669634,1
original384,0,4,4.4618398290868475,156.91273936382282,0.028435166240654845,2
original384,0,5,6.237168219193201,125.89394628469496,0.04954303525515475,0
original384,0,6,2.866114389962279,46.10905010558437,0.062159475924991076,3
original384,0,7,5.14014544571956,82.42148851080603,0.06236414239286217,2
original384,0,8,12.623174006325662,244.29528017789968,0.051671788325723146,0
original384,0,9,4.6481644109915425,68.48928351886623,0.06786703221550197,0
original384,0,10,2.3031795360513914,35.71597845439881,0.06448597058574297,0
original384,0,11,5.082322741552581,144.83540444348284,0.035090334169887216,2
original384,0,12,4.831846401136928,117.51502537748904,0.041116839192399196,0
original384,0,13,3.013086288188786,183.3974549561333,0.016429269909495114,1
original384,0,14,6.222881182396627,192.62016451076025,0.03230648877391547,0
original384,0,15,3.381963307992566,37.08627154936188,0.09119178517288178,3
original384,0,16,6.739075049542255,40.04241148170505,0.1682984315922448,3
original384,0,17,9.086482659781655,190.02033106706963,0.047818476100720445,0
original384,0,18,5.866579156183448,190.41323635419243,0.03080972346518431,6
original384,0,19,3.655830718688089,17.38024129734885,0.21034407153171933,0
original384,0,20,9.554998900691631,54.547758231838245,0.17516758177450825,0
original384,0,21,4.570129979558731,53.997502636782706,0.08463595085683817,0
original384,0,22,5.812300222970399,51.67843342393767,0.11247051889692378,0
original384,0,23,3.8137741968684833,49.73385609108488,0.07668366172700868,0
original384,0,24,14.90568686895381,70.1803311590278,0.2123912301749859,0
original384,0,25,2.7237577169746663,145.93634876458387,0.018664011673804968,4
original384,0,26,5.348936526954517,92.71023141528666,0.05769521276453798,0
original384,0,27,2.079318547982007,49.458888533283535,0.04204135211374033,0
original384,0,28,16.650043739633354,182.84323852223363,0.091061850983397,0
original384,0,29,22.075867976856657,69.69284064084854,0.31675948022582817,0
original384,0,30,9.296306636237743,12.820656161919446,0.7251038105093324,0
original384,0,31,4.941623363034193,33.49291561332069,0.14754234656921975,0
original384,0,32,3.5294150734403327,67.31295048735478,0.052432927807901666,0
original384,0,33,2.5263146347473375,139.04290812996453,0.018169316714707742,7
original384,0,34,6.416856257169023,80.60839360747156,0.0796053111840483,2
original384,0,35,5.210112854507831,29.813960034696006,0.1747541369360045,2
original384,0,36,5.047174864882506,102.40500723720517,0.04928640699366893,3
original384,0,37,6.606662378752166,144.61789174574568,0.04568357551752595,0
original384,0,38,3.237402373718097,45.51538280280071,0.07112765342970792,1
original384,0,39,3.1480324618109603,135.73919228397082,0.02319177246336617,0
original384,0,40,8.018672538747216,127.87824916497178,0.06270552334824803,0
original384,0,41,6.294717182934856,64.67383044255072,0.09733020512100958,2
original384,0,42,21.444824792683452,61.642177754412195,0.34789206958458707,0
original384,0,43,6.299263628347716,67.90998253290755,0.0927590229506427,0
original384,0,44,5.067663914388789,110.66172903355664,0.04579418701159178,2
original384,0,45,2.1257331489852827,52.87956160160212,0.04019952292722635,0
original384,0,46,3.1764281250058293,45.2447529658587,0.07020544741182994,0
original384,0,47,4.6264104966997275,63.697040135660245,0.07263148314029227,0
original384,0,48,6.402201413402613,140.4230335057465,0.0455922454711863,0
original384,0,49,3.9485753567256583,19.802911814138497,0.19939367471739844,0
original384,0,50,5.6893269736227845,83.69528280526889,0.06797667422738696,0
original384,0,51,5.7677110711982,86.38075160961682,0.06677079052593098,2
original384,0,52,3.3684957940879534,38.80713068018448,0.0868009495947599,0
original384,0,53,5.457316818108781,43.17582285487494,0.12639751734326474,0
original384,0,54,5.961595967551583,67.0839998844202,0.08886762831409704,0
original384,0,55,6.955587919713516,90.5594193525764,0.07680689617314371,0
original384,0,56,5.844682405055275,77.78246519240203,0.07514138810846274,5
original384,0,57,5.372409865454672,54.9926047550603,0.09769331511725336,2
original384,0,58,8.082954354880568,71.30714961622097,0.11335405213058546,0
original384,0,59,7.800482074871479,38.93766876403537,0.20033253973531062,0
original384,0,60,2.2902523586990458,42.08160298754421,0.054424075988192294,6
original384,0,61,5.78789149717594,66.92200541726385,0.08648711976110088,1
original384,0,62,17.875169119682585,103.4530211923646,0.17278537556138449,0
original384,0,63,3.801834166147899,49.39988116495848,0.07696039092589373,0
original384,1,0,1.7193870632987793,38.73868791611882,0.0443842359096359,0
original384,1,1,1.3583680754525003,23.12140325781232,0.05874937867335241,2
original384,1,2,3.5709749358606646,59.365595504899325,0.06015226336887262,3
original384,1,3,1.488177168444539,197.45663780190154,0.007536729000407439,0
original384,1,4,2.016424073430306,82.09956470529578,0.024560715768329012,2
original384,1,5,3.7282010523542666,44.59773266520516,0.0835962016352231,0
original384,1,6,5.03602986611425,57.566366854139396,0.08748215566347013,0
original384,1,7,2.5572385805450044,76.57186772823532,0.033396580969149346,0
original384,1,8,4.536055480007761,114.7370892109186,0.03953434335142695,0
original384,1,9,5.434692938074128,50.471621655401904,0.10767819142368414,0
original384,1,10,5.075646969009919,65.35815855229971,0.07765896532945275,0
original384,1,11,6.7635505653526,87.03165022146229,0.07771368861950737,0
original384,1,12,4.936016373508426,75.40480707012836,0.06546023476882326,0
original384,1,13,4.895350740338563,148.92281330614819,0.032871731547771274,0
original384,1,14,3.3758023820888026,55.598088440031134,0.06071795769975059,0
original384,1,15,2.2029065396662255,51.68036055678156,0.0426256031485283,2
original384,1,16,6.342199575124366,301.268090802201,0.02105168044261404,2
original384,1,17,5.827001631387147,50.80458303006951,0.11469440912325454,0
original384,1,18,2.277897397307686,38.075828084232526,0.05982528842888068,0
original384,1,19,8.377915062315484,77.23531484896442,0.1084725954532419,0
original384,1,20,7.0321583618221,180.34059307117718,0.03899376309052413,2
original384,1,21,3.344252399470484,96.39630256504782,0.03469274557718432,0
original384,1,22,4.364627013142459,61.77713210208418,0.07065117567986309,3
original384,1,23,14.58883046653381,132.1089095649862,0.11043032990411115,0
original384,1,24,3.6361435208175266,43.69529416207665,0.0832159066678936,2
original384,1,25,2.731347508206342,82.92075316108469,0.03293925108109345,1
original384,1,26,8.534517709618713,150.06356632781444,0.05687268347984631,0
original384,1,27,5.429110775250856,71.68665906740412,0.07573390705997442,0
original384,1,28,5.475941810847259,73.84804161253311,0.07415148311689163,0
original384,1,29,7.912046914250298,61.07733409642533,0.12954145807607156,0
original384,1,30,6.75077867624049,68.47112397216527,0.09859307522080113,0
original384,1,31,11.809839372964046,118.86868978228455,0.09935197733393467,0
original384,1,32,3.0632913905700327,78.76346997749901,0.03889228587116778,2
original384,1,33,7.001797025362485,68.58129335675406,0.10209485243942153,0
original384,1,34,8.162707708366648,114.27711490749923,0.07142906709688893,0
original384,1,35,4.8637113160134495,101.0341206313746,0.04813929478100588,0
original384,1,36,5.35833354554973,136.36157688822937,0.039295039466592276,0
original384,1,37,2.987540755631949,82.28276499139534,0.036308220268781305,0
original384,1,38,3.503531876998211,69.30061518365308,0.05055556675382355,0
original384,1,39,11.933418252799834,351.5816019798883,0.033942101024622064,2
original384,1,40,5.212225587971109,63.9932214930976,0.08144965148431084,0
original384,1,41,5.183329591814861,62.83636910784962,0.08248932370548684,0
original384,1,42,8.37319829801831,169.70270108205807,0.049340394965013155,2
original384,1,43,1.9406450517048346,83.01017604311801,0.02337839942294309,1
original384,1,44,9.424245512046767,131.14364449426873,0.07186200710213317,1
original384,1,45,6.444037162124685,164.6558683904311,0.0391363953506025,3
original384,1,46,3.509636073645035,87.29242863771097,0.04020550382681009,1
original384,1,47,8.118018062125117,39.463797945665455,0.20570797755710604,0
original384,1,48,4.256718091896457,95.96842897222693,0.044355400390354856,2
original384,1,49,10.745174476397972,158.68331709964568,0.06771458192829752,0
original384,1,50,3.936841530555449,89.59801811580616,0.043938935406663236,0
original384,1,51,4.238220724858028,45.78139964458891,0.092575167158721,0
original384,1,52,5.239829706601339,63.27636155317048,0.08280864414428069,0
original384,1,53,7.667157372537831,34.60926753735684,0.22153480608227233,0
original384,1,54,9.767237827349216,104.74375021551494,0.0932488841315371,0
original384,1,55,4.903258041162327,71.3081728323569,0.0687615156356582,0
original384,1,56,6.0822418419976305,100.83606701819237,0.06031811852499464,0
original384,1,57,4.755711088990255,79.73562550374348,0.05964349133709349,2
original384,1,58,9.794146947429256,58.413209251445245,0.1676700710839121,0
original384,1,59,7.512181037782827,50.991855668937184,0.14732119353638345,0
original384,1,60,4.495991364707435,86.24100261932728,0.052132874481445886,2
original384,1,61,8.314878525611833,128.51624840538437,0.06469904489729464,0
original384,1,62,2.1782152728947524,57.40504055969159,0.03794466917290607,5
original384,1,63,3.0384231042253282,91.76980988650948,0.03310917945654357,0
original384,2,0,0.7847862690456463,91.81174135953533,0.008547776759536871,3
original384,2,1,3.398046195268712,85.8952216058249,0.03956036356553595,0
original384,2,2,2.89226912340722,48.38355837452837,0.0597779332602759,0
original384,2,3,5.754137682574816,62.836885877574275,0.09157261061258923,0
original384,2,4,10.510113033579719,88.40628405954772,0.11888423029408672,0
original384,2,5,2.9423934937867613,80.36299542180112,0.03661378571496776,2
original384,2,6,2.9095231800407078,78.91180657738344,0.03687056862888491,0
original384,2,7,6.662974079761931,226.12442585617703,0.029465963504534502,2
original384,2,8,2.123470232613978,43.351436011313744,0.04898269649152569,0
original384,2,9,2.525184121404411,54.983795773013505,0.04592596938612579,0
original384,2,10,6.649593300887491,102.04985439795989,0.0651602429039862,3
original384,2,11,5.8419029441072885,51.331458827378455,0.11380745993899975,0
original384,2,12,4.235999295014571,69.36699195692539,0.06106649827983007,0
original384,2,13,6.142337094257821,93.6443042631918,0.06559221238906841,0
original384,2,14,3.5725908659073653,35.82219746726966,0.09973120351345284,0
original384,2,15,4.848275250130126,71.76562894217574,0.06755706487344468,2
original384,2,16,4.348339407149061,82.92029917711011,0.05243998695496032,2
original384,2,17,3.643249855933198,73.84568707449982,0.04933598697859871,0
original384,2,18,5.9809757426526815,43.00714762458645,0.13906934249304784,2
original384,2,19,3.618470151562099,38.155551643891116,0.09483469628046731,1
original384,2,20,5.3656985632507475,85.7212643377153,0.06259472027980774,0
original384,2,21,14.616027428466632,71.14089058125258,0.20545184786199913,2
original384,2,22,2.0252282331195994,62.217225913068994,0.032550924657895934,0
original384,2,23,7.807234028604677,157.41342993665873,0.049597000915018584,0
original384,2,24,13.432013552159791,63.531918068632606,0.2114215021439992,0
original384,2,25,6.785353059755426,68.84136733320446,0.09856505358054715,0
original384,2,26,3.6329142714784353,103.20454130203476,0.03520110864934206,0
original384,2,27,6.159769691138522,66.16220778280726,0.09310102999221836,0
original384,2,28,5.867712994930705,39.63382227996551,0.1480481229764401,0
original384,2,29,3.8421950069244253,59.48430018394583,0.06459174933626255,2
original384,2,30,9.82409089685379,269.76013023496387,0.036417875719057906,0
original384,2,31,6.7503297318390025,81.22692450681488,0.08310458352110395,0
original384,2,32,10.521742520038801,153.77576195432565,0.06842263297101374,0
original384,2,33,10.063618028985795,88.3194246733498,0.11394569276471375,0
original384,2,34,4.924517643207473,27.153009588386748,0.18136176128754702,0
original384,2,35,9.047007130201925,85.48200399860512,0.10583522504163043,0
original384,2,36,3.442800224704543,41.406103933028696,0.0831471666658862,0
original384,2,37,12.160240461842575,90.686367732001,0.13409116238704005,0
original384,2,38,4.621079873429282,64.93913901878494,0.07116016539875193,0
original384,2,39,6.182759522536846,140.62044746548509,0.04396771333027075,0
original384,2,40,9.653993794543648,76.57056467021101,0.12607969963553678,0
original384,2,41,5.4767830427346755,31.63304762763309,0.17313485274022172,0
original384,2,42,3.329408195087729,76.28016356682727,0.04364710351166083,1
original384,2,43,8.41433337938447,48.51703172451011,0.17343050636656465,2
original384,2,44,9.331107983189025,42.75776430422223,0.2182318962422364,0
original384,2,45,5.47418856004453,48.4248891628932,0.11304493731787961,0
original384,2,46,5.0103978414817085,42.31028569088491,0.11842032639739704,2
original384,2,47,2.5104161286756197,40.82452050669286,0.061492850314409854,0
original384,2,48,3.868047137747489,40.288167862320805,0.09600950708322108,2
original384,2,49,5.316337383789982,58.16301201146587,0.09140409342525031,0
original384,2,50,7.404975416728158,61.11900569291865,0.12115667348930892,0
original384,2,51,2.139959372841891,42.95736763965603,0.04981588701600027,2
original384,2,52,4.357260385163666,72.0850384878766,0.0604461130432285,1
original384,2,53,1.3298899720392392,47.067069879594776,0.028255210605659418,7
original384,2,54,9.554987873778424,73.09761286536283,0.13071545703383752,0
original384,2,55,5.6904985016432255,47.807996064575846,0.11902817457474855,0
original384,2,56,3.159239972907724,45.873562523153296,0.06886842440704694,2
original384,2,57,12.636663480605637,252.48217634443878,0.05004972494916461,0
original384,2,58,2.427421301117316,25.980764189717277,0.093431481976117,1
original384,2,59,6.142909789225849,40.09314632880052,0.15321595713263214,0
original384,2,60,6.676279847526633,58.41680152941942,0.11428698033329292,1
original384,2,61,6.226784038282166,101.02449020752908,0.061636381688151304,0
original384,2,62,7.549010316541592,50.03533518501382,0.15087358341116122,0
original384,2,63,5.896762992773337,54.61282684363652,0.10797395655157205,0
original384,3,0,2.264403695694555,46.90991283812706,0.048271326009672544,2
original384,3,1,3.0572920267449897,46.38323535012002,0.06591372946857359,0
original384,3,2,5.877768993083049,48.31574478053404,0.12165328341272195,2
original384,3,3,1.6761156684932508,23.34144463425591,0.07180856604022627,0
original384,3,4,8.685437588419578,93.01241626965302,0.09337933511198719,0
original384,3,5,14.708160080165106,105.00589877395765,0.14006984609337828,0
original384,3,6,16.775346229764736,184.74021278786654,0.0908050606666104,0
original384,3,7,4.1650101794049315,50.87061668043368,0.08187457615403582,0
original384,3,8,9.413954657842684,84.0424363052548,0.11201429981931725,2
original384,3,9,5.0452076178240635,91.75460181723875,0.05498588101197749,2
original384,3,10,3.0716219905084827,22.503144845558303,0.13649745453754936,0
original384,3,11,4.0740131027805235,80.10235494357082,0.0508600915122972,2
original384,3,12,2.7686662259005144,189.2251523107353,0.014631597290797582,2
original384,3,13,2.0308442055823104,35.107814257927885,0.057845931126963124,1
original384,3,14,7.915314278327056,100.36561210235887,0.07886480351711046,0
original384,3,15,4.447848163248912,74.01088227391578,0.06009721849804918,1
original384,3,16,11.021282985032284,91.39578710844616,0.12058852310068649,0
original384,3,17,3.47563053391025,54.569552318034,0.0636917545823742,3
original384,3,18,5.441883423491655,73.46079065238374,0.07407874833858831,3
original384,3,19,6.34590365001524,163.56238398838443,0.038798062826388625,2
original384,3,20,2.805154410397049,95.31956531864236,0.029428946733230897,0
original384,3,21,9.20379911004823,180.75174515003056,0.05091955877055981,0
original384,3,22,2.1669836976760273,26.808320951284575,0.08083250352059784,5
original384,3,23,4.461896282052425,61.383312776440484,0.07268907591062672,2
original384,3,24,10.670660174364452,95.84898715198273,0.11132783445530357,0
original384,3,25,8.502308992733957,72.08449661316936,0.11794920395102879,2
original384,3,26,3.915245351961124,91.0107727464294,0.0430195814606434,1
original384,3,27,6.147014737355744,71.86007536411405,0.0855414457361602,0
original384,3,28,7.223856587654529,111.71235380102425,0.06466479616499045,0
original384,3,29,7.976014975425137,76.5510947898731,0.1041920432009325,0
original384,3,30,2.0921883136714476,48.85247187054425,0.04282666226625349,2
original384,3,31,7.7179156406401885,66.84779225648295,0.11545505663115897,0
original384,3,32,6.864891064278767,46.588330051867814,0.1473521600073652,0
original384,3,33,14.400089310117528,56.36707017747025,0.2554698916367167,0
original384,3,34,9.736706030228902,30.94024991728238,0.31469383913380233,0
original384,3,35,7.777115719721425,46.20892299155324,0.16830333226210537,0
original384,3,36,6.679217159151993,62.648722805753785,0.10661378013820516,0
original384,3,37,6.4213752446044,83.12889399741873,0.07724600840718263,0
original384,3,38,6.934243033557667,60.79439010618215,0.11406057403399344,2
original384,3,39,4.8098829454336975,37.38445031235992,0.12865998845095955,2
original384,3,40,3.641769325929446,37.31446096280597,0.09759672877385156,2
original384,3,41,6.312427261510259,52.54594207636976,0.12013158413519047,2
original384,3,42,3.615365377452453,50.975711913497015,0.07092329350078581,0
original384,3,43,7.450941834771243,53.03628186159505,0.1404876355061131,2
original384,3,44,11.493881610822779,56.176603767849656,0.20460264309179946,0
original384,3,45,8.014803173732316,45.06809054557488,0.17783764691844192,0
original384,3,46,4.766015255967659,39.89921151529698,0.11945136444965619,3
original384,3,47,6.796820959652342,48.99323218349319,0.1387297930088868,0
original384,3,48,12.849427004077548,273.09997539530787,0.04705026789357343,2
original384,3,49,13.001266187777967,262.1884756338388,0.049587481510571726,0
original384,3,50,4.735711973966659,74.66623072243927,0.06342508424686619,2
original384,3,51,7.139294235332631,161.60722208891252,0.04417682664828406,2
original384,3,52,8.02976143151113,107.57057793395178,0.07464644687919586,0
original384,3,53,9.694022098531445,82.94372050234881,0.11687469575538184,2
original384,3,54,14.69659857362354,107.84524682732065,0.13627488467021082,0
original384,3,55,8.021405816320577,65.99037788478806,0.12155417309967627,0
original384,3,56,14.745856436588857,238.23029975733587,0.06189748512934399,0
original384,3,57,3.0119931229973944,19.622261256499787,0.15349877792497973,0
original384,3,58,2.9386772398660166,40.944148597659435,0.07177282567878346,0
original384,3,59,5.389125589113482,85.93268341362268,0.06271333996605019,2
original384,3,60,4.531674483730897,56.78672332838035,0.07980165464954901,0
original384,3,61,8.166280003906907,72.74031642159149,0.11226621501859335,0
original384,3,62,2.0091455781987286,20.810928577102793,0.09654281262630873,3
original384,3,63,3.577699620663449,12.921494350316875,0.2768797109426986,2
original384,4,0,3.3103099274043823,42.480199603553864,0.07792595040272467,0
original384,4,1,7.865941781687344,56.94299113290249,0.13813713725238938,0
original384,4,2,2.0418671920089255,40.76547401862454,0.05008815035674691,0
original384,4,3,8.084805224464118,65.38437599131589,0.12365041497892267,1
original384,4,4,4.849201604991793,60.149387902719646,0.08061930094508139,0
original384,4,5,6.947220635762357,55.8908331601568,0.12429982240298502,0
original384,4,6,4.285476186574453,60.1837293276083,0.07120655756054255,0
original384,4,7,3.1208951658896575,227.57460549921888,0.013713723282277072,6
original384,4,8,8.006438674035692,284.00931046515933,0.02819076128498216,0
original384,4,9,1.7524034020820753,46.359580020839125,0.03780024325704313,2
original384,4,10,3.3737374832138096,48.45299790197565,0.06962907620368826,3
original384,4,11,7.090961124348577,188.3029076674602,0.03765720461880013,2
original384,4,12,5.230065511160067,36.374682803006664,0.14378312353909406,0
original384,4,13,2.5265653571266884,36.01915015798801,0.07014505744984573,0
original384,4,14,8.348080850045209,79.10055347649921,0.10553757822346242,0
original384,4,15,5.680943065833732,75.31972598355598,0.07542437245555052,0
original384,4,16,4.31114702386076,177.91291565246678,0.024231782206762937,0
original384,4,17,5.4857846894558095,94.70812214792159,0.05792306472815223,1
original384,4,18,4.972326162543673,80.66078166192493,0.061644904253274894,0
original384,4,19,5.217862797190595,174.9162948631624,0.029830627279594197,2
original384,4,20,5.35347846828508,99.61548845644543,0.05374142667207584,2
original384,4,21,3.856480351382173,85.64644908824695,0.04502790708122175,2
original384,4,22,5.462542124093349,64.6002417558592,0.08455915915512653,2
original384,4,23,4.624954043207954,50.78971666030182,0.09106083568335603,3
original384,4,24,6.479697180105915,120.83631666835495,0.05362375615842353,0
original384,4,25,7.975359421427145,78.75740390816733,0.1012648846415325,0
original384,4,26,8.729048581734817,171.69649343015593,0.05083999333559884,0
original384,4,27,4.38397138153096,89.2938123671243,0.04909602653660498,0
original384,4,28,2.7533824831460496,25.238155650412676,0.10909602592537417,0
original384,4,29,3.5572478156499647,51.64703398126915,0.06887612978782233,0
original384,4,30,5.775624479013728,67.45480817898599,0.08562213183808286,0
original384,4,31,7.802101908313148,85.41255669005338,0.09134607615863269,0
original384,4,32,4.733810783853838,58.266008383306165,0.08124481005652903,0
original384,4,33,2.409563529964393,57.247594764822345,0.042090214267744716,5
original384,4,34,6.9568080285021665,48.47714098162156,0.14350697849816682,2
original384,4,35,3.567526276243531,57.73755577263439,0.061788661270874505,1
original384,4,36,6.0268056906652925,213.4041126366826,0.028241281839426598,0
original384,4,37,14.761995159484217,230.62993492108754,0.06400728146818924,1
original384,4,38,3.042631696576516,107.01768241283392,0.028431111831026097,2
original384,4,39,3.3529660758706905,57.00176020593116,0.05882214976796114,6
original384,4,40,8.498635160220946,70.98052612836743,0.11973192682245362,0
original384,4,41,5.12182550813691,65.05073501306524,0.07873585912762103,0
original384,4,42,10.122910800135449,72.25920689494451,0.1400916400155463,2
original384,4,43,8.397347671732543,150.18599433520194,0.05591298781822759,1
original384,4,44,1.7984147355611002,52.59770600476946,0.0341918853913139,7
original384,4,45,5.762695200071505,34.8732898906189,0.1652466749809487,0
original384,4,46,5.6871465026465025,24.353060833004104,0.2335290229694284,0
original384,4,47,9.371661770010922,19.591424816225377,0.47835529360015855,0
original384,4,48,4.693415988134534,14.849873763994653,0.3160576354200599,0
original384,4,49,6.136072107412138,11.945875456229013,0.5136561259068348,0
original384,4,50,4.210316999229317,48.08895533848887,0.08755268168322036,0
original384,4,51,7.177928643636868,53.24947696917725,0.1347981060507264,0
original384,4,52,5.287609108632418,159.18283855659567,0.03321720580295136,0
original384,4,53,3.5704098704658014,48.075611498215736,0.07426655135937922,2
original384,4,54,9.994639700050808,77.39226877787821,0.12914261150214107,0
original384,4,55,4.720633931651325,32.17239823821742,0.14672931426180438,0
original384,4,56,6.317919739222384,72.95974368346201,0.08659459888774917,0
original384,4,57,13.585578071569058,196.74062666315245,0.06905324183413054,0
original384,4,58,4.296806008576075,96.7388859532829,0.04441653391223759,1
original384,4,59,13.655474121464065,75.17387020052537,0.18165187032459892,0
original384,4,60,5.570136531310435,45.516565099096624,0.12237602989556404,0
original384,4,61,6.328919379109528,37.09948247535509,0.17059319852544524,0
original384,4,62,11.338695312366303,105.13734189491582,0.10784650922313849,0
original384,4,63,3.2103237678943226,92.0177262355061,0.03488810144773586,2
original384,5,0,2.450188845809472,54.051809596192584,0.04533037587666748,0
original384,5,1,3.6995108891697,78.96786471021629,0.046848308520758115,3
original384,5,2,1.9031558831108186,87.20368686619457,0.02182425940351608,3
original384,5,3,1.5907902243401135,129.6534759521278,0.01226955322761639,3
original384,5,4,4.554296990217952,68.41093224085047,0.06657264915180366,0
original384,5,5,2.3309763154167817,241.92485017611196,0.009635125592595887,3
original384,5,6,3.7726802775104877,286.4407815784295,0.013170890879158913,0
original384,5,7,1.5664285934564028,35.81588924356539,0.04373557732446429,0
original384,5,8,9.061031365863746,61.59167989890456,0.1471145352868497,0
original384,5,9,5.241111804646583,68.0915448647747,0.07697155080054482,1
original384,5,10,5.325329317195307,53.05921137221074,0.1003657834233171,0
original384,5,11,3.604159779677232,37.58287139011482,0.09589899989986425,1
original384,5,12,8.721239222525318,82.51929192886593,0.1056872764982434,1
original384,5,13,5.751514490372083,41.018612432794505,0.1402171879849775,0
original384,5,14,3.0872451554025564,48.03448495938343,0.06427143245135326,1
original384,5,15,5.64572273340522,32.31410459200011,0.17471388437614055,1
original384,5,16,4.044993349229914,41.86708192080717,0.09661512490603331,2
original384,5,17,5.1099951149336365,65.33304498479144,0.07821455614265595,1
original384,5,18,4.680432026728033,55.61656146561865,0.08415536493785952,0
original384,5,19,5.5024369813357685,53.54215720898751,0.10276830946236393,0
original384,5,20,5.45781092825994,44.612704681308124,0.1223375934556745,2
original384,5,21,8.591833990749256,34.41610909647261,0.24964570999775956,0
original384,5,22,8.600875905485806,45.906719947053986,0.18735548772392216,0
original384,5,23,4.522438431875111,62.73973331930177,0.07208252558006635,0
original384,5,24,7.028182068248288,70.34925444700686,0.09990414430820334,0
original384,5,25,9.115016642796848,70.33282803895828,0.12959832409622316,0
original384,5,26,13.032107347651523,65.10268045499154,0.2001777385596468,0
original384,5,27,3.844513443686297,57.271333876800306,0.06712805837483117,2
original384,5,28,4.372440419594046,91.24059920552156,0.04792209233243879,1
original384,5,29,4.932068383386336,77.77280129375373,0.06341636537891367,2
original384,5,30,3.105851612218364,77.54078100715945,0.04005442777177594,1
original384,5,31,7.555045785401699,264.8641005381873,0.028524234768133237,0
original384,5,32,11.833879267381482,63.03625600956034,0.18773131553984912,0
original384,5,33,3.003962875805426,29.90495343891757,0.1004503445203878,0
original384,5,34,5.173208781419406,80.05737615103098,0.06461876506744327,2
original384,5,35,8.457965398283529,100.76351019402067,0.08393877289504575,0
original384,5,36,10.59673401630992,218.25521435215973,0.0485520313810778,0
original384,5,37,22.346752318712518,244.43600186004852,0.09142168972108748,0
original384,5,38,2.960560639600279,40.000422575395156,0.07401323408571596,0
original384,5,39,6.06992961331324,117.11081471401184,0.051830649698204154,0
original384,5,40,4.87462726604158,87.69325980683678,0.05558725125259333,3
original384,5,41,4.827276813438429,63.578362850167565,0.07592640950530084,0
original384,5,42,5.009622934228939,97.34583226874463,0.051462120334014615,0
original384,5,43,3.6992503690103904,79.15217261968499,0.04673592962235877,0
original384,5,44,4.420950291541027,39.79831507207002,0.11108385577467819,1
original384,5,45,9.207051307745365,54.71798519782392,0.16826371209500454,0
original384,5,46,5.242784727025822,51.267588469979614,0.10226314292305363,1
original384,5,47,7.608461507260553,28.15742318061595,0.27021156937749713,0
original384,5,48,4.285710938100052,79.1246377917391,0.05416405127035533,1
original384,5,49,17.866078179370636,212.38478544126198,0.08412127140958386,0
original384,5,50,9.147670051352685,268.88440220414844,0.034020828193698595,2
original384,5,51,3.935088812417392,91.05142785379904,0.043218309752769066,0
original384,5,52,4.173670909443393,40.69118078923083,0.10256942237832481,0
original384,5,53,7.609644595536503,216.04954011555648,0.035221757896204735,0
original384,5,54,4.271805549087147,28.607816244085306,0.1493230211156137,0
original384,5,55,6.894531256568238,44.32499786137487,0.15554498791247962,0
original384,5,56,7.0438980974548855,30.522775124081143,0.23077515294137052,2
original384,5,57,12.258703688182365,49.92601239031141,0.2455374082822059,0
original384,5,58,3.1177642681919755,58.89567535950909,0.052937066247404733,0
original384,5,59,5.663173855054564,159.22596467009814,0.035566899323160955,0
original384,5,60,2.553708334205814,52.844151876323906,0.04832527807774256,0
original384,5,61,9.23064273408379,50.60842884691652,0.18239338672230282,0
original384,5,62,3.9906640052196134,45.12050727709219,0.0884445731230882,0
original384,5,63,16.042308896212617,95.97451310584991,0.16715176120268116,0
original384,6,0,0.7847862690456463,91.81174135953533,0.008547776759536871,3
original384,6,1,3.2162429562124806,49.43736398094337,0.06505692652731741,0
original384,6,2,3.889468887837985,82.92417278575236,0.046903921464336334,0
original384,6,3,7.831462090400225,56.5828805487878,0.13840691768330274,2
original384,6,4,3.5835540382041455,52.02618512249452,0.06887981561144155,1
original384,6,5,2.2085798908039833,44.85529283766786,0.04923788813054627,2
original384,6,6,3.40415975277009,66.36941044065658,0.05129109525259199,3
original384,6,7,2.892126028355437,56.051371659227236,0.05159777437630881,5
original384,6,8,3.7108615510216025,134.58296292171244,0.02757304097384324,0
original384,6,9,2.31948887781545,80.01642001526231,0.02898766124969139,3
original384,6,10,2.835241054139456,85.12691483279718,0.03330604732602281,2
original384,6,11,2.1566094467654624,50.234620021178266,0.04293074070942039,2
original384,6,12,3.728165559410478,65.98962678254354,0.05649623647207386,0
original384,6,13,2.222791930240244,59.32555438267782,0.0374676975777114,5
original384,6,14,2.287517722884317,104.8797836340008,0.021810854710256386,2
original384,6,15,3.9936708143207067,80.21087266557679,0.049789644241517224,0
original384,6,16,2.7243933268353615,50.442828486177746,0.05400952739162704,0
original384,6,17,6.799689184990119,88.53219378294216,0.0768047067901783,0
original384,6,18,8.59170301675287,57.20951512106076,0.1501796160756128,0
original384,6,19,4.346729025929192,23.550429315743333,0.18457111620565778,0
original384,6,20,4.923665123195754,75.39865951201827,0.06530175940874572,2
original384,6,21,8.72573665239066,72.62416223491176,0.12014922284633307,0
original384,6,22,2.7979680481932436,94.54091383481445,0.029595314184099827,2
original384,6,23,4.842983122413092,268.34976711814795,0.018047279021042875,2
original384,6,24,3.927658919572921,45.68470482368895,0.08597317055524252,0
original384,6,25,3.0449089883229727,40.933899713893375,0.07438599814836357,0
original384,6,26,3.475446709962797,96.73968747220349,0.03592575912508925,1
original384,6,27,4.929974453639233,133.04316328812652,0.03705545126706417,3
original384,6,28,9.720663620147933,77.24375386227716,0.12584400853277442,0
original384,6,29,9.472377903155083,79.18748843303312,0.11961962793106685,0
original384,6,30,7.511502089057711,69.75599179761365,0.10768253587234752,0
original384,6,31,3.518516777318443,96.06765955476298,0.03662540332121578,1
original384,6,32,2.613443065175686,77.18206942727792,0.03386075398817999,0
original384,6,33,6.641403607570729,66.06597492634657,0.1005268387392281,0
original384,6,34,6.3811149394531,103.86377759879518,0.06143734694593971,0
original384,6,35,6.718928789119466,71.44357931216346,0.09404524316680687,0
original384,6,36,4.652454025767669,94.69768997141378,0.049129540827997996,2
original384,6,37,6.861602632805942,69.98339107493146,0.09804615820143954,0
original384,6,38,6.688281556816952,76.59657279254573,0.08731828739820388,0
original384,6,39,6.7103192854943705,61.21071129538445,0.10962655299188391,0
original384,6,40,11.683499502044532,64.36208736077751,0.18152766607076357,0
original384,6,41,8.977032911277046,72.50407765387835,0.12381417986077713,0
original384,6,42,3.7782235370599278,107.12494693414605,0.03526931536668626,2
original384,6,43,5.4500361508959125,110.69300516330222,0.049235596620180566,0
original384,6,44,5.7633332432977795,82.59290254994869,0.06978000609449897,0
original384,6,45,5.707242652263083,39.15181810876757,0.1457720976432769,2
original384,6,46,2.687858430678449,54.43842174582746,0.049374290151688045,2
original384,6,47,7.731288158366693,53.06080954646457,0.14570618549640707,0
original384,6,48,5.923917043784078,64.29888725695561,0.09213094186390063,0
original384,6,49,2.9635032408136537,241.45740366652998,0.01227339976249585,5
original384,6,50,5.231800475539402,260.4446897608969,0.020087952188015405,0
original384,6,51,5.963933656415021,100.5432775144026,0.05931708020519522,2
original384,6,52,3.7057623612949864,81.0917075012842,0.04569841325928795,3
original384,6,53,3.682763404970203,33.42627788486528,0.11017569523161541,0
original384,6,54,2.5991981732771947,67.49424885750418,0.038509920730649176,5
original384,6,55,4.958686519113708,37.015939615928204,0.13396084418129836,0
original384,6,56,17.693390030717108,47.82454048702202,0.3699646635500555,0
original384,6,57,10.458304558046132,53.90234462429668,0.19402318453754258,0
original384,6,58,8.404430929109967,38.60383991679569,0.21770971352135832,0
original384,6,59,11.068231012353445,93.62793998083522,0.11821504365704308,0
original384,6,60,4.5727738329132315,60.73357040531406,0.07529235976736061,2
original384,6,61,4.543481233302764,68.19274429119633,0.06662704779706785,2
original384,6,62,5.24404782109066,57.26656016940978,0.09157260023262032,1
original384,6,63,3.9720751467330393,48.7655125910403,0.08145254577848587,2
original384,7,0,0.4494156494902652,79.96207524628308,0.005620360003239856,0
original384,7,1,2.0787172177907864,45.808417503181026,0.0453784987801955,1
original384,7,2,2.9620572760825787,34.15754689909162,0.08671750593896868,0
original384,7,3,3.689031532325976,100.26829835807891,0.03679160405367286,0
original384,7,4,2.463264877615256,84.56136404756403,0.02912990944930501,1
original384,7,5,2.285636981290768,37.38917451278594,0.06113098272627417,0
original384,7,6,5.745717094234055,92.16898002465436,0.062338946277772936,0
original384,7,7,2.5057122544133157,71.14276589812212,0.03522090015450828,1
original384,7,8,2.439633844859079,69.62995274884767,0.03503713198914175,0
original384,7,9,4.105320057672289,304.6716093207983,0.013474573711755559,0
original384,7,10,4.305265869130007,62.98340633461895,0.0683555577520997,0
original384,7,11,3.0114697057339166,100.81320613555576,0.029871777926441752,3
original384,7,12,4.025804228608111,107.89029704857063,0.03731386731464603,5
original384,7,13,8.252443503451756,81.86738042257355,0.1008025841410248,0
original384,7,14,2.643269700994788,45.86744545627907,0.05762844812263106,0
original384,7,15,5.553129820907289,74.76157771110724,0.07427785756964125,2
original384,7,16,5.069439982820575,37.88567155045976,0.1338088985982104,2
original384,7,17,4.491475318958075,59.380453783516074,0.07563895242924032,0
original384,7,18,3.6721410516380915,61.636309522444485,0.059577561993728774,0
original384,7,19,4.905813505425489,72.65826654738093,0.06751900008826078,0
original384,7,20,4.992978031636322,30.300830496297284,0.1647802370382705,0
original384,7,21,8.17575940908976,58.99214702362681,0.1385906399679826,0
original384,7,22,4.376024518449666,42.09206212760182,0.10396317731318971,0
original384,7,23,6.867824693660298,65.6955694970789,0.1045401500624128,0
original384,7,24,3.612232978663235,43.202682948394006,0.08361131143123865,3
original384,7,25,9.70246825771309,55.27858872329348,0.17551946389732323,0
original384,7,26,2.8962451840578165,41.2865144063938,0.07014990792270157,0
original384,7,27,5.667318037793491,84.46792844690177,0.06709431783160257,7
original384,7,28,4.301974321226379,68.5447085094734,0.06276158167091503,2
original384,7,29,5.821265384559324,69.51263100773417,0.0837439944391061,0
original384,7,30,8.758807466475293,77.01312984677246,0.1137313531329277,0
original384,7,31,3.07329517429001,46.46009828087109,0.0661491320080864,2
original384,7,32,3.1297496332543315,78.18142239983189,0.040031884010095234,0
original384,7,33,4.150123872809285,71.00946534030307,0.05844465738363736,0
original384,7,34,4.944526352523871,64.04471300262432,0.0772042862042533,1
original384,7,35,9.445970681141109,86.15922253560628,0.10963388947988074,0
original384,7,36,3.707398465248372,25.841251821485358,0.1434682224707824,0
original384,7,37,3.5100804060743407,49.430977547630555,0.07100973074408871,0
original384,7,38,3.3962566445430813,67.57346228516424,0.05026021354671255,3
original384,7,39,7.121063941911143,50.9810479445333,0.13968061130596543,0
original384,7,40,3.2341900195346582,49.20153277647776,0.06573352164103427,0
original384,7,41,8.66683860866588,108.55515652430411,0.07983811074626829,0
original384,7,42,1.9382549445299795,109.7595582670245,0.01765909935437757,6
original384,7,43,4.473969131568876,57.93598200823494,0.07722263395713139,6
original384,7,44,7.290925740710212,49.90795588326651,0.1460874446103044,2
original384,7,45,4.327259581366705,94.82045418770156,0.045636351549220494,2
original384,7,46,8.733873144372385,61.85618306429757,0.14119644490986127,0
original384,7,47,3.887204449016338,82.28774016879673,0.047239168812298414,3
original384,7,48,4.704154615887218,62.64780992635502,0.0750888917173184,2
original384,7,49,3.5408967241406017,53.056120879478215,0.06673870357360029,0
original384,7,50,3.7880882106491507,255.48714946961238,0.014826922678941649,0
original384,7,51,4.9341055337717625,128.08789923567744,0.038521246450401794,2
original384,7,52,5.972205773088322,68.09160913143552,0.08770839534075812,6
original384,7,53,5.386741919888879,60.52044911788964,0.08900697199711587,0
original384,7,54,4.847141246859475,60.94777442400877,0.0795294215854102,2
original384,7,55,10.226697892666905,108.45635987784387,0.09429320608017269,0
original384,7,56,5.198359484706561,75.72201572000681,0.06865056926017729,3
original384,7,57,6.283506283734321,106.26729395693552,0.05912925839892651,0
original384,7,58,11.917680803968043,42.36353758946682,0.28131930150543494,0
original384,7,59,7.539136986093072,89.50546649956176,0.0842310227625034,2
original384,7,60,4.109012530251033,101.85223594592668,0.040342879977936924,2
original384,7,61,3.7413821957703517,76.73404069466709,0.048757789396986266,0
original384,7,62,4.810782457438427,50.66898126703333,0.09494531638765072,1
original384,7,63,8.046817025411569,61.443477105634265,0.1309629175376484,0
original384,8,0,4.2200299124597125,33.82935653836532,0.12474461072512112,0
original384,8,1,9.610340415885995,99.98242532561785,0.09612029698807076,0
original384,8,2,6.059402008719285,48.814654791548534,0.12413079708531242,0
original384,8,3,6.173093570434841,83.37870094180442,0.07403681636565022,1
original384,8,4,3.4320344229848874,51.653188817464766,0.0664438053401354,1
original384,8,5,4.297823391209417,24.877774902141162,0.17275754797666873,0
original384,8,6,7.5740964983141055,69.793300887954,0.10852182662163438,1
original384,8,7,5.566064932485764,73.67507074072101,0.07554882372728201,3
original384,8,8,5.646592145044543,71.94976860086352,0.07847964287930696,0
original384,8,9,8.904765133222497,56.42255948795057,0.15782277893870042,0
original384,8,10,14.254400869868453,150.05360111247768,0.09499539340734377,0
original384,8,11,12.418516498287593,75.07469234601109,0.16541548303723977,0
original384,8,12,6.881506396396574,66.1228314206119,0.1040715627046101,0
original384,8,13,5.820065045895707,30.53497896341708,0.19060321125056381,0
original384,8,14,5.736654082051638,66.8157497509601,0.08585781201937656,0
original384,8,15,9.93906156210217,66.24449096685635,0.1500360470287999,0
original384,8,16,11.935476257616436,246.594771196484,0.048401173308360135,2
original384,8,17,5.219002807644567,126.42273169448738,0.0412821550182667,0
original384,8,18,2.1266495621281774,33.359075775155155,0.06375025424751253,3
original384,8,19,1.941799194522455,34.7534705808199,0.05587353326358476,3
original384,8,20,8.202982572471427,110.51986027165015,0.07422179644734499,0
original384,8,21,18.894750610182683,266.3614800687666,0.07093649804508002,0
original384,8,22,8.234125101869825,137.52565711629327,0.059873373990912505,0
original384,8,23,9.908686094604896,79.20985139859047,0.12509411291208683,0
original384,8,24,11.605765838719872,146.26412699167784,0.07934799924919539,0
original384,8,25,7.535818992736759,73.33285440221714,0.102761839207897,0
original384,8,26,11.050070274825345,56.89299215560038,0.19422550750369713,0
original384,8,27,9.828877391712366,55.63729154394549,0.17665988258880216,0
original384,8,28,16.398129800245677,80.03013851737398,0.20489943044001802,0
original384,8,29,13.258636859910444,92.43395426713667,0.14343903130653288,0
original384,8,30,13.567217707215217,120.51228294889451,0.11257954272568756,0
original384,8,31,3.685421442291224,78.25284170918748,0.04709632726166579,0
original384,8,32,5.090521028182879,49.52273947016907,0.10279158791789472,0
original384,8,33,7.444470500902216,82.41314719481295,0.09033110315887521,0
original384,8,34,6.113469388544866,202.09645559352262,0.03025025535747599,1
original384,8,35,7.963506978686449,111.89126995344006,0.07117183478210772,2
original384,8,36,5.5111020399785335,174.21269751226365,0.03163433044018265,2
original384,8,37,5.368558969892812,58.205709233584955,0.09223423338676764,0
original384,8,38,6.142979369998799,120.31063741294332,0.051059320290309775,0
original384,8,39,9.706519661080494,56.788362983828996,0.17092444914893062,0
original384,8,40,7.505114948580274,31.33448340876841,0.2395161538383651,0
original384,8,41,4.8676234898897315,46.29456403049826,0.10514460157099664,0
original384,8,42,13.451070583148605,36.14271695123976,0.3721654517920023,0
original384,8,43,3.9206520701928618,67.69374508935559,0.05791749392824418,1
original384,8,44,8.540833837278159,147.98419646095428,0.05771449953125003,0
original384,8,45,4.922711222304536,37.36420537231931,0.1317493888402468,3
original384,8,46,3.8078669059726877,27.927232177997695,0.13634959890413678,2
original384,8,47,2.770569020042979,24.527536353781784,0.11295749316526028,0
original384,8,48,8.053759927507503,58.62348299265669,0.13738112299667243,0
original384,8,49,5.9793604450110065,102.77602997137599,0.05817855045263287,3
original384,8,50,5.78713909350183,49.93631623918792,0.11589038858577892,2
original384,8,51,4.631100291099485,52.87683054598564,0.08758278896977258,0
original384,8,52,8.622002502342964,75.48087245189116,0.11422764764461783,0
original384,8,53,21.112138542605678,325.0176281681664,0.06495690298891145,0
original384,8,54,3.674417099183957,37.0282439726344,0.09923282081374214,1
original384,8,55,11.932975471460702,52.756662121647025,0.22618897768675142,0
original384,8,56,19.11246812771071,297.0552232910612,0.0643397813913674,0
original384,8,57,10.514331563011382,95.33736063492789,0.11028553227179798,0
original384,8,58,3.5304813783174036,49.869283700901285,0.07079470801088722,1
original384,8,59,3.6881249468919197,39.14784213569273,0.09421017214967518,0
original384,8,60,7.705329708572696,219.54799780044715,0.03509633331102509,0
original384,8,61,6.149337836032374,100.30930020252532,0.06130376568889235,3
original384,8,62,10.963827973459365,86.20818967582917,0.12717849678420257,0
original384,8,63,5.596040777803899,61.919550550268525,0.09037599155796247,0
original384,9,0,0.7697106874796719,73.91875639547173,0.010412927990314843,5
original384,9,1,1.8384957974844072,56.85550481858331,0.032336284821509347,2
original384,9,2,2.1510990585794096,94.68469279251282,0.02271855138499755,7
original384,9,3,1.3701670266506125,28.944715232184432,0.04733738147567214,0
original384,9,4,1.542510946003851,48.11640678038179,0.03205789977303063,0
original384,9,5,2.839685195146357,89.18741084951247,0.031839529459351715,1
original384,9,6,17.272575554076255,191.22796455159389,0.09032452755839517,0
original384,9,7,3.032667371056205,52.4976747086155,0.057767651384348036,0
original384,9,8,6.106948155590521,79.63247199612478,0.0766891696629449,1
original384,9,9,4.05521821344229,77.84210147649657,0.052095435972610675,1
original384,9,10,7.892755336383255,86.23699210627521,0.09152401009831745,2
original384,9,11,5.0304126108789475,139.13567401151548,0.03615472916358323,2
original384,9,12,5.105963169927251,160.708061131901,0.031771668041819856,0
original384,9,13,7.117270853938352,82.5306280718046,0.08623793396732751,0
original384,9,14,27.354723034923463,111.32854037531115,0.24571168312011574,0
original384,9,15,3.298329780398905,23.065485597190264,0.14299849732193337,2
original384,9,16,8.227513607176936,204.65590216696785,0.04020169230430768,3
original384,9,17,10.777416536752414,165.55452007409374,0.06509889631481516,1
original384,9,18,5.304311005349334,38.08998735685045,0.1392573579942488,0
original384,9,19,5.553290724176161,56.25988301353427,0.0987078256604306,0
original384,9,20,7.85994335213215,120.26229187182874,0.06535667356571748,0
original384,9,21,10.540547003646779,102.20055634294604,0.10313590630834463,0
original384,9,22,7.8036518362449545,70.4092047143147,0.1108328359609836,0
original384,9,23,10.800776644924055,205.90691333324338,0.052454657641552264,1
original384,9,24,1.5006768588645256,46.80866769256554,0.032059807143429396,1
original384,9,25,3.6914033959398975,69.0537501533349,0.053456957627110474,2
original384,9,26,10.467020334475457,83.29688010891256,0.12565921221526652,0
original384,9,27,10.752995557952996,340.0633067653318,0.031620569888104216,2
original384,9,28,2.2724396438702126,61.55261818778806,0.03691865124140342,7
original384,9,29,2.219013900639856,21.609441647516995,0.10268723907055825,4
original384,9,30,9.195080041058326,103.47162548017653,0.08886571558518672,2
original384,9,31,9.52952990645356,85.26130877120912,0.11176851544731944,0
original384,9,32,2.256746690617087,42.591211237959556,0.05298620595710493,0
original384,9,33,5.155424631158551,118.05752069402533,0.043668752323878485,0
original384,9,34,5.904351963319503,58.0212791526859,0.10176183720082947,0
original384,9,35,11.198314745757827,155.73206589199995,0.07190757203159334,1
original384,9,36,6.416748014652233,101.53169419287984,0.06319945772265291,1
original384,9,37,8.597270160841356,329.36599654167657,0.02610248250005217,6
original384,9,38,6.93276082495384,118.50132168214147,0.05850365824230828,0
original384,9,39,2.5214920360233593,29.736038708136697,0.0847958284145427,1
original384,9,40,9.796883768690721,74.45392316828512,0.1315831772430209,0
original384,9,41,8.55934586215884,70.71761004461881,0.12103556464589765,0
original384,9,42,5.842863656302512,82.45748852256237,0.070859102805487,3
original384,9,43,4.57653947336766,76.88580137934312,0.059523857347700576,2
original384,9,44,4.327825446491229,147.79630428282474,0.02928236580401531,0
original384,9,45,6.821111559745739,86.8749389874698,0.07851644719692483,0
original384,9,46,9.771447737600626,57.716642374343834,0.16930034970198168,0
original384,9,47,5.596203374962014,88.24207090516526,0.06341876746043637,2
original384,9,48,2.228209107422528,42.71390998053884,0.052165889482787615,0
original384,9,49,17.99792323910197,83.96585185725873,0.21434812892386648,0
original384,9,50,5.128585038654736,31.38949183930925,0.16338541142715082,0
original384,9,51,1.4480010179894267,27.70688600007636,0.05226141320917248,2
original384,9,52,3.8314041475396188,35.931983820440315,0.10662935190792558,0
original384,9,53,7.811503864175013,48.51145229172889,0.16102391281134373,0
original384,9,54,5.150410666589134,48.93714854203461,0.10524541825654561,3
original384,9,55,4.510314041519554,62.13330701223843,0.07259092197734067,2
original384,9,56,6.872668388549297,139.37672099802455,0.04931001633082404,1
original384,9,57,11.07181580897327,100.94932058880401,0.10967697201323424,0
original384,9,58,8.652112521251821,71.98757891269138,0.12018896387313364,0
original384,9,59,3.7965273166356144,57.00927431056897,0.06659490692607843,5
original384,9,60,9.67898293342816,41.47970917029101,0.23334259393410917,0
original384,9,61,3.8906711976400348,66.49214728146758,0.058513243393546216,0
original384,9,62,4.4526418709224505,62.05972211046181,0.07174769269828618,0
original384,9,63,8.204218686144486,292.2991134637027,0.028067887681647977,0
original384,10,0,2.1232383896967746,36.00619169451684,0.0589687020418799,0
original384,10,1,2.8778566948116184,20.979198373203182,0.13717667584894552,0
original384,10,2,2.305486572389067,32.48350164281605,0.07097407778692914,0
original384,10,3,2.8225699113166356,50.69069572862321,0.05568220894870914,0
original384,10,4,4.294825914503216,42.23981399139248,0.10167719761688354,0
original384,10,5,3.0785652136553603,41.6548752680107,0.0739064801862359,0
original384,10,6,3.42332045121965,33.44802260444275,0.10234746883855986,0
original384,10,7,2.6946032899486796,28.948875346444613,0.09308144989057822,3
original384,10,8,6.427658852928404,115.07245505362077,0.05585749300241559,0
original384,10,9,10.490510813489811,246.61267004955224,0.04253840977181723,1
original384,10,10,3.6157380809761843,73.77919904029369,0.049007553999081625,0
original384,10,11,3.857356334758984,64.7215384543085,0.059599268294312314,0
original384,10,12,4.873041927376239,77.75112494028517,0.06267487359338991,0
original384,10,13,7.9844923930840555,90.40051129678201,0.08832353134454317,0
original384,10,14,3.8840217236519665,137.1878162595494,0.028311710394920777,2
original384,10,15,6.686117629363343,159.99438330054744,0.04178970218475454,0
original384,10,16,7.406503773225649,76.13618607187944,0.09727967941857818,0
original384,10,17,1.9559789616778536,50.96685935819426,0.03837746697184665,0
original384,10,18,3.104304967294055,19.130610369802135,0.16226899755348279,0
original384,10,19,7.505326441120958,95.66785680216171,0.07845191365206132,2
original384,10,20,4.305560047794908,72.56166946348468,0.05933656267323896,2
original384,10,21,2.1440841187991566,31.35420134251728,0.06838267367670793,3
original384,10,22,7.790301806748183,75.46521371409969,0.10323036831594723,2
original384,10,23,6.064007668744088,81.40715586140948,0.07448986031483125,0
original384,10,24,3.4120993126603745,40.755305115498004,0.08372159901614519,0
original384,10,25,1.087924720333325,24.60037461712577,0.0442239086707223,6
original384,10,26,3.0863989184909197,66.347841768966,0.04651845238972902,1
original384,10,27,4.523749545239111,84.84298684709798,0.053319074602968725,0
original384,10,28,1.2360544919375493,52.99094103169685,0.02332576979899632,5
original384,10,29,4.8704736374918465,82.70134024608582,0.05889231810511513,2
original384,10,30,3.848754630478821,47.3993612957865,0.08119844920401809,2
original384,10,31,12.656292803589377,230.7859857777876,0.0548399538253397,2
original384,10,32,2.798661046934666,40.53300944184724,0.06904646571949977,2
original384,10,33,2.5043755129135934,49.67824813050505,0.05041191280204939,0
original384,10,34,3.549590496061039,44.44718187399997,0.07986086735765409,0
original384,10,35,5.715310976566556,117.67097679266209,0.04857026883219483,3
original384,10,36,4.5510891658361725,21.91168460402461,0.20770147289361107,1
original384,10,37,16.299939905712815,18.123028448762142,0.8994048622610947,0
original384,10,38,6.6240495925428,21.225900533353197,0.3120739015116997,0
original384,10,39,10.142591838464975,19.50042995024099,0.5201214467755687,0
original384,10,40,6.52357227129028,59.68865815386731,0.10929333097878677,0
original384,10,41,6.717083613148314,49.63434900978957,0.13533135312852554,2
original384,10,42,5.159649524050463,67.10240817163984,0.07689216623720425,2
original384,10,43,10.724184776294436,270.11464706529694,0.039702344514853334,0
original384,10,44,7.531137255257016,227.87310181841264,0.033049698253804535,0
original384,10,45,6.938839129804262,115.45933656338333,0.060097687517848074,3
original384,10,46,3.312169407141254,77.73798186346575,0.04260683552293069,3
original384,10,47,18.150074313196004,64.62410401246309,0.2808561076482495,0
original384,10,48,4.985486471517616,64.71215729498705,0.07704095613427832,0
original384,10,49,10.12157219231206,79.25981511886809,0.1277011834702423,0
original384,10,50,3.8307995500348104,77.98142706518928,0.04912451200504985,3
original384,10,51,6.342473030040281,107.13843759573618,0.05919885684699116,0
original384,10,52,3.631374432476023,75.41345251182442,0.04815287341348871,2
original384,10,53,11.601216929974726,171.6252078378301,0.06759622945911768,0
original384,10,54,3.0507227924356264,47.01044132785591,0.06489457886939531,3
original384,10,55,2.3843887027400785,50.21260981200524,0.047485854881217496,0
original384,10,56,3.2907818464681906,77.21703647069964,0.0426173030833279,3
original384,10,57,2.241292242577248,90.99494374631637,0.02463095365854303,4
original384,10,58,3.5025335046928605,49.08103789621016,0.0713622542396014,0
original384,10,59,4.924925238052071,95.14385338143201,0.051762936469558686,3
original384,10,60,13.910235662071978,215.8924243070699,0.06443132827248749,0
original384,10,61,4.119508646169908,120.96300817977622,0.03405593749824294,5
original384,10,62,9.904901348001111,171.67413962167225,0.05769594284747305,0
original384,10,63,6.294033202388815,218.70528173527075,0.028778606316455374,3
original384,11,0,0.7847862690456463,91.81174135953533,0.008547776759536871,3
original384,11,1,2.253628976414912,33.12724417102974,0.06802947340804592,1
original384,11,2,1.5465917544483652,98.56935773246279,0.015690390908766276,6
original384,11,3,2.7824059913369177,80.17483625652501,0.034704230420058664,1
original384,11,4,3.0044463549877665,35.94197237322323,0.0835915826707963,0
original384,11,5,2.0728286571852967,30.573465730884923,0.0677982887328129,7
original384,11,6,3.762103403508959,47.42664491939516,0.07932467940548846,0
original384,11,7,3.9669114951672633,60.847244639024915,0.06519459539541828,1
original384,11,8,1.0581971456236978,36.28887726126367,0.029160371592792802,2
original384,11,9,3.398702756613444,63.003637299036505,0.053944548319997065,2
original384,11,10,7.544534761761589,44.893011801976506,0.16805588350901032,0
original384,11,11,2.9395374781385093,63.65925860156255,0.04617611864657118,1
original384,11,12,6.426462959343033,52.25648764932749,0.12297923661591018,0
original384,11,13,6.238941156607084,27.783979701696886,0.2245517461354194,2
original384,11,14,10.493481330485643,57.735945984468884,0.18174953491380252,2
original384,11,15,6.001378928811239,46.94895423779761,0.12782774454174436,0
original384,11,16,5.308956058018978,71.60798254559091,0.07413916534569182,0
original384,11,17,5.70539515623816,75.74028964427985,0.07532840424870292,2
original384,11,18,5.222419389033335,48.4747315397212,0.10773488007363127,2
original384,11,19,6.4468412899253895,58.20313888051383,0.11076449507577614,0
original384,11,20,4.914011616752776,248.88654261895016,0.019743982800533404,1
original384,11,21,6.163186540937919,42.17172952557459,0.14614497935637952,0
original384,11,22,4.457771848823105,90.63254686170453,0.04918511068242608,1
original384,11,23,4.867583380787866,84.1834747960352,0.05782112692047151,2
original384,11,24,3.4328300157639524,62.78945502006893,0.05467207853080971,0
original384,11,25,12.223133364608621,66.30364068467503,0.18435086276391746,0
original384,11,26,6.1697038608117545,84.33298862981383,0.07315884283307149,0
original384,11,27,3.5276816668113575,82.77521996962557,0.04261760546339645,2
original384,11,28,2.698233634715901,65.17767074238682,0.04139812920563861,8
original384,11,29,4.227492133768824,66.26202872384758,0.06379961820045148,0
original384,11,30,4.434539265000264,97.48508444324366,0.04548941297355163,1
original384,11,31,4.329080283243406,75.09095245478109,0.05765115692000749,2
original384,11,32,3.144739356436397,49.0942817125443,0.06405510472379251,2
original384,11,33,9.910919633260217,57.4990943763454,0.1723665344777583,2
original384,11,34,8.570666503805812,45.284397877544194,0.18926312163810105,2
original384,11,35,11.935565672477015,28.79369523042739,0.414520108550161,0
original384,11,36,7.387439484015143,67.23885382536365,0.10986861113370844,2
original384,11,37,11.895870841982822,42.30718041387268,0.281178531058102,0
original384,11,38,8.028210560767906,58.31254458692686,0.13767553135672556,0
original384,11,39,8.697034388582715,60.677053048654805,0.14333317047564698,0
original384,11,40,5.592782557155239,39.621457674010514,0.14115539622924564,0
original384,11,41,5.293076014150386,280.1946106852172,0.018890713141149092,0
original384,11,42,4.949778398197146,295.3510042959448,0.016758969247443006,0
original384,11,43,4.700615771277937,79.7239738593061,0.05896113231351724,3
original384,11,44,3.1030299377584845,66.2823397303857,0.046815334980336666,0
original384,11,45,6.231151321971262,80.02180973860115,0.07786816297114386,0
original384,11,46,10.103645595459867,187.08705850021465,0.05400504811212409,2
original384,11,47,10.879213026485326,137.70113372528238,0.07900598006832435,0
original384,11,48,7.00498919011054,53.09538887091098,0.1319321571811355,0
original384,11,49,6.065372692701058,51.64368821444252,0.1174465438547984,0
original384,11,50,8.317593355669144,105.23433643198214,0.07903877800422292,0
original384,11,51,2.659902797892204,21.170998130756658,0.1256389888404916,1
original384,11,52,2.0872099263066057,31.34267492581596,0.06659322892021056,1
original384,11,53,8.919225829742054,55.21164320948334,0.1615461035256791,0
original384,11,54,14.172535773757353,89.41562981433108,0.15850177204126623,0
original384,11,55,10.1055515275007,116.72265478335223,0.08657746472831272,0
original384,11,56,10.99913372016668,31.40445311618611,0.35024121195403457,0
original384,11,57,3.5195720462808664,80.46863053990982,0.043738435992585624,0
original384,11,58,4.447441856147951,99.52124459847704,0.04468836653009472,2
original384,11,59,7.094409039784244,84.31827364526355,0.08413845223671466,0
original384,11,60,3.7284006523283253,173.68934756884371,0.021465914314926723,1
original384,11,61,5.235493099407769,80.09702097128847,0.06536439228226079,0
original384,11,62,18.307036113902768,249.33794505931476,0.07342258359251226,0
original384,11,63,5.028423044433269,40.50478197878336,0.12414393557450044,1
original384,12,0,2.557440045947702,52.6022258618218,0.048618475816322206,0
original384,12,1,3.4120552748358493,42.1996267351279,0.0808551055736135,0
original384,12,2,10.492740328008837,101.421845961979,0.10345641245715793,2
original384,12,3,2.36124815272931,22.721318730725407,0.10392214381184925,3
original384,12,4,6.163708403141618,71.37789630755273,0.08635318105458671,1
original384,12,5,5.409540775765844,241.30454385818976,0.022417898516427986,5
original384,12,6,3.8315225669288933,28.11690674457155,0.13627112689658274,0
original384,12,7,3.594278161193675,39.945192755208986,0.08998024326030994,0
original384,12,8,9.105621763110808,51.21961860658133,0.17777605555893,0
original384,12,9,4.276216245469564,37.08277477402872,0.11531543341962784,2
original384,12,10,10.666580322164638,149.30713556519387,0.07144052614623467,0
original384,12,11,6.6205940699609345,55.57686776200454,0.11912499456270444,5
original384,12,12,7.014735541877392,161.89746051684276,0.04332826172494302,0
original384,12,13,8.21762673035789,45.12072138905335,0.18212534014031861,1
original384,12,14,6.616382071891144,89.90725452016963,0.0735911924705346,3
original384,12,15,7.241745789207711,50.22012768784631,0.14420006723639361,2
original384,12,16,9.65659615195982,42.94450943320789,0.2248621833014262,0
original384,12,17,6.032011076725908,37.590049486923725,0.1604682930471862,2
original384,12,18,12.575566625690278,79.61644719408126,0.15795186885235887,0
original384,12,19,17.049202661181166,127.36456279631948,0.13386143120866464,0
original384,12,20,5.57668272556686,49.448539277847225,0.11277750176262931,0
original384,12,21,11.940551027677266,56.83534204795587,0.21009024662158637,0
original384,12,22,13.92949649832068,80.40541885502066,0.1732407678074162,0
original384,12,23,5.699563002880323,80.44414378115103,0.07085118611475352,0
original384,12,24,14.248019010553522,49.930837372854626,0.2853550983765314,0
original384,12,25,11.475086645324298,58.86008064832754,0.19495533337585316,0
original384,12,26,6.896787200884803,44.903199027045886,0.15359233529733063,0
original384,12,27,12.862857706880071,31.744263442992445,0.40520258817722077,0
original384,12,28,13.39038011515795,82.66761750927482,0.1619785415208758,0
original384,12,29,9.38784028236628,51.14626863517019,0.1835488791827686,0
original384,12,30,4.599476275276535,40.942773151376954,0.11233914855427542,0
original384,12,31,6.619084926728813,73.66236182904868,0.08985708253680488,0
original384,12,32,8.89746205473955,64.80991042599585,0.13728551692567525,0
original384,12,33,8.630038838832036,58.884795423691834,0.14655801683162184,0
original384,12,34,12.972387712303863,176.55337278262064,0.07347572865841522,0
original384,12,35,7.264979171330299,41.21106340927961,0.17628710764339128,0
original384,12,36,7.303498098803164,38.4072098041138,0.19015955952157937,0
original384,12,37,8.701614187814721,50.70344741058715,0.17161780179068806,0
original384,12,38,11.196479263369898,58.70568505233424,0.19072223164398125,0
original384,12,39,9.105774598488686,48.47610006692224,0.18784049430374924,0
original384,12,40,6.05998900592942,59.559095192656486,0.1017474994596057,0
original384,12,41,14.731602163255074,185.05702911789206,0.07960574225943176,0
original384,12,42,9.718561230487982,22.907695677923062,0.424248748854041,0
original384,12,43,17.288315509870387,38.79833699212572,0.445594240634054,0
original384,12,44,9.016520857083904,45.35154537758063,0.1988139716522469,0
original384,12,45,10.871537093265006,47.8829619419241,0.22704395576971173,0
original384,12,46,14.745221617720738,58.56459955720997,0.25177704157810527,0
original384,12,47,8.017152815847412,35.36534655071634,0.2266951577683613,0
original384,12,48,4.758185391331597,17.10884846974011,0.27811254508140926,0
original384,12,49,10.372365520344447,63.94234982596698,0.1622143313246244,0
original384,12,50,12.43982228741693,182.26976434562542,0.06824951100407506,0
original384,12,51,2.0389335555998187,39.067159071597644,0.05219047414896752,0
original384,12,52,5.3341824699200755,47.54957682529417,0.11218149195141813,0
original384,12,53,14.925619127348,90.7220967565562,0.16452021790677332,0
original384,12,54,11.44643437499304,69.85602006525659,0.16385752243400434,0
original384,12,55,4.532401812070177,27.36138840617953,0.16564955494168346,0
original384,12,56,5.097762860626007,44.32990035459446,0.11499603698291785,2
original384,12,57,4.529007845911932,52.14157734717555,0.08685981660578328,1
original384,12,58,3.444936120695353,54.18627135443079,0.06357581052518134,0
original384,12,59,6.606959759765137,47.24059229521418,0.13985768253025208,1
original384,12,60,3.2761571708345287,40.382961034331274,0.08112721521458835,0
original384,12,61,4.118296494340791,36.3970057920613,0.11314932106967573,1
original384,12,62,2.29303854994363,49.33270327780116,0.04648110477609802,0
original384,12,63,3.103600906840442,78.89400668386868,0.03933886789749049,0
original384,13,0,2.1879547112094935,34.324776534742,0.06374272266550501,0
original384,13,1,2.3977323110036526,28.121062331704387,0.08526464195132448,2
original384,13,2,11.338140408789839,43.100422252261,0.26306332551521705,0
original384,13,3,15.45227525139335,94.74314101230013,0.16309650583979735,0
original384,13,4,2.6880112197391313,44.340270345355314,0.060622346205895496,0
original384,13,5,19.82185504905154,182.64751487996634,0.10852518339534055,0
original384,13,6,4.901383724276143,58.88277955463334,0.08323967994290218,2
original384,13,7,3.8584036337598175,98.75273079924015,0.03907136139459048,6
original384,13,8,18.741316037302894,93.38170989581934,0.20069578998083795,0
original384,13,9,11.330685466498302,106.89086534504366,0.10600237382233603,4
original384,13,10,12.686795535968463,101.82372393612441,0.12459567422545934,0
original384,13,11,12.047134027806315,291.77843944213987,0.0412886368534961,6
original384,13,12,10.990676543876667,149.2967651289241,0.07361630732176783,0
original384,13,13,9.385070869010475,112.1599071519464,0.08367580811471462,0
original384,13,14,12.755171049292434,126.74485606005501,0.10063659737992603,0
original384,13,15,3.768940490189784,91.50656070345632,0.04118765322634868,2
original384,13,16,20.529601920741175,117.67256401311093,0.17446379360318684,0
original384,13,17,16.157536834730468,85.40576449426425,0.1891855535795314,0
original384,13,18,14.152536263770903,100.39704946801207,0.14096565923762633,0
original384,13,19,14.977785718163696,75.15095988561896,0.19930265349850676,0
original384,13,20,9.242239339697587,102.96056210280297,0.08976484928733677,0
original384,13,21,7.6455440367092775,75.124036747418,0.10177227379853297,0
original384,13,22,10.454801457857856,92.75128721780563,0.11271866700143036,0
original384,13,23,12.471644242962865,95.87499811290486,0.13008234147004558,0
original384,13,24,9.998178784475904,44.46001077059558,0.2248802600625634,0
original384,13,25,6.522553620852016,20.220612716946817,0.32256953397784477,0
original384,13,26,3.8452451554666323,28.90865684642641,0.1330136220404155,2
original384,13,27,8.466510193290475,62.16180736901135,0.13620115874415784,0
original384,13,28,7.332348679069894,69.45539413187579,0.10556917530620985,2
original384,13,29,17.83966822093549,84.550388722471,0.2109945145195321,0
original384,13,30,15.306693699998233,86.37709914273807,0.1772077767360992,0
original384,13,31,11.655522089230484,49.68163086828414,0.23460425685564923,0
original384,13,32,16.855496772979237,73.55630510677945,0.22915094428017593,0
original384,13,33,7.8670117955546806,59.36890342302601,0.13251064685327316,0
original384,13,34,11.554452925595053,43.305554574508605,0.26681226090097154,0
original384,13,35,10.264480252865962,49.3569784640204,0.20796411312634194,0
original384,13,36,5.253134913708048,72.30646743215313,0.07265096885886714,3
original384,13,37,19.328003945249097,241.32795240395396,0.08009019988242533,0
original384,13,38,15.994035389678405,141.0473468170124,0.11339479792149687,0
original384,13,39,15.885109584362384,145.86880369771373,0.10889997848533366,0
original384,13,40,13.950828465006712,121.41522865896023,0.11490180119161819,0
original384,13,41,11.076618421420973,125.00424492660211,0.08860993822989575,0
original384,13,42,7.272733723253958,114.25336106446471,0.06365444005757076,0
original384,13,43,14.469245969054933,85.92633799630362,0.16839127916375735,0
original384,13,44,16.92287836150549,67.00474611701286,0.2525623831474929,0
original384,13,45,9.365280858176492,52.49234182308106,0.17841232707317595,0
original384,13,46,10.621702534678645,76.85088121615294,0.138211850880457,0
original384,13,47,12.296716649670888,100.22762527962142,0.1226878978262203,0
original384,13,48,8.103510543313696,91.73719433039979,0.088333969688763,2
original384,13,49,4.217163090204013,71.95587268596384,0.05860762899240939,2
original384,13,50,12.681203260766813,95.73723998678335,0.1324584170435399,1
original384,13,51,18.999298270587182,71.61908588572652,0.26528261336512937,0
original384,13,52,35.08004675240622,100.2182506949152,0.3500365104076406,3
original384,13,53,23.90538903405902,74.21751022594198,0.3220990432215164,0
original384,13,54,14.887839855726197,73.50148934081918,0.2025515399653026,0
original384,13,55,10.400184339066755,82.09709315626493,0.12668151744752856,3
original384,13,56,15.352247492502372,78.58118554716454,0.195367980078233,3
original384,13,57,14.693741454947537,66.91387060345603,0.2195918622317541,0
original384,13,58,12.72174606642886,56.02494377760149,0.22707289304795258,0
original384,13,59,10.199213919450363,52.58291438113505,0.19396440915244312,0
original384,13,60,19.738148347764255,124.75268900606667,0.15821821962334132,1
original384,13,61,9.142152563672111,64.44481299129646,0.14186017678268067,0
original384,13,62,7.220755061716901,96.21144531806216,0.07505089480618497,2
original384,13,63,10.550152832522395,84.89801050467817,0.1242685519932301,0
original384,14,0,1.895583654293311,34.41867324379698,0.05507428019861103,2
original384,14,1,2.5223749613780657,56.506185554447825,0.04463891760925136,2
original384,14,2,5.3125282570097125,58.28796050253191,0.09114280567045997,0
original384,14,3,8.232544551848665,54.47734531218412,0.1511186807042783,0
original384,14,4,5.771416169177118,35.00046266134445,0.16489542509822996,0
original384,14,5,3.709108168317234,46.09626034989738,0.08046440514182603,0
original384,14,6,6.735512418347452,24.5950478578945,0.2738564469263878,0
original384,14,7,7.42632396342189,41.73618243409572,0.17793491235449152,0
original384,14,8,5.661740939144673,54.26990876238817,0.1043256026822096,0
original384,14,9,4.56937289670912,50.65339047198142,0.09020862876368835,3
original384,14,10,4.12433170999753,49.96725368670579,0.08254069226732073,2
original384,14,11,6.64581494689218,65.89007203552532,0.10086215937522454,0
original384,14,12,6.16922282269692,35.03915999313479,0.17606651597543016,0
original384,14,13,2.8333926997157666,45.46824064899368,0.062315863980509575,3
original384,14,14,18.793593219175047,210.81060992812434,0.08914918099038138,0
original384,14,15,9.239764082957516,263.89692264367784,0.03501277692212176,2
original384,14,16,6.643590264442438,67.5438321933813,0.09835968805295965,0
original384,14,17,8.262137903787947,26.99438799987143,0.3060687245003405,0
original384,14,18,6.941056147078362,45.523959990703425,0.15247039467778756,0
original384,14,19,17.976551495465003,67.51749743267598,0.26625026369483024,0
original384,14,20,2.7075795493769004,20.70951364140384,0.13074085641314756,2
original384,14,21,11.417833736536124,59.99875235146619,0.19030118609219893,0
original384,14,22,15.998280431557607,67.22656419887814,0.23797557739570727,0
original384,14,23,7.261789096326282,63.877424613104544,0.113683185261613,3
original384,14,24,9.253858628247233,70.58641777581832,0.131099706145131,1
original384,14,25,8.585189210191732,45.61408845654438,0.18821354324269066,0
original384,14,26,7.651489173735778,71.79721115275423,0.10657084099626978,0
original384,14,27,2.112728013130361,21.978427935544637,0.09612734902270008,6
original384,14,28,6.6335230522529915,36.64947123110451,0.18099914758451144,0
original384,14,29,13.490036695312314,55.520832257026235,0.2429725230497627,0
original384,14,30,5.07448397880095,40.65412008418731,0.1248209029808692,1
original384,14,31,7.796165892010998,69.64921021001787,0.11193473506020676,1
original384,14,32,3.8109465496241453,40.60269453249927,0.09385944931742847,0
original384,14,33,17.21523346931392,45.500761784413584,0.37835044500751736,0
original384,14,34,3.0631246668871857,33.59094728567511,0.09118899329741315,0
original384,14,35,17.861153927185857,258.38380918401,0.06912644404303948,0
original384,14,36,12.057582647405637,85.82846729615882,0.1404846553510022,0
original384,14,37,10.44367386966008,54.171170325079174,0.1927902573820721,0
original384,14,38,8.738743061591645,70.38557729488167,0.12415530848003875,3
original384,14,39,7.831257185702399,68.27400900356287,0.1147033446548265,0
original384,14,40,4.554697824332161,52.84341048041955,0.08619235176010916,0
original384,14,41,7.787134300124857,44.025458279970216,0.17687798388387668,2
original384,14,42,14.861960996112549,69.22337908236553,0.21469568797600916,0
original384,14,43,10.33353062421033,72.17819524544112,0.14316692997201272,0
original384,14,44,3.925431920655853,33.94688803291659,0.11563451462324202,2
original384,14,45,6.328629216173608,40.60322343904655,0.15586519197605406,0
original384,14,46,4.564300771405635,65.0571493040055,0.070158327258963,0
original384,14,47,4.800865724416539,52.38678097865962,0.09164269372405662,1
original384,14,48,4.53230153779652,59.10727810058402,0.07667924633720763,1
original384,14,49,7.870645157208742,44.615162702647254,0.17641188960052218,0
original384,14,50,10.530856098085538,63.758065906137276,0.16516900173209065,0
original384,14,51,6.221003562752711,67.40898144794076,0.09228745827523185,2
original384,14,52,8.19033324078557,61.966690756376636,0.13217315852779746,0
original384,14,53,2.315883804234427,60.30243275496933,0.03840448383972672,2
original384,14,54,4.944169488433425,59.01069316029238,0.08378429778825747,3
original384,14,55,13.460207663331534,90.80907001761878,0.14822536626264296,0
original384,14,56,10.84420223857927,83.44501180121406,0.12995626706138824,0
original384,14,57,8.61171178950145,57.5576979112498,0.1496187669420022,0
original384,14,58,7.297516359123197,55.8440903102957,0.13067660908387632,0
original384,14,59,9.381169565152074,62.15432802837769,0.15093348866822162,0
original384,14,60,7.205692612077103,58.535510048589664,0.12309951012805286,2
original384,14,61,9.858496997002094,45.93461284694566,0.2146202261429883,0
original384,14,62,3.1177992104266727,62.00846296184678,0.050280220819939124,1
original384,14,63,5.606852266604962,66.45225375806535,0.08437414759502351,2
original384,15,0,0.9642057541423802,100.41865921394296,0.009601858476203413,8
original384,15,1,1.491900123663882,313.28583089863486,0.004762105325301461,0
original384,15,2,2.6202130139697153,35.91526736236572,0.07295540883861941,2
original384,15,3,7.987283893666845,72.65516030071007,0.1099341582980278,0
original384,15,4,8.286429756374206,68.44580457375662,0.12106556140259582,0
original384,15,5,2.6314543354288165,54.93470126782982,0.04790149531530839,2
original384,15,6,3.173555399339835,36.70016251407408,0.08647251624901699,0
original384,15,7,7.4171274053762755,79.64488465507056,0.09312748003212869,3
original384,15,8,6.423916184077189,74.53981471514682,0.0861810055287382,0
original384,15,9,4.418189431119821,66.12484162296892,0.06681587921694367,0
original384,15,10,3.421131745005867,92.05926949149686,0.037162273434310306,0
original384,15,11,6.98008281824318,76.17485292751252,0.09163237669635385,0
original384,15,12,6.20024319537161,20.514501070502284,0.3022370943394238,0
original384,15,13,6.634780099711542,53.18098332972647,0.12475850735168546,3
original384,15,14,4.882851763372036,63.4570354586327,0.07694736648318752,0
original384,15,15,4.4631101690523085,57.58481059457399,0.07750498999597043,0
original384,15,16,5.499496120629219,98.22598829972893,0.0559881983966192,0
original384,15,17,10.648865226947024,119.56034886284311,0.08906686312167889,0
original384,15,18,5.918279009163427,134.02361245495345,0.044158479992864055,2
original384,15,19,5.646375695592583,72.23119793696124,0.07817087154667403,1
original384,15,20,8.23486657702872,91.39171657346078,0.09010517458012207,0
original384,15,21,17.654874099251845,97.88231905238437,0.1803683675475993,0
original384,15,22,5.669817421336416,43.822739493587264,0.12938071619566596,0
original384,15,23,5.5893642032439415,56.077905532957395,0.09967141515224799,2
original384,15,24,6.849722712977174,56.145577265162395,0.12199932829308247,0
original384,15,25,5.139237547819738,38.27195281659238,0.13428208308178302,1
original384,15,26,15.648471748491705,59.23951898030717,0.2641559556500397,0
original384,15,27,9.096839809947287,67.71499476539549,0.13434010947595998,0
original384,15,28,5.278032453853035,79.29217030056037,0.06656435854695901,2
original384,15,29,14.127757490293687,234.29005328306746,0.0603002871539947,0
original384,15,30,2.535413338983578,34.49568731214081,0.0734994295385799,2
original384,15,31,8.242031992645224,55.21337233061218,0.1492760113128529,0
original384,15,32,9.004338051290794,83.6485623581787,0.10764486319244433,0
original384,15,33,4.51506834398107,50.370559730600505,0.08963704926308633,0
original384,15,34,5.4578406152605385,68.05365739960862,0.08019907854786254,0
original384,15,35,7.806188257936547,129.8050854528683,0.06013776910744335,0
original384,15,36,16.31441656175435,130.60574524305298,0.12491346786769417,0
original384,15,37,3.50374758734028,32.889513687310995,0.10653084203832575,1
original384,15,38,9.524255172161107,93.80817517781561,0.1015290528155745,0
original384,15,39,9.888042275842093,48.0951747897365,0.2055932288232831,0
original384,15,40,14.087177454277588,52.62901367413315,0.26766941788995285,0
original384,15,41,6.252476738297699,31.4615971160557,0.1987336089529572,0
original384,15,42,16.558358288796594,115.03028248531034,0.1439478190528754,0
original384,15,43,5.1135819761222985,118.12846447754922,0.04328831326757959,0
original384,15,44,10.823613328263487,97.3093155782334,0.11122895340438058,0
original384,15,45,7.362362323253252,51.42462502718558,0.143168031256643,0
original384,15,46,9.318708070386101,135.08360773795775,0.06898474379262226,0
original384,15,47,13.234368661628311,128.64914580585034,0.10287179583454706,0
original384,15,48,5.94352330244347,37.35807322712501,0.15909608791408406,6
original384,15,49,5.692508611664605,20.874429351353086,0.2727024780342374,2
original384,15,50,14.19233527621559,92.2485593576033,0.15384885547316499,0
original384,15,51,4.609923171566463,56.20635025539278,0.08201783518445335,3
original384,15,52,14.77970364777339,75.22175262263039,0.19648177731140673,0
original384,15,53,13.995127371530012,93.63102323174343,0.14947105017629764,0
original384,15,54,15.349482651629845,116.41953846408587,0.1318462764423773,0
original384,15,55,18.01552793673544,59.884513565558024,0.3008378437776422,0
original384,15,56,6.185545194039441,119.55560592481915,0.05173780975129793,3
original384,15,57,8.14417846290145,83.11685425219044,0.09798468115973989,0
original384,15,58,2.8265151204126693,58.281128383355245,0.048497947771716544,1
original384,15,59,8.928282173579005,72.84636893476102,0.12256317376058787,0
original384,15,60,4.974717153049657,49.735069817021106,0.10002433235445327,0
original384,15,61,11.702611753817417,210.2234739684729,0.055667483430382525,0
original384,15,62,5.833614401410482,100.91714534027535,0.057805979169748924,1
original384,15,63,9.97256362341269,89.92331406126291,0.1109007572454301,0
original384,16,0,4.266628155100593,65.35998832672504,0.06527890020072129,2
original384,16,1,4.880178104215016,77.45866424410586,0.06300364396725791,0
original384,16,2,3.994255233805569,38.07798765843977,0.10489669962693697,3
original384,16,3,11.170546463185572,83.64861863477847,0.1335413141962061,0
original384,16,4,9.167376200433488,186.48729108096262,0.04915818202567762,0
original384,16,5,4.292535661538487,87.13093430262623,0.049265346411063386,0
original384,16,6,3.8071698572863157,84.91325188603358,0.044835991705936704,2
original384,16,7,4.75342034168216,65.50291919131422,0.07256806872681287,0
original384,16,8,3.795105815172827,65.95367187152188,0.05754199436485833,0
original384,16,9,3.7070634737032857,58.34037318872953,0.06354199109613227,0
original384,16,10,7.874927187778123,72.63764065303465,0.10841386252334347,0
original384,16,11,5.2884266785622716,83.43224090024091,0.0633858880152289,3
original384,16,12,5.5687438129519204,56.64153380850443,0.0983155546560394,2
original384,16,13,6.053019643240456,97.9500758273935,0.06179698782374623,2
original384,16,14,5.807587489946359,96.35611000703076,0.06027212482449323,0
original384,16,15,7.610036889257326,67.05390683655031,0.11349132732575072,0
original384,16,16,10.502755834066425,88.28517333395654,0.11896398271018425,0
original384,16,17,8.530636838150135,226.85007077951545,0.03760473518406524,0
original384,16,18,5.2244323778816435,102.21152319626215,0.05111392741745874,0
original384,16,19,6.911707178930493,73.06631763349165,0.0945949844304505,0
original384,16,20,6.471993916844973,40.9828349024289,0.15791962494184125,0
original384,16,21,2.906586962709322,66.4759410071546,0.0437238934669085,0
original384,16,22,3.9071403506822837,80.58981748729273,0.04848181162959396,2
original384,16,23,8.235544229892831,71.47185919726316,0.11522778786490825,0
original384,16,24,6.7320136071054835,57.06295457386993,0.11797520225474241,0
original384,16,25,1.1729007502783992,16.75751602377605,0.06999251849822215,0
original384,16,26,3.2169088706049607,74.7382150812936,0.04304235613743106,1
original384,16,27,2.746129758572383,70.7486651045655,0.038815287249782636,2
original384,16,28,4.905088995149994,79.59037662277828,0.06162917180801714,3
original384,16,29,4.352694126573823,52.32733437948566,0.08318203436482037,0
original384,16,30,9.60033981095371,76.98020576767206,0.12471179721093166,0
original384,16,31,1.6220939879864966,22.159015100174187,0.07320244066144192,1
original384,16,32,8.248559064796192,50.0588379626872,0.1647772781091022,0
original384,16,33,2.065158179561913,26.74138094318076,0.07722705809209689,0
original384,16,34,7.36759115211335,57.59648183420071,0.1279173817130352,0
original384,16,35,10.521752168063122,29.052000085177895,0.3621696315990044,0
original384,16,36,7.627423571503581,248.0235738050205,0.03075281697819478,0
original384,16,37,2.9402170549138886,104.4046499611818,0.028161744290192792,8
original384,16,38,2.767212118149979,105.12320481252954,0.026323513662705206,7
original384,16,39,1.871289306595532,35.03760193783236,0.05340803031884953,0
original384,16,40,4.477617131484631,78.21756907708975,0.0572456697941044,4
original384,16,41,5.694733520169671,90.64010506108166,0.06282796689536088,2
original384,16,42,10.772028099921908,101.48748069335474,0.10614144746059545,0
original384,16,43,3.2650774075686604,72.05738676573169,0.0453121817778914,0
original384,16,44,7.707998839784545,101.65017225044484,0.07582868448853822,0
original384,16,45,5.615831249152032,91.23433596361788,0.06155392254284061,0
original384,16,46,5.743759761715762,66.55573677715674,0.08629999515965295,0
original384,16,47,3.6167872253385838,60.257300176903335,0.06002239089239682,2
original384,16,48,10.413487683654342,61.60365875356728,0.16904008453964317,2
original384,16,49,10.537650877003466,56.17114121344133,0.18759901702837198,0
original384,16,50,4.350063377659765,40.88516434914775,0.1063971111993449,2
original384,16,51,4.216858808730684,126.92134640479942,0.03322418906021964,0
original384,16,52,4.420290374828457,97.30017458404113,0.04542941874179801,0
original384,16,53,5.42036867881839,74.90178695248512,0.0723663466434635,2
original384,16,54,4.085380167458653,70.70573086627401,0.05778004296688972,0
original384,16,55,8.0097867462237,77.50256380299523,0.10334866813675843,0
original384,16,56,4.17383006242156,58.39967767296837,0.07147008731442901,0
original384,16,57,6.186164284735454,56.751650289934105,0.10900413033156638,2
original384,16,58,6.1164782852908015,61.55943872982463,0.09935890273683505,2
original384,16,59,9.58514790934343,88.971344510775,0.107732978095915,0
original384,16,60,6.433785630528158,93.0030760911696,0.06917820249537993,0
original384,16,61,4.703898785954878,56.021094882311765,0.08396656287844345,0
original384,16,62,7.564785015614827,75.55656678202484,0.10012081461348922,0
original384,16,63,9.202283151444181,57.971358218719786,0.15873844315886032,0
original384,17,0,1.5405691417670835,38.301162087304,0.04022251696320589,0
original384,17,1,3.8052828726056647,60.79604547190047,0.06259096036705943,3
original384,17,2,2.3075644133448976,29.71601798689781,0.07765389071854559,3
original384,17,3,3.6163689397528347,85.37379984950388,0.04235923604346691,3
original384,17,4,2.8163089798675465,63.17241978689868,0.04458130604095714,6
original384,17,5,3.3921993414789298,18.977631413185343,0.17874724551358323,0
original384,17,6,10.823615360496051,75.29725851142506,0.1437451452346536,0
original384,17,7,12.125465021327818,259.36933330953786,0.046749802170547985,0
original384,17,8,5.659562376724066,39.7599908438446,0.14234315090644056,0
original384,17,9,4.921404440902201,91.98810331883429,0.05350044476778073,3
original384,17,10,2.607762876078809,51.84772654800088,0.0502965713195646,1
original384,17,11,4.139177052090288,69.83021963020306,0.059274868015738065,2
original384,17,12,3.7161045329745126,70.77538084083312,0.052505609843791115,0
original384,17,13,5.819411685443485,101.77515049770308,0.05717910174522238,0
original384,17,14,6.53725403066934,116.55623201942018,0.056086696673414475,0
original384,17,15,5.600463214481557,71.73607978753853,0.07807038286826526,0
original384,17,16,4.879099211787787,108.8273942523359,0.04483337348383733,2
original384,17,17,5.26745346857125,90.89238192359768,0.05795263978227533,3
original384,17,18,6.658660951795662,24.23504837487647,0.27475335921748917,0
original384,17,19,5.49405669610518,63.16486034772634,0.0869796381383584,1
original384,17,20,6.317056888030832,72.09575021243185,0.08762037803084749,0
original384,17,21,4.5410478665217875,30.700776735161295,0.1479131262930221,0
original384,17,22,12.08567372517318,45.8416691403539,0.2636394780515158,0
original384,17,23,9.397710906707918,108.00337781218623,0.08701312030305366,0
original384,17,24,3.936256423502281,52.325964593393174,0.07522568296809351,5
original384,17,25,7.572682401932613,102.40964439685622,0.07394501217665667,0
original384,17,26,7.5627442162362675,164.08063324023047,0.0460916323083886,6
original384,17,27,11.023038870336187,83.17903187549781,0.13252184621282256,0
original384,17,28,11.939115778388569,59.98131030124874,0.19904726519687269,0
original384,17,29,2.0052584041467623,12.527308076436414,0.1600709739004989,4
original384,17,30,3.264659868769586,13.573782284141853,0.24051217268923367,0
original384,17,31,3.824905402103113,32.368201547191106,0.11816861052742166,0
original384,17,32,11.654570220201538,46.54900323593124,0.250372068358391,0
original384,17,33,5.257530196963598,48.41012365130153,0.1086039406722781,2
original384,17,34,4.433839943560954,77.15096761692836,0.05746966085475365,0
original384,17,35,8.472945182833698,263.10598856147413,0.0322035436333446,0
original384,17,36,5.051611014083889,271.6363620461429,0.01859696167343668,2
original384,17,37,11.218533931258639,126.66001997426491,0.08857202085976339,0
original384,17,38,7.127532553254736,39.357589500845755,0.18109677558127824,0
original384,17,39,5.078958431923151,21.940556743060174,0.23148721754882687,2
original384,17,40,12.897536241433706,80.09183782107164,0.161034339981651,0
original384,17,41,4.546619235615735,48.82192535712319,0.09312658610569065,0
original384,17,42,12.257578960782016,77.42065735784334,0.1583243978945656,1
original384,17,43,12.140079761175537,82.8638784931546,0.1465062942012596,0
original384,17,44,15.34168656303183,103.4760782558549,0.14826312343513814,0
original384,17,45,4.197787545564941,92.62065703686552,0.04532236846359347,0
original384,17,46,9.020199090189102,83.23385161937274,0.10837176118484038,0
original384,17,47,4.525133500320863,62.314503768347244,0.07261766084414223,2
original384,17,48,10.340880407446964,79.38087518905967,0.13026916600274713,3
original384,17,49,8.409842394090067,82.09375386171389,0.10244192765574299,1
original384,17,50,22.945423242393016,65.1235475783585,0.35233681357399077,0
original384,17,51,17.497480728535095,108.44578826559261,0.16134772044518994,0
original384,17,52,20.678773625279636,50.15489459290222,0.41229821721539495,0
original384,17,53,6.600048282546603,53.48267948504451,0.1234053406840282,0
original384,17,54,8.423318093155766,75.1414831082234,0.11209943888150282,0
original384,17,55,7.164595024853351,88.77199484522801,0.08070782950574291,2
original384,17,56,4.1819365960412975,85.22238831124012,0.04907086833530732,0
original384,17,57,7.846229596573767,104.46446915246365,0.07510907450381396,0
original384,17,58,5.28201071144004,29.411519508953077,0.17958986137496766,0
original384,17,59,6.041685949602067,83.23917428704243,0.07258224269221945,0
original384,17,60,18.621735316833757,102.83722758610604,0.18107970969211223,0
original384,17,61,5.2065692240022,149.65592822043072,0.03479026381322734,0
original384,17,62,6.987017389495175,89.70279329945582,0.07789074489765706,0
original384,17,63,5.405126409957274,149.17200661888938,0.0362341871807524,3
original384,18,0,1.954088984473692,47.365065784952215,0.04125591196992493,2
original384,18,1,4.540630202195689,58.00806113333427,0.0782758484507668,0
original384,18,2,3.320875676433651,33.45310827267633,0.09926957009092216,0
original384,18,3,1.4709449312635117,127.65796796850995,0.011522546964137462,3
original384,18,4,6.568021786654537,51.30044108910438,0.1280305129393811,1
original384,18,5,4.348223199903501,62.693018027612425,0.06935737561698459,1
original384,18,6,7.807879256880396,164.5469581279912,0.04745076630834534,0
original384,18,7,8.799758181376621,121.31101618064669,0.07253882176926721,0
original384,18,8,24.490232055455742,145.37858559188444,0.1684583183675084,0
original384,18,9,5.764933446161673,101.08894200461624,0.05702832903225376,0
original384,18,10,10.992209090004966,143.34182266412233,0.07668528895270044,0
original384,18,11,8.354920582028688,123.60841299942028,0.06759184410908886,0
original384,18,12,4.564179752021383,72.54976618746896,0.06291101945425323,2
original384,18,13,3.595556487219277,61.917399544406926,0.05807021150235093,2
original384,18,14,8.316728991149432,283.4491386994595,0.02934116868129785,0
original384,18,15,10.246842529337075,309.9809979913449,0.033056356988769936,0
original384,18,16,6.194019031372965,123.73992139784144,0.05005675582626493,2
original384,18,17,13.865708717696696,116.45256266885856,0.11906744171122159,0
original384,18,18,5.068687417758436,110.44044596829806,0.04589520961562762,3
original384,18,19,4.392030430358901,104.3542239830262,0.04208771109325952,3
original384,18,20,10.49642046128357,100.54940401963933,0.10439067803160133,0
original384,18,21,13.553259952582696,107.34178750511764,0.12626266310253617,0
original384,18,22,7.6063573291205655,44.24806779109351,0.171902587137412,0
original384,18,23,10.890841507028039,37.013748302718895,0.2942377361502736,0
original384,18,24,6.817097262405624,16.438141768023335,0.4147121589903024,0
original384,18,25,5.206379543815961,24.47724654196294,0.21270282729269915,0
original384,18,26,13.518990694481316,53.327148767376784,0.2535104727510135,0
original384,18,27,12.380782689455408,82.87574379458476,0.14938970225283685,0
original384,18,28,6.522174454604467,64.94506628602232,0.10042601890465988,0
original384,18,29,12.291881588391607,61.73752062527668,0.19909904809748782,0
original384,18,30,7.127733079462227,78.96729812182774,0.09026183304974969,0
original384,18,31,8.96858477053527,76.72465957016405,0.11689311911946086,0
original384,18,32,4.80006541001118,95.7178205762282,0.05014808508085995,2
original384,18,33,7.017713295502781,139.8616853229362,0.05017609561402826,1
original384,18,34,2.814582045649396,16.846777028593166,0.16706946621732754,2
original384,18,35,2.6499419922434946,18.10321018430684,0.14637967328803675,0
original384,18,36,4.400017497879087,39.269200197899764,0.11204754554981779,1
original384,18,37,9.110239117953805,51.19299109635815,0.17795871901303895,0
original384,18,38,2.946881205906016,62.82380531842671,0.04690707910750629,0
original384,18,39,9.226336353950348,246.35115499146832,0.037451971168025885,0
original384,18,40,8.066220951870102,83.867405919677,0.09617825737444924,0
original384,18,41,9.398081851829522,52.19137632276786,0.18006963054027994,0
original384,18,42,11.309854071822423,94.11658734889163,0.12016855254107994,0
original384,18,43,6.994620581786211,65.36220713831261,0.10701322504279777,0
original384,18,44,1.845131043681422,23.18142477170258,0.07959523894035028,5
original384,18,45,4.883066842112469,38.7025223955515,0.12616921430097106,0
original384,18,46,5.683470771469742,34.7706485308339,0.16345598979638692,0
original384,18,47,6.274133237880432,73.54471275225785,0.08531045948898364,2
original384,18,48,10.745135176334502,86.78593356296189,0.12381194434624672,0
original384,18,49,9.073761332015374,55.076615628362894,0.164747982941469,2
original384,18,50,3.3261748476069664,47.90277463830352,0.06943595381941248,0
original384,18,51,8.426437174204205,52.9650110801403,0.15909440973125316,1
original384,18,52,3.6980882418291916,62.246704240458406,0.059410185437987414,0
original384,18,53,18.06837784881763,60.92721886936767,0.29655674728166287,0
original384,18,54,4.365415592616657,31.33788218255987,0.13930155098502775,0
original384,18,55,8.706254680470543,50.32426945516152,0.1730031011821789,0
original384,18,56,9.635525606703679,78.18455727183589,0.12324077724457035,0
original384,18,57,3.5701734857409324,43.65843671280614,0.08177511048382795,0
original384,18,58,7.816464741336596,66.30337113905696,0.11788940150483833,3
original384,18,59,3.920902129197117,57.38754504187241,0.06832322460102204,2
original384,18,60,8.452346357326471,264.63739485403113,0.031939349924407404,0
original384,18,61,7.659808921084368,82.2446324936739,0.09313445374898532,0
original384,18,62,6.003918839928992,86.58409391288961,0.06934205312547828,0
original384,18,63,13.234265675887102,105.09562465157609,0.1259259433469539,0
original384,19,0,0.7847862690456463,91.81174135953533,0.008547776759536871,3
original384,19,1,1.457341009013478,48.66850125276676,0.029944234391862015,2
original384,19,2,0.8835956353561576,40.96515613457307,0.02156944385744537,2
original384,19,3,3.5549721585460383,106.34290003281566,0.033429332446726884,1
original384,19,4,1.2470596994878507,79.70408402616522,0.015646120455740594,11
original384,19,5,4.998874931661753,46.147104418490976,0.10832477995431328,0
original384,19,6,2.794767235671688,53.939449474720824,0.05181304709054325,0
original384,19,7,4.511369508863553,36.11638300998691,0.12491199652014068,0
original384,19,8,24.287578613056624,142.5581551557223,0.17036961923733004,0
original384,19,9,4.900974111845661,56.912151060130505,0.08611472278859289,1
original384,19,10,3.0751114989596005,41.91585526042903,0.0733639211189538,0
original384,19,11,3.686792054531121,63.4978222178771,0.05806170866586265,0
original384,19,12,2.1349444950142193,57.67021734470722,0.037019879468343245,1
original384,19,13,2.3621266218969983,13.680708234203326,0.1726611357730306,2
original384,19,14,4.517296220817372,58.09760103339763,0.0777535757151244,0
original384,19,15,5.399501024350725,47.12624364817421,0.11457524738575074,1
original384,19,16,4.171930868008434,65.11501189431837,0.06407018514838753,2
original384,19,17,4.863839136927856,41.996223961550996,0.11581610626185988,0
original384,19,18,2.6255054018993667,60.62708185075377,0.043305818484923896,5
original384,19,19,2.474797528314397,62.366019906140814,0.03968182564862886,5
original384,19,20,5.7691071771981495,32.91112245927912,0.17529354048426202,0
original384,19,21,4.060216528610097,62.75205299171748,0.06470252900165667,0
original384,19,22,4.002796040800655,62.223499110934675,0.06432933052614578,1
original384,19,23,2.701379937127029,26.113837834405572,0.10344630131569171,2
original384,19,24,3.722075450157326,45.525014644484536,0.08175890725623883,2
original384,19,25,14.455509489993155,47.8288867906548,0.302233868692457,0
original384,19,26,3.5451174886104218,38.22086377399591,0.09275346338515748,2
original384,19,27,8.771881795920732,60.331886571943286,0.1453937924759012,0
original384,19,28,9.683394537959387,59.958926232265625,0.16150046617660196,0
original384,19,29,2.628146681848872,58.44687613461085,0.044966418321415576,1
original384,19,30,9.15592231968428,88.7958471020425,0.10311205555776125,3
original384,19,31,4.201403853965814,36.74000589329865,0.1143550130658021,2
original384,19,32,3.469923754209932,177.81743385119464,0.01951396822604984,4
original384,19,33,6.084452773155124,63.31636916987431,0.09609604677158405,0
original384,19,34,4.1547335829382295,41.95454069421827,0.09902941407986361,0
original384,19,35,6.3082548098727464,66.8139333824591,0.09441525877189076,0
original384,19,36,4.581731744467125,92.66916825719623,0.04944181361109098,2
original384,19,37,4.081574672492513,62.38575926760828,0.0654247815592706,0
original384,19,38,4.362560911781335,69.65219600700878,0.06263350133773744,2
original384,19,39,6.377269534155128,45.58710395879389,0.13989196462051048,0
original384,19,40,8.143899915742784,99.34690918283708,0.08197436621560948,0
original384,19,41,9.59500529954802,85.80203846115182,0.11182724177226051,0
original384,19,42,2.743428354959308,40.17140049794103,0.06829307220941729,0
original384,19,43,5.452057484341444,86.87682975753194,0.06275617445477479,2
original384,19,44,9.409381026944454,89.20380067670624,0.10548183996157377,0
original384,19,45,4.233667390965028,63.08655592178523,0.06710886858705574,2
original384,19,46,3.6381100861871882,217.41076186074855,0.01673380864429055,4
original384,19,47,4.422540014650559,107.67993820810086,0.041071160405976595,6
original384,19,48,9.750999205089839,71.94301851410535,0.13553781042948637,0
original384,19,49,2.7517389045201472,39.38799276404645,0.06986237965982231,1
original384,19,50,6.488798917948921,41.88125780295868,0.1549332388362635,3
original384,19,51,9.761011533892663,63.42469591408838,0.15389922479272733,0
original384,19,52,10.37649119183929,86.73902615541198,0.11962886432743126,0
original384,19,53,9.103758466845477,80.74492061423881,0.112747135022139,0
original384,19,54,6.335236667928434,66.65605016569661,0.09504368548961449,2
original384,19,55,8.669741581200434,89.25489121448466,0.09713463837367237,0
original384,19,56,5.128846469333376,53.827347351811284,0.09528328482939427,2
original384,19,57,6.072229737850322,61.237185117057976,0.09915919104124313,2
original384,19,58,9.758230489711806,70.03886921791211,0.13932592856904927,0
original384,19,59,11.448796780370563,86.57011186705445,0.13224883892898806,0
original384,19,60,3.8819895363442374,74.34798092496638,0.05221378560719795,1
original384,19,61,9.48432875893224,102.87655997547566,0.09219134816709629,0
original384,19,62,2.880387465457334,76.40610454194777,0.037698394424439875,2
original384,19,63,8.042682904405526,208.5884118055889,0.03855766883110249,0
original384,20,0,3.8778198995298228,48.64102595693871,0.0797232341061804,1
original384,20,1,2.5967091258943498,52.949262331777575,0.049041459909743276,0
original384,20,2,5.676387791129165,72.73046595773963,0.0780469053288818,2
original384,20,3,7.8034808696736215,65.62468567723852,0.118910754225223,2
original384,20,4,5.201180808905564,75.41605005123765,0.06896649725584783,2
original384,20,5,9.49016732478084,57.02696459299879,0.1664154386001802,0
original384,20,6,10.763656284119131,95.20461971161065,0.11305813012775948,2
original384,20,7,6.577673835178609,71.84153330562658,0.0915580936614482,0
original384,20,8,6.323689313320965,47.95537240371354,0.131866128785005,0
original384,20,9,9.651354291983012,122.46810119100697,0.07880708689138823,0
original384,20,10,7.033793413256173,49.02743571676704,0.1434664756666167,0
original384,20,11,10.383903137539722,64.03145182192146,0.16216879114998833,0
original384,20,12,23.473365964366963,67.30487536523148,0.3487617477484089,0
original384,20,13,10.654856674260369,88.1397370925657,0.12088595933830022,2
original384,20,14,9.381086369329697,88.80217521508644,0.10564027679060684,0
original384,20,15,9.37941131467788,68.18521868946374,0.13755783870686955,0
original384,20,16,9.72918687414172,47.983291486534796,0.2027619734438591,0
original384,20,17,22.692433685892915,74.78413167168357,0.3034391545189958,0
original384,20,18,5.871302934812121,43.57275542193469,0.1347471115369602,0
original384,20,19,4.32542136885647,11.007593591006556,0.39294886144692276,0
original384,20,20,18.09871483800962,55.77676491754396,0.32448484355027324,0
original384,20,21,6.824724315918191,88.11260278450082,0.07745457630629285,0
original384,20,22,7.562262896889254,104.25847210563593,0.07253379743784351,0
original384,20,23,6.4711989735663025,27.750704984401985,0.23319043524132488,0
original384,20,24,3.3352647527617534,13.025135481505504,0.2560637282811778,2
original384,20,25,1.855607501478737,24.941029692896997,0.07439979521002692,2
original384,20,26,18.384706847366495,47.88957699826722,0.3838978750643737,0
original384,20,27,23.745197672299838,140.58523324737155,0.16890250223164024,0
original384,20,28,3.1763834185129,29.097692605398304,0.10916272508575495,0
original384,20,29,2.295131548263465,22.900103327992472,0.10022363285400367,1
original384,20,30,8.435016676999547,95.83428562952678,0.08801669070302641,2
original384,20,31,5.365926552577923,40.21840333278616,0.1334196812384047,1
original384,20,32,2.8449040404087236,23.650700251121147,0.12028836398930144,1
original384,20,33,6.558918036282002,55.75595571657572,0.11763618705816745,0
original384,20,34,7.426934970564006,78.1261751117543,0.0950633377346359,0
original384,20,35,9.09376262658272,233.93090051474837,0.03887371273556653,2
original384,20,36,5.60676994477501,236.86956712777555,0.02367028408402725,2
original384,20,37,16.12221970175887,256.4256916786805,0.06287287204419886,0
original384,20,38,13.057652099083294,40.47244721678851,0.32263065361826715,0
original384,20,39,11.667407823570588,77.93997229517007,0.1496973565680061,0
original384,20,40,14.646112899032328,77.34942221206528,0.1893499974554143,0
original384,20,41,9.086840384515508,44.04083956836933,0.2063275921524845,0
original384,20,42,8.015499485539674,80.56164267483908,0.09949523395260988,2
original384,20,43,13.076091366589502,63.31258073001321,0.20653227551014683,2
original384,20,44,7.55314510006241,46.927225703673294,0.16095443501726497,0
original384,20,45,11.156227706150778,66.46365510767879,0.16785456183648645,0
original384,20,46,6.690070935610103,36.25897857359196,0.184507981162012,0
original384,20,47,18.96877205960756,77.22488424509002,0.24563030744605613,0
original384,20,48,10.890435928624795,68.51180532858801,0.1589570713600876,0
original384,20,49,10.403428701563417,52.356814348018574,0.19870247705315425,0
original384,20,50,14.172224330857642,84.12251061659818,0.16847124779061606,0
original384,20,51,5.344253133496497,47.95567711770088,0.1114415113017742,2
original384,20,52,5.48826950235232,92.07485026060644,0.059606607958834074,0
original384,20,53,12.170498127841917,63.13280051408486,0.19277614851136995,0
original384,20,54,5.694967464853926,54.417425443946236,0.10465337928785591,0
original384,20,55,5.691566106803637,109.90943896601027,0.05178414302127196,0
original384,20,56,13.176046398403848,45.24678162884462,0.2912040574838184,0
original384,20,57,11.245100628899381,55.278194977984576,0.20342742076469614,0
original384,20,58,13.749076641826953,145.09593685571784,0.09475852280756089,0
original384,20,59,5.611063751475614,102.54348034900504,0.0547188737146277,3
original384,20,60,11.976147482743604,89.20773348464401,0.1342501038299011,0
original384,20,61,8.048288969246732,65.12886480086233,0.1235748388038873,5
original384,20,62,6.747402854799408,200.284182944449,0.03368914487206848,2
original384,20,63,5.997688196085654,223.01609270280957,0.02689352200281865,6
original384,21,0,1.995938954627036,30.223038942225536,0.06604031310162026,2
original384,21,1,4.163690421486203,204.1138962033854,0.020398858181303704,0
original384,21,2,3.8102543689475405,303.4086575674579,0.012558159676443621,1
original384,21,3,1.776231484787425,99.55989960197503,0.017840832422376093,1
original384,21,4,2.242491722426191,27.63677394971041,0.08114158788962736,6
original384,21,5,4.129175631919147,149.85636472011893,0.027554222602630542,1
original384,21,6,3.500053644878737,90.99706432143884,0.03846336880182328,1
original384,21,7,6.437532952049935,48.64155860677535,0.13234635436112943,0
original384,21,8,6.224842374080389,59.85479035419423,0.10399906736360648,0
original384,21,9,8.554891694592445,41.241605408885015,0.20743352761794756,0
original384,21,10,8.504597902697482,41.44603993084058,0.20519687566987774,0
original384,21,11,7.659647133772938,51.79008975931154,0.14789793123298808,1
original384,21,12,8.429853892471618,42.10001988892693,0.20023396460885812,0
original384,21,13,5.991281923051377,109.90866573464912,0.05451146079341952,2
original384,21,14,3.3585891645401897,16.98562348639875,0.19773128535608847,1
original384,21,15,8.956852764796528,40.226276904208895,0.22266173889583524,0
original384,21,16,9.497510433255373,77.50505853035222,0.12254052333288667,0
original384,21,17,6.563119009300189,241.30485912274438,0.027198453579261463,6
original384,21,18,6.4237835376963055,231.71895458009627,0.02772230501961743,5
original384,21,19,6.069272217979897,80.85174101395958,0.07506668553905348,0
original384,21,20,7.429425043136732,186.80389414505353,0.039771253576586424,2
original384,21,21,1.9589972401424207,17.455711231688863,0.11222672133725972,3
original384,21,22,4.101964664087013,26.205468142544124,0.15653086759505525,0
original384,21,23,4.014037427443442,54.287215797862714,0.07394074955675797,1
original384,21,24,1.6939404533468057,52.7996448243467,0.03208242136821543,1
original384,21,25,8.957944424792077,61.64432864332064,0.1453166028723179,0
original384,21,26,8.66926289414322,92.7205974669307,0.09349878161899419,2
original384,21,27,13.632699975977044,153.34275351123208,0.08890345101947367,0
original384,21,28,4.448054855225005,16.1263525380445,0.2758252273557441,0
original384,21,29,4.055773888693179,25.48461682356367,0.15914596310285176,0
original384,21,30,6.110861724372592,24.279851144383876,0.25168448060218374,0
original384,21,31,4.092742771718852,67.57280753220867,0.060567895891672704,0
original384,21,32,2.576433084918124,76.53680172811252,0.0336626698104081,1
original384,21,33,9.474226704010494,46.03563946771567,0.2058020006576573,3
original384,21,34,9.616129573790245,48.11137456962255,0.19987226845648792,1
original384,21,35,8.824107246793865,65.62531771614763,0.1344619356352864,2
original384,21,36,10.621275983195062,65.23165974877952,0.16282394199534048,2
original384,21,37,9.97545885546007,97.25368176376769,0.10257152916524827,2
original384,21,38,13.563121073067778,57.332456358219,0.23656968381616206,0
original384,21,39,9.530368779295918,129.48438061157566,0.07360245872345719,2
original384,21,40,11.917866905237835,57.48684784283134,0.2073146702672097,0
original384,21,41,6.146772283569738,80.60852410129587,0.07625461887685055,2
original384,21,42,2.662007189341909,21.23380949262719,0.1253664440319205,1
original384,21,43,8.753418453487956,45.76025184340965,0.19128868616024927,0
original384,21,44,23.98539511965807,122.60866906173767,0.19562560545845742,0
original384,21,45,16.30419009059323,98.44981190880515,0.1656091542937221,0
original384,21,46,17.35515238650905,156.3702841168082,0.11098753503283781,0
original384,21,47,6.230904791838627,20.018835315828063,0.3112521129994066,0
original384,21,48,6.808316358801483,57.25996378013199,0.11890186282590397,0
original384,21,49,15.791657053510706,48.843431834504756,0.3233117833942805,0
original384,21,50,8.201051142425687,52.15636864248459,0.15723968818920847,0
original384,21,51,7.228551471154223,35.74713595983067,0.202213443876371,0
original384,21,52,8.261639875927893,66.13439834592954,0.12492197831321743,0
original384,21,53,14.2147254877824,64.27885920629684,0.2211415333642061,2
original384,21,54,6.85843081729247,55.359207306490575,0.12388961386895357,0
original384,21,55,12.822509424225286,60.00952003700017,0.2136745872374798,0
original384,21,56,12.135922593637831,89.08200295283915,0.1362331581168275,2
original384,21,57,9.486962120049897,78.33202726063027,0.12111217405984398,2
original384,21,58,8.421151926660231,59.17272719290551,0.1423147508345683,2
original384,21,59,6.922018485471614,60.413096963407476,0.1145781102674527,2
original384,21,60,14.796243884377683,98.71996395850022,0.14988096926977923,0
original384,21,61,6.828761057218038,22.99974215181028,0.2969059832125359,1
original384,21,62,6.14294628748534,54.9110853542852,0.11187078616004721,2
original384,21,63,6.379392455807033,88.95627966364717,0.07171379558506912,0
original384,22,0,1.398020804019743,30.610891404915442,0.04567069888710432,4
original384,22,1,2.2955158661219457,68.26281750305253,0.03362761676251198,1
original384,22,2,2.037275621440795,68.0697944047211,0.029929216611523896,2
original384,22,3,3.665470698978466,123.03657115068864,0.0297917169236551,3
original384,22,4,4.754462290186275,46.67592981401604,0.10186111576418101,0
original384,22,5,2.4522325958170232,48.94488309319118,0.05010191956425693,2
original384,22,6,2.9572724380905684,50.03898919334917,0.05909936403119087,0
original384,22,7,4.024648405457169,44.36984158059141,0.0907068464093336,0
original384,22,8,4.194431167136801,205.08564775502686,0.02045209507857427,2
original384,22,9,9.939609337234199,163.96911753541323,0.06061878899291808,0
original384,22,10,5.229951359079095,59.643864383791914,0.08768632638264,0
original384,22,11,5.625264592907879,56.63387602739894,0.09932685147995925,2
original384,22,12,6.0965352701016,90.25380655757442,0.06754878827423769,0
original384,22,13,2.861572953767872,33.547967042067626,0.08529795412579218,0
original384,22,14,7.439979331376746,67.4727276973429,0.11026646743480825,0
original384,22,15,1.3612533410000176,43.75340725364162,0.031111939079595217,12
original384,22,16,2.467206851113648,78.57501177241754,0.031399382519465564,2
original384,22,17,3.415624847574059,75.60428241162025,0.045177663733094085,3
original384,22,18,4.54180835055075,63.710817425502896,0.07128786812163397,2
original384,22,19,6.624668601509536,204.8018661524946,0.03234671991014396,2
original384,22,20,7.794030321440982,39.29364518056713,0.19835345602641005,0
original384,22,21,2.49711246653187,23.327266482464413,0.10704693875765517,0
original384,22,22,4.0552663604394175,50.28008260752482,0.08065353416568401,0
original384,22,23,5.116635883554312,86.96510048628869,0.058835508208962786,2
original384,22,24,1.776126632417787,53.98045300399776,0.032903144260131495,1
original384,22,25,3.7850856434963993,92.30139532852544,0.04100789191782273,1
original384,22,26,5.015129661768261,103.16353479843897,0.04861339495168352,2
original384,22,27,4.102619859831543,78.14429018299275,0.052500571061869256,0
original384,22,28,5.556562132602747,55.61247346128045,0.09991575247001808,0
original384,22,29,3.1181362718786416,31.41289662997532,0.09926293358452029,3
original384,22,30,3.92894102896755,103.83313316939541,0.0378389913608578,2
original384,22,31,8.729200456582243,190.4497976239561,0.045834653360031834,0
original384,22,32,8.584187588232005,62.706701056945896,0.1368942623920917,0
original384,22,33,3.8460787681526023,102.58001842189508,0.037493449770444574,3
original384,22,34,6.181698306203401,91.44852446304999,0.06759757297889625,0
original384,22,35,8.87969372308995,94.22876578985684,0.09423548794953861,0
original384,22,36,5.479881973250861,70.05982683677657,0.0782171783840936,0
original384,22,37,4.790856117625438,92.48901581828189,0.05179919015505895,6
original384,22,38,3.128869712988351,84.1750365171043,0.03717099323565565,0
original384,22,39,9.257182849618259,78.07385898598056,0.11856955669733882,0
original384,22,40,2.768089043082281,71.92256829009608,0.038487071706301314,3
original384,22,41,3.2031100108803816,72.58432714211011,0.04412949925965606,2
original384,22,42,4.76504196887021,82.23006420174293,0.05794768634960169,3
original384,22,43,7.818232834513773,108.94843012281544,0.07176085810231897,0
original384,22,44,9.447506762780606,73.30075269182561,0.12888689973621756,0
original384,22,45,3.859487413263002,90.66314056468327,0.04256953144601764,2
original384,22,46,2.880378724381064,72.39838941972427,0.0397851215678609,2
original384,22,47,5.3331676952887745,123.51636625247846,0.04317782215506004,1
original384,22,48,1.6199506504257284,23.750106563887336,0.0682081423958285,2
original384,22,49,4.184383569965465,78.85975172735216,0.05306107968019546,0
original384,22,50,6.899837166958122,115.04270012077403,0.05997631453116574,2
original384,22,51,6.158594308918106,63.34287444807406,0.09722631570764402,0
original384,22,52,7.325339603532375,62.356386329678784,0.11747537076320037,0
original384,22,53,3.4812464733611184,75.73661456413366,0.0459651714483911,1
original384,22,54,6.291145136681079,64.10911759895262,0.09813183166919552,0
original384,22,55,8.030264396242496,87.98306167235043,0.09127057235342934,0
original384,22,56,5.742923723974563,50.18867837822324,0.11442667768008823,0
original384,22,57,12.797445310478906,90.39815705601984,0.14156754658779508,0
original384,22,58,3.6649905626681996,86.50305089051638,0.042368338745726306,5
original384,22,59,5.471533945255118,218.37021029559253,0.025056228767873986,2
original384,22,60,8.22263311965785,222.37764052495862,0.03697598868414552,0
original384,22,61,1.7091886931168132,36.20606800984161,0.047207244173883174,1
original384,22,62,2.1383652056570273,21.982331078453445,0.0972765444222156,2
original384,22,63,5.412337497449217,14.259711864029715,0.379554478313261,0
original384,23,0,1.0979481715253643,37.132101140347274,0.029568705723801544,2
original384,23,1,2.0342389982050686,56.70769795854388,0.03587236074531182,7
original384,23,2,3.7174392162074206,72.61736841127015,0.0511921499985185,0
original384,23,3,5.520059680198356,74.44951197209816,0.07414500826099622,0
original384,23,4,7.555799807411889,89.27347863805025,0.08463655637354593,2
original384,23,5,4.641135779094639,40.4388156577404,0.1147693300015397,0
original384,23,6,4.964907471159222,78.26154281681046,0.06343993860152687,3
original384,23,7,7.538087867406309,122.92006720836251,0.06132511996294676,0
original384,23,8,6.770252412721612,242.3617876819383,0.027934487847591314,6
original384,23,9,7.208073684992287,41.8456601610697,0.17225379303964664,0
original384,23,10,10.940735712865518,34.63084580113911,0.315924588607814,0
original384,23,11,2.453953653950473,65.0223740516098,0.03774014237011266,0
original384,23,12,9.068323592622496,58.724245755586146,0.15442213818063166,2
original384,23,13,5.206660966773762,59.15486464079116,0.08801746058232762,2
original384,23,14,5.122911360605327,57.94840670685024,0.08840469741508412,5
original384,23,15,6.769533119323356,47.02046657786828,0.1439699265449156,0
original384,23,16,2.888245814121567,56.63419040000469,0.05099827142794872,0
original384,23,17,6.314817101619348,90.82297610034746,0.0695288502178381,0
original384,23,18,6.025182788096553,53.145406560820234,0.11337165670566962,0
original384,23,19,9.39060105582381,55.23400153525684,0.17001486031805288,2
original384,23,20,4.659239454730408,45.25169871697022,0.10296275248962329,0
original384,23,21,3.9991991530576563,58.91908195157909,0.06787612808265207,1
original384,23,22,6.1988319183714955,66.32710367807209,0.09345850451209804,2
original384,23,23,7.263240258044288,59.649274082959174,0.12176577786919418,0
original384,23,24,2.6003025402232423,56.87649107498812,0.045718406516936934,3
original384,23,25,11.961594874453622,248.86193815900745,0.0480651841054573,5
original384,23,26,1.8689512870729754,35.150744274608726,0.053169607803241294,14
original384,23,27,4.1087369668194595,42.44253676638949,0.09680705442831104,2
original384,23,28,6.113917953745731,75.5774486929223,0.08089606171527577,2
original384,23,29,5.492726901177313,58.89219855723025,0.09326747915243123,2
original384,23,30,2.7924576641903904,53.12776826275186,0.052561170090560654,1
original384,23,31,6.842483191355719,69.40681369962961,0.09858517956130054,0
original384,23,32,8.870042884194259,71.01216327446278,0.12490878287866611,2
original384,23,33,11.713128722986813,89.4803640311418,0.1309016659667399,0
original384,23,34,10.861428526995358,64.94234530622745,0.16724724793629886,2
original384,23,35,6.417547974811927,50.146762545525554,0.12797531982220747,2
original384,23,36,8.005524317508907,57.638387592185545,0.13889223227671058,2
original384,23,37,5.1893247948071615,71.6718992394065,0.07240389678349667,0
original384,23,38,3.4406380146957263,45.35136279845418,0.07586625411867451,3
original384,23,39,7.079001201053404,51.2850661225286,0.13803240857953633,0
original384,23,40,4.919021342720495,66.01750561438222,0.07451086339816002,0
original384,23,41,8.738709760783177,39.52979670214798,0.22106639775125203,3
original384,23,42,6.34453395584423,75.25707479794987,0.08430481749228268,1
original384,23,43,4.613480644618198,62.4225035644474,0.07390733118954548,2
original384,23,44,11.24954888765691,49.00915757172463,0.22953973185915832,0
original384,23,45,3.4007670217183383,57.31559768147342,0.059334058428873286,0
original384,23,46,7.792656976901634,44.55178371088573,0.17491234531643648,3
original384,23,47,9.79402917302936,70.98422058262214,0.13797473709850194,0
original384,23,48,5.483810132932807,70.28668167118995,0.0780206150375226,3
original384,23,49,4.7726646235565395,59.34303899470987,0.08042501200489577,2
original384,23,50,10.35469568608753,258.4714439356576,0.04006127535181476,5
original384,23,51,5.012105195807912,13.840229358055124,0.36214032774614585,0
original384,23,52,10.676762396138393,82.47115466312927,0.1294605664216764,0
original384,23,53,6.312260722596173,68.17538995083787,0.09258855324697114,2
original384,23,54,11.045352704750188,56.51588508420193,0.19543802044847974,0
original384,23,55,8.030452299135359,51.59138283373452,0.1556549147948873,0
original384,23,56,7.968036001895745,88.1350087217351,0.09040716189241989,0
original384,23,57,4.81799893741429,66.47144317616356,0.07248223759254875,0
original384,23,58,7.688608807588456,44.14077784962763,0.17418380876252085,2
original384,23,59,4.447981492304352,48.45851417688036,0.09178947328159089,2
original384,23,60,7.837286530575558,237.18947769077812,0.033042302748324114,5
original384,23,61,15.137088783766574,281.8025225733038,0.05371523521344293,0
original384,23,62,7.061201213122849,64.76725641283645,0.10902424472195746,1
original384,23,63,11.767977628778663,39.89198510475663,0.2949960398780826,0
original384,24,0,1.739844958901382,59.98878377925813,0.029002837685516723,2
original384,24,1,1.9266969577903155,29.36301242641409,0.06561646093427105,0
original384,24,2,7.443211131563692,51.05498359918263,0.14578814068374032,0
original384,24,3,8.099466599125908,60.46306005671216,0.13395727228375312,0
original384,24,4,2.948461206863421,47.976909540170915,0.061455838550723736,0
original384,24,5,4.292974151754138,50.7247567238897,0.08463272037206811,0
original384,24,6,4.941464354153924,56.02535782596462,0.08820049609507057,0
original384,24,7,1.717633024363363,31.132590608327625,0.05517154180879233,0
original384,24,8,5.737010085184816,39.44586000444966,0.1454401066306491,0
original384,24,9,4.9126535496988035,63.09506109338819,0.07786114260872959,2
original384,24,10,11.217314602103567,41.38628458687616,0.2710394207664789,0
original384,24,11,3.528655856154139,31.150713865057515,0.11327688577025885,0
original384,24,12,5.486507247622288,42.770137081090354,0.1282789259529401,0
original384,24,13,18.233135392748874,192.96756894301586,0.09448808156013613,0
original384,24,14,8.984243362827184,65.95678606822989,0.1362140865010207,0
original384,24,15,12.791840179511249,48.64746200159756,0.2629497953889387,0
original384,24,16,7.82371791504822,45.63597301808557,0.1714375173275625,0
original384,24,17,5.2783690136210115,44.52972262380448,0.11853586105203644,3
original384,24,18,6.512080962334015,56.76029994707856,0.11472950228250496,0
original384,24,19,10.30365511216039,65.04410901912306,0.1584102736979778,0
original384,24,20,3.396146237380104,46.40749195734914,0.07318099070084064,1
original384,24,21,5.549408340407652,72.35544236978265,0.0766964883173075,0
original384,24,22,7.001893244602859,52.19929142961391,0.13413770671665703,0
original384,24,23,7.844087813608309,60.68579926193867,0.1292573865551445,0
original384,24,24,12.770390712005012,79.55160900076196,0.16052963443998594,0
original384,24,25,5.179728612019735,63.016839385309616,0.0821959441721418,0
original384,24,26,8.422832486012489,67.87104953079776,0.12410051920871609,0
original384,24,27,10.793713044581795,55.78582954223457,0.19348485328895296,0
original384,24,28,2.9690992358467625,53.08343530381963,0.05593268820778674,7
original384,24,29,5.228540247810593,52.56805003758895,0.09946232063148451,2
original384,24,30,7.962850174896983,40.14500037368992,0.19835222570120203,0
original384,24,31,3.968967896845711,29.01212264125007,0.13680377495724996,0
original384,24,32,3.8597993165008,47.28101479990201,0.08163528919241385,0
original384,24,33,3.546735273219029,49.0965512042075,0.07224000843698934,0
original384,24,34,4.8897800420742366,51.93739056330766,0.09414758787532795,0
original384,24,35,4.0261469548762445,55.16410392882421,0.07298490627294522,1
original384,24,36,3.8078178021528313,34.279328154828605,0.11108204294302833,0
original384,24,37,3.762950359712757,55.79625622305269,0.06744091117278336,2
original384,24,38,5.70144330287403,55.62865259379094,0.1024911270906893,3
original384,24,39,4.934846217024154,54.81793738723504,0.09002247169871237,2
original384,24,40,15.837793580193273,205.56813302737865,0.07704401137935087,0
original384,24,41,7.921168421114019,72.22225800047964,0.10967766226668534,0
original384,24,42,8.014410423540458,66.35707698865433,0.12077702616272194,0
original384,24,43,11.543324568321733,77.04469836514231,0.14982633215868793,0
original384,24,44,5.672798349484867,65.54715974505046,0.08654529611274615,0
original384,24,45,8.337339882540768,62.045043577732,0.1343755987872824,0
original384,24,46,8.84017957223057,51.365073578059814,0.1721048750917507,0
original384,24,47,12.650170135220627,132.45932744400872,0.09550229779452808,0
original384,24,48,2.8757912111063355,43.77540212244179,0.06569422716124039,0
original384,24,49,6.873610912984835,61.21291252797389,0.1122902118052893,0
original384,24,50,7.547908675176516,69.20488052880619,0.1090661325834489,0
original384,24,51,11.471349953651924,80.01538040767741,0.14336431190110616,0
original384,24,52,8.704009839978836,60.88659792795919,0.14295444541469357,0
original384,24,53,5.442749214801188,62.07802717525625,0.0876759372432283,0
original384,24,54,14.772479641444725,108.42543415615658,0.13624551984886765,0
original384,24,55,2.8674844381179514,53.529931385690226,0.05356787060789126,0
original384,24,56,4.992557620949735,60.8750328423186,0.08201322262743897,3
original384,24,57,3.688595393522769,74.00867232070426,0.04984004276605388,1
original384,24,58,3.172904252895907,74.50067161268038,0.04258893489432467,3
original384,24,59,5.761463618822403,54.52386662556336,0.10566865439658965,0
original384,24,60,4.410494325730486,42.73348715693596,0.10320932409595387,0
original384,24,61,7.636508818325003,55.787692515485745,0.1368851887216026,0
original384,24,62,7.888218862475972,58.54768169005398,0.13473153222762047,0
original384,24,63,3.827471478001252,56.282475638833596,0.06800467524851352,0
original384,25,0,3.7174883845104367,30.69247382616014,0.12112051982404583,0
original384,25,1,7.352240284117519,168.17221210536755,0.043718520390937154,0
original384,25,2,3.961431479439088,57.20173966440441,0.0692536888332474,0
original384,25,3,3.583883753749101,53.61776479375763,0.06684134945823683,2
original384,25,4,10.395928959514691,144.73624922730397,0.07182671248574497,2
original384,25,5,2.3971053320194837,34.04113119397179,0.07041791056708413,0
original384,25,6,6.681205575575703,52.838657521986235,0.12644540737613638,0
original384,25,7,15.141015308697513,103.55733700082767,0.14620900601737663,0
original384,25,8,6.604813304590614,76.93594506345357,0.08584821177075602,0
original384,25,9,4.014808367799564,40.05225315848229,0.10023926374162812,0
original384,25,10,9.335409024001889,72.8174292850961,0.12820294695452278,0
original384,25,11,5.108858108900167,74.50837381493427,0.06856756962096199,0
original384,25,12,7.071983764910086,66.76427398089268,0.10592467113375668,6
original384,25,13,5.017662689309951,68.17912248182192,0.07359529584218061,0
original384,25,14,4.1698506034172915,66.66679738243883,0.06254763641182051,0
original384,25,15,19.082338441477322,161.96503803314073,0.1178176393696321,0
original384,25,16,12.231917041423756,82.30340065162885,0.14861982548204314,0
original384,25,17,3.64099502926388,58.93245637504455,0.06178250921856517,1
original384,25,18,7.215884160950557,81.65657517463202,0.08836868489179903,0
original384,25,19,10.427668670094455,44.142271587537714,0.23622863742785735,0
original384,25,20,4.761508551104589,81.58007260268485,0.05836607395894723,2
original384,25,21,12.434390749437283,189.65291362467053,0.06556393208936066,0
original384,25,22,13.493753763360237,71.96064962560177,0.1875157302437623,0
original384,25,23,7.164393354546189,20.64835769422159,0.34697158295311464,0
original384,25,24,5.527709868934413,69.00475674167086,0.0801062148458574,2
original384,25,25,6.142073637765944,66.8949879842243,0.09181664909207272,1
original384,25,26,6.2274004603871,71.12531069243359,0.08755533578357472,2
original384,25,27,5.292270816072688,53.130360547678436,0.09960916435572612,2
original384,25,28,5.302786733594534,60.883005418313594,0.08709797910205426,0
original384,25,29,7.5233164349040305,89.14883635972889,0.08439051749981709,2
original384,25,30,2.46918211458273,15.594656552553205,0.1583351391075341,0
original384,25,31,6.302874449107499,58.31693998621604,0.10807964976552721,2
original384,25,32,7.13065386282055,70.62103241833465,0.10097068279292512,0
original384,25,33,20.378960524706606,216.7833697197306,0.09400610642344771,0
original384,25,34,14.109083762630013,151.17189335795385,0.09333139546795038,0
original384,25,35,5.967794812406745,50.46592999557763,0.11825393513861149,0
original384,25,36,10.187146217901232,64.10326065713166,0.15891775415901382,0
original384,25,37,5.328404606282613,21.64276825600573,0.24619792363225138,0
original384,25,38,9.88142378176354,66.4292052532785,0.1487511967678683,0
original384,25,39,8.158144792847871,37.62362984765925,0.21683566487020997,0
original384,25,40,2.922746369775591,46.8078981946163,0.062441307610598,2
original384,25,41,3.9661849958671382,87.81222323463577,0.04516666188110764,2
original384,25,42,4.342165534462608,63.53873811122186,0.06833886953911221,0
original384,25,43,3.217038891821765,48.133778113719394,0.06683537045900048,5
original384,25,44,4.274598913290813,17.803511315417246,0.24009864332712574,3
original384,25,45,2.692602851517077,39.78116550708956,0.06768536862091729,0
original384,25,46,3.452407103624879,72.28061783682728,0.04776394013978479,2
original384,25,47,1.5137677513497008,34.35652794261423,0.044060556814068924,0
original384,25,48,3.062670924029948,109.97024733909888,0.02784999577736736,5
original384,25,49,2.33312481446345,34.240870310257,0.0681385955825005,2
original384,25,50,12.282611520315866,134.4016556639541,0.09138735277953876,0
original384,25,51,4.6515313413206005,66.18384376319774,0.07028197633796446,0
original384,25,52,7.790473635195556,165.0717956021398,0.04719445624722198,0
original384,25,53,4.258340165596117,13.612378101146545,0.31282852518160986,2
original384,25,54,2.837095436530436,35.49871673619701,0.07992107031963587,2
original384,25,55,7.136014815337313,46.63986736778619,0.15300246801872566,0
original384,25,56,3.6863804936649087,34.50989251647853,0.10682097870645804,0
original384,25,57,3.8178937130039445,82.33127988168555,0.0463723352593384,0
original384,25,58,5.1970910278294165,51.99447793492263,0.09995467276994692,5
original384,25,59,13.672807255333256,95.09654639754419,0.14377816832774432,2
original384,25,60,4.959568986085565,62.034589522968574,0.07994844528227697,0
original384,25,61,11.314997473314389,67.85965353756937,0.16674116184589755,0
original384,25,62,2.866321510996428,59.90150156432251,0.04785057863563835,0
original384,25,63,2.666140791883429,62.65163061330845,0.042555010392931227,0
original384,26,0,0.9740044028579423,39.592774105531376,0.024600559694600115,1
original384,26,1,3.811405342887588,72.45588016626895,0.05260311977635662,0
original384,26,2,2.192800931494358,68.87502214410279,0.031837389858205806,0
original384,26,3,3.756764104290343,58.41836538456971,0.06430792918561588,0
original384,26,4,3.7475467958508095,144.97524215895604,0.025849563967217694,0
original384,26,5,3.4704553121139177,239.89804207206123,0.014466376141041837,7
original384,26,6,1.7236486409691105,75.0056259078547,0.022980258082062183,7
original384,26,7,5.243311384793558,72.44963835532117,0.07237180893958811,0
original384,26,8,6.057829574172693,71.93579878363242,0.08421161197352317,0
original384,26,9,6.580242294705908,123.61394576155024,0.0532322000901024,0
original384,26,10,3.4510587307473664,130.06183317031898,0.02653398500256509,3
original384,26,11,4.943941449362827,56.56608358007399,0.08740116225943531,0
original384,26,12,7.13985898379447,168.75723598369905,0.04230846127679016,0
original384,26,13,3.3427831377099073,108.98073211494236,0.030673157289714866,2
original384,26,14,3.3728346570307672,57.45010526411014,0.058708937808297154,0
original384,26,15,9.127323742635195,72.54579358884874,0.1258146515615233,0
original384,26,16,6.000135844337591,146.73098312851397,0.040892085068920905,2
original384,26,17,8.485959873824855,49.061974229395794,0.17296409300913207,0
original384,26,18,1.1089891105063523,66.28105093503713,0.016731616274360015,6
original384,26,19,9.688663289047271,141.5818027314822,0.06843155760223199,0
original384,26,20,12.750033200440594,96.34749204581567,0.13233383588622763,0
original384,26,21,5.624415186889419,70.26146159793984,0.08004978915858953,2
original384,26,22,2.715863661311329,32.09400985213303,0.0846221358385614,0
original384,26,23,4.283882430754472,76.32259932462614,0.05612862335222172,1
original384,26,24,17.85572926561835,261.17453234296033,0.06836703833806877,0
original384,26,25,3.832118983278664,110.69055628585602,0.03462010772971723,0
original384,26,26,5.095559825059672,103.84249834776753,0.04907008119156273,2
original384,26,27,7.56612759661529,51.60877101516695,0.1466054596493246,2
original384,26,28,3.5891762971856984,140.04142726998055,0.025629389582457352,1
original384,26,29,7.678301539636312,71.16872154284978,0.1078887097193857,0
original384,26,30,1.5551507084354104,62.64127437289501,0.024826294228591346,0
original384,26,31,3.98686807715367,112.89707931596594,0.03531418262819352,2
original384,26,32,4.85670603946818,84.66070220447476,0.057366711035990885,1
original384,26,33,11.964791223916052,153.57196626998848,0.07790999564908384,0
original384,26,34,9.511308122302918,102.86392496935,0.09246495430868469,0
original384,26,35,5.623011612058804,37.012511403816454,0.1519219150170664,0
original384,26,36,5.615615566053667,48.484493793300594,0.1158229183539421,3
original384,26,37,18.90187037386162,251.30884985346532,0.07521370769426956,0
original384,26,38,25.807018920222177,207.26747137228068,0.12451070469166503,0
original384,26,39,5.124451347331777,66.83548218205105,0.0766726172988989,1
original384,26,40,2.409429798990765,86.95458884486833,0.02770905861321842,2
original384,26,41,6.341864019827983,57.84133593211583,0.10964241951933765,1
original384,26,42,5.218198499896948,84.68704311069368,0.06161743648407097,0
original384,26,43,4.6301063789313694,109.54653074254318,0.04226611602893267,2
original384,26,44,1.8218233083555515,44.973937413947134,0.0405084236140413,7
original384,26,45,5.4447672604483035,124.98632858121026,0.043562902617069424,0
original384,26,46,10.707244451677095,71.872522485811,0.1489754927384232,0
original384,26,47,2.763355138028164,83.23890817464968,0.033197878235382006,5
original384,26,48,2.1713108709146756,57.95551707442204,0.037465128093438355,6
original384,26,49,4.165690964812505,145.34482385416825,0.028660745215062847,2
original384,26,50,4.0908227100413095,44.47749389911234,0.09197511710800217,0
original384,26,51,10.32745882628024,50.094055244436085,0.2061613653733355,0
original384,26,52,11.723757995878707,57.08586655578546,0.20537058825974053,0
original384,26,53,4.901455934263571,135.96785349660485,0.03604863802888498,6
original384,26,54,3.1451024766484106,73.04152194850833,0.04305910381858685,0
original384,26,55,3.2911377215928166,81.47806725530842,0.04039292821318603,0
original384,26,56,4.152298853585773,147.93134146086132,0.028069094842112008,1
original384,26,57,6.90980544128912,101.54800636179348,0.06804471785168273,0
original384,26,58,7.061722506716382,55.80853393888136,0.12653481480896842,0
original384,26,59,8.140910715425338,108.46588907113917,0.07505503144943555,0
original384,26,60,13.477517682314655,56.31520050771129,0.23932291034760975,0
original384,26,61,3.9962265418869216,34.08754790928093,0.11723420389528456,0
original384,26,62,18.179174993080693,74.47776549091373,0.2440886199156787,0
original384,26,63,12.094872445675733,60.34686842358578,0.20042253660586987,0
original384,27,0,4.862248273681187,50.421679643189904,0.09643169977852763,0
original384,27,1,3.7896724156672144,68.20412043720859,0.055563687228488444,1
original384,27,2,7.52537366534439,74.1654358880916,0.10146739616955053,0
original384,27,3,4.642816779717482,102.82637911827914,0.04515200106751734,2
original384,27,4,5.103147529496384,39.746589523955514,0.12839208572651714,1
original384,27,5,5.539202742327043,50.99145620117502,0.10863001677130767,0
original384,27,6,4.722576996568774,101.80885658825008,0.04638670106735895,0
original384,27,7,4.221934531823579,53.13772582507657,0.07945267634752969,0
original384,27,8,20.599170319624804,182.46914332572857,0.11289125352472827,0
original384,27,9,11.051624208254022,165.41051895253375,0.0668133095660343,0
original384,27,10,5.337925901462576,34.35901319300424,0.15535736930155547,1
original384,27,11,8.831083651230887,78.29742805359574,0.11278893663257855,0
original384,27,12,4.364650603845068,78.88053443431149,0.055332416738121525,0
original384,27,13,6.248939911889359,63.45974357090682,0.09847092913174316,0
original384,27,14,6.567846761825198,45.16196413502041,0.14542872276744545,2
original384,27,15,6.764426212572652,66.11649796660957,0.10231071548872493,2
original384,27,16,8.869756737130373,74.77422990009786,0.1186205026648996,1
original384,27,17,3.8282112327235387,31.56240539362219,0.12129022439769767,2
original384,27,18,8.16898194758121,62.93577221320756,0.12979870843416594,0
original384,27,19,5.735533313396059,77.57601214502326,0.07393436649816255,2
original384,27,20,4.6542031054482464,51.94326044570454,0.08960167431756061,0
original384,27,21,6.003635621074192,137.64889475752202,0.043615574477731976,2
original384,27,22,9.760355234125532,63.1368418532069,0.1545904886534925,0
original384,27,23,1.4466420367705788,37.17146305081421,0.03891808172287938,4
original384,27,24,2.770402722755149,42.67074119612482,0.06492511367500561,3
original384,27,25,9.485387535199292,98.97615196443617,0.09583508094563582,0
original384,27,26,8.591810068710021,146.7716502179369,0.05853862142963097,0
original384,27,27,2.4574160986816636,22.010838641162817,0.11164572775914185,5
original384,27,28,2.5698556576803875,46.77484582225409,0.054940975485967845,0
original384,27,29,9.394686425897138,110.47156727321781,0.08504166870976167,0
original384,27,30,5.71035726893879,51.09691305376888,0.111755425673755,1
original384,27,31,8.942598807399845,61.152784471337206,0.1462337142079166,2
original384,27,32,6.045408790395442,74.50532494299581,0.08114062712995074,2
original384,27,33,5.387643195078283,50.06519207194164,0.1076125541940688,0
original384,27,34,4.623110766800733,88.70018113196174,0.05212064629183565,1
original384,27,35,5.049109883564836,69.91473889995744,0.07221810397933003,1
original384,27,36,5.5660193991946,49.037837517024435,0.11350458505153797,1
original384,27,37,9.79240302349341,55.656772835794065,0.17594270247008834,0
original384,27,38,6.368867541713756,76.90917476827164,0.08281024417312029,0
original384,27,39,9.667510417520324,28.356988453036987,0.34092161914623026,0
original384,27,40,6.250448398381487,68.30953383349889,0.09150184531513048,0
original384,27,41,4.158518153241581,69.01974964759785,0.060251133544734804,0
original384,27,42,3.2385601529055896,27.69457351804582,0.11693843744498682,0
original384,27,43,4.314692760703437,68.47498575085896,0.06301122538969368,0
original384,27,44,6.549761075665781,290.55070691459326,0.02254257490962178,0
original384,27,45,4.407999990023323,20.380284717939574,0.21628745873914207,0
original384,27,46,6.904393781966845,67.45407832450994,0.10235695088369598,0
original384,27,47,6.942967241704973,56.19055063725958,0.12356111771400115,0
original384,27,48,10.48319177459297,64.68709586850116,0.16206001573951742,0
original384,27,49,9.958598379231056,45.92419241310949,0.21684863371464058,0
original384,27,50,12.114219386547347,83.3821505114022,0.14528552348731727,0
original384,27,51,3.981494681601563,46.18999937577143,0.08619819734593939,1
original384,27,52,10.784055224120275,26.955697876983802,0.4000658886048827,0
original384,27,53,5.402740889137427,58.06365727518185,0.09304858051796748,3
original384,27,54,6.961983776487152,59.18249406495327,0.11763586321398213,0
original384,27,55,7.633775806143837,118.70889948642125,0.06430668500146479,0
original384,27,56,5.188293603722682,49.080599541008034,0.10570966231550893,0
original384,27,57,10.929019213911996,67.89714143094898,0.16096434965567363,0
original384,27,58,8.416617567111201,34.64848596104587,0.24291444008761945,0
original384,27,59,12.423021023216842,79.77949366330468,0.1557169700229738,0
original384,27,60,8.46916915156224,96.69058438738391,0.08759042263754575,0
original384,27,61,9.25424227850227,95.82939640653728,0.09656997357306703,0
original384,27,62,3.0401673001043616,22.409948663128837,0.13566150221068374,0
original384,27,63,3.289666314471072,40.243983934204344,0.08174305803941802,2
original384,28,0,2.6325067867066023,31.597797149750374,0.08331298458023677,0
original384,28,1,2.64585416126449,31.303379724266193,0.08452295517513848,0
original384,28,2,4.256618179106024,64.43091786589142,0.06606483843619744,0
original384,28,3,3.3933375139495014,31.531347246057557,0.10761790441332249,0
original384,28,4,7.478135977909258,64.91592855250823,0.11519724272079779,0
original384,28,5,4.8042987866925655,160.87694404599836,0.02986319024880848,0
original384,28,6,8.313850338754088,126.54688333835323,0.06569778819858431,0
original384,28,7,2.493559205494635,67.80981390724581,0.03677283658240781,13
original384,28,8,7.357390849747297,229.9441594734633,0.03199642411703167,0
original384,28,9,3.291103681449,31.95173470970548,0.10300234748911184,0
original384,28,10,4.982105682034359,100.81768992036963,0.049416979162778395,2
original384,28,11,6.483893352677923,240.45388867821345,0.026965225591984377,1
original384,28,12,7.899812003119185,242.5553726585644,0.03256910748474509,2
original384,28,13,1.966049768701983,83.28655257102973,0.02360584881965508,5
original384,28,14,10.087745207338147,64.7162826360462,0.15587646255997084,0
original384,28,15,5.446769489945597,96.08576141753005,0.05668654137294351,0
original384,28,16,10.487755592222172,201.08692130408014,0.05215533424156796,1
original384,28,17,3.7813702713417396,54.588965939589336,0.06926986445440968,1
original384,28,18,6.204030541260241,58.59674063189844,0.10587671727739303,0
original384,28,19,5.757773673972719,109.90149259012895,0.052390313709805486,0
original384,28,20,3.0771843933526464,80.97999583660535,0.037999315282277006,0
original384,28,21,3.8260613010932327,44.62576064060784,0.08573660697699469,0
original384,28,22,2.358699856065428,65.97998042315491,0.035748720156298645,1
original384,28,23,1.812046851551039,41.43802938333407,0.04372907878384354,0
original384,28,24,4.614082296684632,32.229707540594205,0.14316240043050557,0
original384,28,25,2.0810752768757084,54.1274014450095,0.03844772188057038,2
original384,28,26,2.3268043146654622,20.7298704549168,0.1122440354717017,0
original384,28,27,8.764876886428025,32.67352321604996,0.26825625227102917,0
original384,28,28,3.3191433428695394,32.278100500075105,0.10282957458608248,0
original384,28,29,12.078658295090468,69.61389413031075,0.17350930365252,0
original384,28,30,4.827566607822772,124.80925292085976,0.03867955696268674,1
original384,28,31,4.923286663936027,132.84725746707124,0.03705975386926116,0
original384,28,32,2.5254904243369003,25.991979826211004,0.09716421916387179,1
original384,28,33,5.842928975449274,42.22523617359308,0.13837528229394105,0
original384,28,34,1.7349545563852586,33.898862159136094,0.051180318331648496,1
original384,28,35,3.3430642178720107,53.24353981973859,0.06278816602333906,2
original384,28,36,7.72824573349767,72.24018054546806,0.10697987844359694,0
original384,28,37,4.720180314586473,85.35517603495826,0.055300457849835206,2
original384,28,38,2.617511065036874,41.981932874707105,0.062348512462460925,0
original384,28,39,4.779975268512848,61.67468619110908,0.07750303347634901,3
original384,28,40,6.678107278524004,46.78732960794911,0.14273324283481656,0
original384,28,41,5.16811803356608,59.147092497034244,0.08737738095621894,3
original384,28,42,8.432093929487626,114.15109774150892,0.07386783041352613,0
original384,28,43,4.677206240638916,58.13509106817994,0.08045409673743455,0
original384,28,44,7.38286154295373,119.81204145394932,0.06162036347399514,1
original384,28,45,4.327049467725091,54.78737685936756,0.07897894945458137,0
original384,28,46,5.902149107400613,73.67676867414913,0.08010868573110336,0
original384,28,47,4.344773632106038,66.87210645999545,0.06497138885112269,0
original384,28,48,7.974946908785281,82.92425411993456,0.09617146386690435,0
original384,28,49,2.9190754707686466,56.42556371867387,0.05173320882220247,3
original384,28,50,9.750346477858711,100.79162312617696,0.09673766703461702,3
original384,28,51,7.348015525359485,77.75434072257801,0.09450296224074081,0
original384,28,52,5.741743513104929,37.526107532778305,0.15300663699504752,1
original384,28,53,8.82863481087181,81.65040670104915,0.10812726069077092,0
original384,28,54,13.022836623925304,135.9068984492633,0.09582174836244227,0
original384,28,55,9.530507703056848,67.0989602194942,0.14203659299459545,0
original384,28,56,5.267354470735405,44.14726342301566,0.11931327249582885,0
original384,28,57,2.8746281193670904,70.76469722602512,0.04062234747059568,0
original384,28,58,12.206288466896165,31.641332818506253,0.3857703636225147,0
original384,28,59,5.210142649714943,82.89942507631794,0.06284895998878688,0
original384,28,60,2.8147494168080476,81.56857070998151,0.034507769258528984,1
original384,28,61,3.993320036132351,58.16363122135458,0.06865664939203825,3
original384,28,62,4.661762909286993,39.2564574140807,0.1187514925280774,0
original384,28,63,4.0313339203557526,82.17821936887673,0.04905599015549533,0
original384,29,0,0.7974358202317727,59.87595253112617,0.013318131679278594,0
original384,29,1,1.7460220307976073,57.990658249939315,0.030108677561000687,1
original384,29,2,2.5996458064053245,63.17678653859631,0.04114875017926299,2
original384,29,3,3.6480856038016687,55.68275606776006,0.06551553589341612,0
original384,29,4,1.9618833030906389,76.94889076593601,0.025495927018081614,5
original384,29,5,3.5825057597837255,75.06960654298682,0.047722452864226605,3
original384,29,6,2.7778919749927438,40.979634748945124,0.06778713358503642,0
original384,29,7,2.9628285050728933,82.36760287308704,0.03597079921869347,2
original384,29,8,4.170085643975558,60.99163464873586,0.06837143598449183,0
original384,29,9,4.05165391834186,51.92633615119713,0.07802695546522691,0
original384,29,10,2.5756833842533884,72.98622236703388,0.035289994477324296,0
original384,29,11,4.77724258487468,65.34662842911848,0.07310618313011447,0
original384,29,12,5.355231837907965,53.83857223708134,0.09946831082975019,0
original384,29,13,3.472800511060677,26.54406968729571,0.130831502176277,0
original384,29,14,7.564817066335147,243.55958621917634,0.031059410076052844,0
original384,29,15,4.638182030742248,270.6925118021281,0.01713450438604185,1
original384,29,16,4.628722703805891,106.25429951629627,0.043562686167781674,2
original384,29,17,6.517725129664602,61.72865231721936,0.10558670706385188,0
original384,29,18,4.452086351685396,148.2897986259043,0.030022876778711023,0
original384,29,19,4.001835981239004,32.6751062361534,0.12247354154922897,0
original384,29,20,3.834378298282979,53.59061014532272,0.07154944285734421,3
original384,29,21,3.287138234564303,25.248781951636015,0.1301899727622825,3
original384,29,22,10.38281533117538,73.39087619876112,0.1414728351662689,0
original384,29,23,7.339052395170588,58.74229208834307,0.12493643224090269,0
original384,29,24,3.378369097977618,84.52268914129968,0.039969967026603645,0
original384,29,25,4.16643141490847,79.65622952598528,0.052305154784527,0
original384,29,26,5.1472900346576695,82.85339637553332,0.06212527500173389,2
original384,29,27,3.269620361600954,39.38571800076554,0.08301538038578862,1
original384,29,28,7.093028036408674,58.054702524328924,0.12217835468946217,0
original384,29,29,6.313128094809786,104.91894188294842,0.06017148077849425,0
original384,29,30,6.8056619097772515,136.084394984509,0.050010597545383256,0
original384,29,31,7.02519627553041,44.99013979662532,0.15614968762682896,0
original384,29,32,5.750532629604488,75.42725870889484,0.07623944881515826,3
original384,29,33,8.212734510339594,89.32524172529038,0.09194192315310967,0
original384,29,34,5.131734908432045,81.67699237893973,0.06282962629945289,0
original384,29,35,5.04504259556365,102.84225739103077,0.04905612462765375,0
original384,29,36,7.902399954539456,71.30922270457197,0.11081876445741705,0
original384,29,37,8.812079555783267,57.967626764585795,0.1520172559689271,0
original384,29,38,4.261965592846463,36.2368198139556,0.11761422814496225,0
original384,29,39,2.5698078972166694,59.48424083861415,0.04320149103337771,1
original384,29,40,4.204683699753277,49.531637763062406,0.08488884861563908,0
original384,29,41,4.378555729483957,59.40685179496277,0.07370455759204571,0
original384,29,42,3.324119557521459,47.11559163063287,0.07055243163624492,0
original384,29,43,1.9065759697902893,54.942570760956826,0.03470125156839469,1
original384,29,44,3.482901129837541,65.64981942384571,0.053052714545205,0
original384,29,45,5.307115074263929,90.00824399156183,0.058962544306068954,3
original384,29,46,5.834473021445301,69.92242852460735,0.08344208209804972,0
original384,29,47,6.120220487224882,90.98715462582173,0.06726466513206021,1
original384,29,48,4.6274609634361985,103.91624175687502,0.04453068052886977,2
original384,29,49,2.644953871404797,67.44886747547118,0.03921420730105921,5
original384,29,50,5.255522803874296,70.40455853889326,0.07464747898349526,0
original384,29,51,4.677722565807823,68.8234683040527,0.06796696942302127,2
original384,29,52,3.5042650971748364,44.315001243698006,0.07907627211616461,3
original384,29,53,6.076052815799758,96.94043101806236,0.06267821126839886,0
original384,29,54,3.7517011135262326,71.28518548823018,0.052629464142246944,2
original384,29,55,3.5038362180271085,69.83728802795166,0.050171424420500606,2
original384,29,56,6.467097829488536,74.21534207689758,0.08713963512810746,0
original384,29,57,8.165342408181353,49.54315051476158,0.1648127404765762,0
original384,29,58,4.473592453734541,65.82601186061525,0.06796086117456497,0
original384,29,59,3.2277619827804735,67.95944662145698,0.04749541297414517,1
original384,29,60,15.546474315367696,282.08162423086844,0.055113389104154316,0
original384,29,61,7.205617557637543,105.74707533798352,0.06814011200411273,1
original384,29,62,11.511972619470143,191.7414715069618,0.06003903343910742,0
original384,29,63,4.36061678869264,43.12960212818874,0.10110496210310779,6
original384,30,0,3.1639546855781098,28.281689531548697,0.11187290214923919,0
original384,30,1,3.496893546570998,49.9069215352495,0.07006830794203815,0
original384,30,2,1.965820471075544,54.33445611926552,0.036179997215036404,0
original384,30,3,6.927607599297142,78.37097359981883,0.08839506874919258,2
original384,30,4,8.8311763184041,64.2015826165781,0.13755387263808228,0
original384,30,5,2.635245330803465,54.98212577932202,0.04792912775654343,0
original384,30,6,4.218012716702284,95.8306961479778,0.044015256971409275,0
original384,30,7,2.335572748059232,57.88159568476109,0.04035087008968095,0
original384,30,8,11.895489222551834,152.32552606442135,0.07809255303356712,0
original384,30,9,6.218308430437621,51.889578856926754,0.11983732702057838,0
original384,30,10,3.8176623772549685,50.436273383560625,0.07569279253092698,2
original384,30,11,5.686523718323681,61.43152096950723,0.09256687167401081,2
original384,30,12,7.892865549005525,67.55709616388113,0.11683251645184513,0
original384,30,13,4.1834449690738955,53.12283752265412,0.07875040498900071,2
original384,30,14,1.8199674096616774,31.884328560925265,0.057080311607755646,0
original384,30,15,3.6604668307390775,50.20831446501598,0.07290559083176569,0
original384,30,16,5.994703578557013,41.50159368612138,0.14444514164673422,0
original384,30,17,5.617468133860009,55.9146689103573,0.10046501648549443,0
original384,30,18,10.306125858809432,67.19400284587492,0.15337865616443375,0
original384,30,19,2.6790361836677614,42.081596436972376,0.06366289329541673,2
original384,30,20,2.509622411559838,63.7662452194437,0.03935659694127012,2
original384,30,21,7.514217173000535,73.67215946521759,0.10199534298364335,0
original384,30,22,2.694293713948034,53.96909172911826,0.04992290267679947,6
original384,30,23,4.770594273640398,37.26087487162169,0.1280322668234969,0
original384,30,24,1.5279687994240858,54.007147687339675,0.02829197365263323,6
original384,30,25,6.908764875183584,299.5699323873782,0.023062277379192253,1
original384,30,26,3.4470442752688277,48.15357048156575,0.07158439635516607,2
original384,30,27,3.0022926334604785,27.6581480394637,0.10855002399931814,0
original384,30,28,2.2154813793455506,47.75805024079731,0.04638969489279895,1
original384,30,29,1.0456479189255732,27.652160523111927,0.03781432984419467,0
original384,30,30,6.381207773244635,63.253683786389985,0.10088278486347464,0
original384,30,31,7.404697209033346,68.00175367567086,0.1088897978182957,0
original384,30,32,10.15403342626313,73.91067506712051,0.13738250147278383,0
original384,30,33,8.21529729874871,65.70049973973991,0.12504162573027686,0
original384,30,34,10.164746599741163,75.54374927228783,0.13455443630555888,0
original384,30,35,8.318358708361659,97.91005237237394,0.08495918965220313,0
original384,30,36,6.451552811089216,58.97732946397843,0.10939038558925646,2
original384,30,37,3.140862880439834,80.5843572959117,0.0389760864991,6
original384,30,38,5.499948646444862,71.83274674748684,0.07656603562409765,6
original384,30,39,4.863894129008476,42.47595450335531,0.11450935443073472,2
original384,30,40,3.289793872385553,70.59381679649779,0.046601728333645814,0
original384,30,41,5.142289244875248,40.274309674453086,0.12768162350743206,3
original384,30,42,2.678731539824685,33.8447328926141,0.07914766378343208,0
original384,30,43,2.636141054415403,55.51407858914087,0.047485991327091207,0
original384,30,44,4.941541737660662,58.283691128945996,0.08478429629187463,0
original384,30,45,4.671190713225711,60.372966111251166,0.07737222492295576,2
original384,30,46,2.103770354473598,59.543411990205584,0.035331706466865745,3
original384,30,47,3.0793350539550155,42.99070332275229,0.07162792920220303,0
original384,30,48,3.217844956527148,59.199713365638104,0.05435575231002579,0
original384,30,49,4.408705971343557,275.80004377504935,0.015985153269009005,1
original384,30,50,10.236108134350076,112.92406097957432,0.09064594423505173,0
original384,30,51,3.2071385615801846,45.21171166582198,0.07093601289164721,6
original384,30,52,8.628735033862844,81.06406434152997,0.10644340502727856,0
original384,30,53,6.600034511131417,46.300300577131985,0.1425484160764005,0
original384,30,54,5.106486970565648,162.08537035593824,0.031504922124383224,0
original384,30,55,2.7690821250171034,48.335925102145545,0.05728828235241925,1
original384,30,56,7.124574271340314,67.58597928757919,0.1054149743251505,2
original384,30,57,8.953722217483449,141.968898999763,0.06306819508051827,0
original384,30,58,4.554910083020698,68.13045624610777,0.06685571085223602,0
original384,30,59,2.520071785616684,70.13386875788387,0.03593230817362258,2
original384,30,60,6.504851462793717,53.58299824967661,0.12139767604051487,2
original384,30,61,3.9557387380139835,39.01255296440766,0.10139656180980836,2
original384,30,62,3.0152351627764404,37.298206776578475,0.08084129032899959,2
original384,30,63,5.114280110756456,33.018308471059456,0.15489225062026185,1
original384,31,0,2.3519726455293433,35.35177813009524,0.0665305331141771,0
original384,31,1,1.6420540237249184,96.14421469937297,0.017079072608365976,1
original384,31,2,1.2889375116589403,44.93471222370451,0.028684672670029568,0
original384,31,3,3.4657567206677027,62.483222485334494,0.05546699710440117,1
original384,31,4,2.2353444142517795,75.60988788193487,0.029564181046562037,7
original384,31,5,3.393528196803653,42.32612202564946,0.0801757409938758,0
original384,31,6,3.9723527123254536,82.1570756635975,0.048350707230509916,2
original384,31,7,5.373519273790332,64.80262105208676,0.08292132612153494,0
original384,31,8,3.8830636782044534,48.81311013780706,0.0795496059817118,2
original384,31,9,5.823206468602224,227.30367456534694,0.025618620023356135,0
original384,31,10,2.4412489746019226,81.99786118089986,0.029772105509144352,1
original384,31,11,3.6554290492223505,29.61904730077531,0.12341480845424307,0
original384,31,12,3.9074340327254,79.20218020707101,0.04933493020658732,2
original384,31,13,7.505915803992857,43.46284935161865,0.1726972786176367,0
original384,31,14,10.340523734563098,42.955135852360016,0.24072846073876344,0
original384,31,15,2.9743388179983055,19.830968792106187,0.14998454433462954,0
original384,31,16,6.577192615736719,31.96201060637541,0.20578156664602246,0
original384,31,17,5.221289392369634,51.241979933048725,0.10189476283296661,2
original384,31,18,3.7071373056333043,38.75924366844438,0.09564524368290112,2
original384,31,19,2.9061955099388883,30.272554310052957,0.096001000780228,1
original384,31,20,7.3264046994063055,39.150093397344556,0.1871363274934929,0
original384,31,21,4.8889367156795975,47.16533030287587,0.1036553053754719,0
original384,31,22,8.947304934278066,60.40247848243434,0.14812810929405876,0
original384,31,23,6.265615664372866,21.789553813298813,0.2875513522699476,0
original384,31,24,18.006753728445933,71.36481759431835,0.2523197611294606,0
original384,31,25,4.834692453240523,59.533871050347685,0.08120910614315391,1
original384,31,26,4.447761987349372,49.6815028379739,0.08952551217814085,2
original384,31,27,1.545865022105909,26.340555895307347,0.05868763849366253,6
original384,31,28,4.567764796080169,76.76051196805018,0.05950670050222434,3
original384,31,29,4.48692689896375,34.441926393602486,0.13027514337285115,2
original384,31,30,14.091767314448745,234.80073791631096,0.06001585616596918,0
original384,31,31,6.345661484084161,71.9693070363987,0.08817177412691805,0
original384,31,32,4.2858931337685675,59.39767162575464,0.07215591144334045,3
original384,31,33,2.7070850717359174,46.91280030880887,0.05770461481549216,0
original384,31,34,6.5909639581405095,48.50814548488715,0.13587334440962998,0
original384,31,35,7.942183594878616,75.1042682632384,0.1057487647312065,0
original384,31,36,4.578955208004818,113.54306636286003,0.04032791569474995,5
original384,31,37,6.984348986943231,74.10714455360255,0.09424663477475334,0
original384,31,38,8.035691119218109,72.35353212123837,0.11106149048471047,0
original384,31,39,2.8087113026612975,52.64021168766668,0.053356763064069584,0
original384,31,40,3.558088447116761,74.76734947045098,0.04758880008877356,3
original384,31,41,4.696056906304982,59.648597595154094,0.07872870604901688,0
original384,31,42,15.630697495695154,249.8505933023352,0.0625601776209553,0
original384,31,43,8.0373333421179,227.6701690842981,0.03530253161599737,0
original384,31,44,4.222274978602478,95.40867821919561,0.044254621879385635,0
original384,31,45,2.2805958778652453,59.629990638409105,0.038245786280507295,0
original384,31,46,5.688901134253364,68.61146465382329,0.08291473098492377,2
original384,31,47,7.882669368960628,50.63891865183117,0.15566425150501473,0
original384,31,48,11.213286905269086,73.36453768262714,0.15284342080607718,0
original384,31,49,4.896870844870961,29.76393510833404,0.164523636644397,0
original384,31,50,6.155011755469077,32.95782328548517,0.18675419496468332,0
original384,31,51,7.2961868708632345,47.658730750278956,0.15309234543180797,0
original384,31,52,4.637711041832391,126.42998394105287,0.03668205039078936,2
original384,31,53,4.087746768211697,54.324065630901096,0.07524743814252498,0
original384,31,54,6.9783169279257224,93.64351131813775,0.07452002631787363,0
original384,31,55,1.4920198188424685,62.56772117426929,0.023846478517041712,0
original384,31,56,13.388703068340314,207.22414187672985,0.06460976480387488,2
original384,31,57,5.897095609191513,277.89353987455866,0.021220700603020375,1
original384,31,58,5.1413113589054795,64.44695765061411,0.07977585826127027,0
original384,31,59,4.509899162205307,136.0720495856624,0.0331434646272904,0
original384,31,60,4.742389819493098,137.6348995532085,0.03445630312433751,2
original384,31,61,1.738180051709138,71.40616387500103,0.024342156998545427,0
original384,31,62,4.330806567085335,149.3138003684535,0.029004730683958483,0
original384,31,63,2.785364698604092,86.02084638157031,0.03238011267930104,2
mixed_cp_1001,0,0,3.775121155395569,42.36299599829007,0.0891136489862036,1
mixed_cp_1001,0,1,2.1516991019498404,48.01835829925902,0.0448099264148113,0
mixed_cp_1001,0,2,3.2676402474391644,52.58935172489037,0.06213501669564413,0
mixed_cp_1001,0,3,2.0861996548244366,59.69560147258585,0.034947292654090883,0
mixed_cp_1001,0,4,2.855649636330424,156.91273936382282,0.018198966176412385,2
mixed_cp_1001,0,5,3.1317393559617197,125.89394628469496,0.024876012297522586,0
mixed_cp_1001,0,6,1.3350851338186558,46.10905010558437,0.028954947689476703,9
mixed_cp_1001,0,7,3.096900575737337,82.42148851080603,0.03757394620859476,3
mixed_cp_1001,0,8,9.49851347126097,244.29528017789968,0.038881281146095015,3
mixed_cp_1001,0,9,3.9410914786443656,68.48928351886623,0.057543184512344074,0
mixed_cp_1001,0,10,1.7029964063261331,35.71597845439881,0.047681639423667835,2
mixed_cp_1001,0,11,2.7675774188659354,144.83540444348284,0.01910843159861434,0
mixed_cp_1001,0,12,2.3402015205612843,117.51502537748904,0.01991406216391431,1
mixed_cp_1001,0,13,3.5969482133554758,183.3974549561333,0.01961285784590537,3
mixed_cp_1001,0,14,4.097868951995069,192.62016451076025,0.021274350805396344,2
mixed_cp_1001,0,15,1.5626828748983725,37.08627154936188,0.0421364243320723,7
mixed_cp_1001,0,16,4.4404716120445595,40.04241148170505,0.11089421060650564,3
mixed_cp_1001,0,17,4.004019918404483,190.02033106706963,0.021071534271726023,0
mixed_cp_1001,0,18,2.2829869467925668,190.41323635419243,0.011989644157646296,3
mixed_cp_1001,0,19,8.074085244599717,17.38024129734885,0.46455541706612113,0
mixed_cp_1001,0,20,8.79668830139114,54.547758231838245,0.16126580791833017,0
mixed_cp_1001,0,21,6.8839435964540225,53.997502636782706,0.12748633289134245,0
mixed_cp_1001,0,22,5.306187401077343,51.67843342393767,0.10267701726847422,0
mixed_cp_1001,0,23,2.78113932985187,49.73385609108488,0.05592044430977487,2
mixed_cp_1001,0,24,3.4885123202958987,70.1803311590278,0.049707834982866794,3
mixed_cp_1001,0,25,9.126080717219402,145.93634876458387,0.06253466524601811,0
mixed_cp_1001,0,26,8.409181753225644,92.71023141528666,0.0907039236646656,0
mixed_cp_1001,0,27,2.762205316932844,49.458888533283535,0.055848511740695675,0
mixed_cp_1001,0,28,9.660636896223671,182.84323852223363,0.05283562561187596,0
mixed_cp_1001,0,29,6.423047719549973,69.69284064084854,0.09216223159348853,0
mixed_cp_1001,0,30,11.814334362203198,12.820656161919446,0.9215077772146112,0
mixed_cp_1001,0,31,1.9310303650139005,33.49291561332069,0.05765488998652293,0
mixed_cp_1001,0,32,3.0363572073503033,67.31295048735478,0.04510806888372401,3
mixed_cp_1001,0,33,2.585664794480272,139.04290812996453,0.018596164516808223,0
mixed_cp_1001,0,34,4.866124388664836,80.60839360747156,0.06036746510990882,0
mixed_cp_1001,0,35,4.017184457805593,29.813960034696006,0.13474172679947893,0
mixed_cp_1001,0,36,4.163500021487154,102.40500723720517,0.040657191809410825,0
mixed_cp_1001,0,37,8.619600036936738,144.61789174574568,0.05960258397412509,0
mixed_cp_1001,0,38,1.6388825112479195,45.51538280280071,0.0360072224010181,1
mixed_cp_1001,0,39,2.260373536573069,135.73919228397082,0.016652327883639486,1
mixed_cp_1001,0,40,8.00002647146331,127.87824916497178,0.06255971225523053,0
mixed_cp_1001,0,41,6.3952420320773955,64.67383044255072,0.09888454090806081,0
mixed_cp_1001,0,42,12.152520797720504,61.642177754412195,0.19714619503122044,0
mixed_cp_1001,0,43,3.0602492318095513,67.90998253290755,0.045063319377627996,0
mixed_cp_1001,0,44,4.848452273404572,110.66172903355664,0.04381327054752909,0
mixed_cp_1001,0,45,1.395963683695283,52.87956160160212,0.02639892694672016,3
mixed_cp_1001,0,46,2.3759779475215144,45.2447529658587,0.05251388927494878,0
mixed_cp_1001,0,47,1.8952246554157908,63.697040135660245,0.029753731906214043,3
mixed_cp_1001,0,48,10.777507768379317,140.4230335057465,0.07675028447479218,0
mixed_cp_1001,0,49,1.9625159775626242,19.802911814138497,0.09910239443481565,0
mixed_cp_1001,0,50,2.6928499139558144,83.69528280526889,0.03217445265369592,6
mixed_cp_1001,0,51,4.801191931495428,86.38075160961682,0.05558173368522656,0
mixed_cp_1001,0,52,2.7813682190676823,38.80713068018448,0.07167157608196711,2
mixed_cp_1001,0,53,4.93414458847318,43.17582285487494,0.11428026757146265,0
mixed_cp_1001,0,54,2.5366230490617796,67.0839998844202,0.03781263868332474,1
mixed_cp_1001,0,55,3.3172064203718064,90.5594193525764,0.036630164416766794,2
mixed_cp_1001,0,56,6.109410661726473,77.78246519240203,0.07854483200827189,0
mixed_cp_1001,0,57,3.2400419502792537,54.9926047550603,0.05891777566657473,0
mixed_cp_1001,0,58,5.883378988107283,71.30714961622097,0.0825075608795465,0
mixed_cp_1001,0,59,8.258162765149883,38.93766876403537,0.2120867280266533,0
mixed_cp_1001,0,60,1.5994280097195317,42.08160298754421,0.03800777290239986,0
mixed_cp_1001,0,61,4.2392862221518195,66.92200541726385,0.0633466704370191,0
mixed_cp_1001,0,62,11.820197806495901,103.4530211923646,0.11425667100158401,0
mixed_cp_1001,0,63,1.8711347008530816,49.39988116495848,0.037877311781477734,2
mixed_cp_1001,1,0,2.8479187544376923,38.73868791611882,0.07351613871394697,0
mixed_cp_1001,1,1,0.9982896880158751,23.12140325781232,0.043175999176372236,3
mixed_cp_1001,1,2,2.3691482050942665,59.365595504899325,0.03990776450475841,2
mixed_cp_1001,1,3,7.03294046983094,197.45663780190154,0.035617645211232354,0
mixed_cp_1001,1,4,2.6047432963541404,82.09956470529578,0.03172663954680046,0
mixed_cp_1001,1,5,1.8317521698895487,44.59773266520516,0.0410727644752817,2
mixed_cp_1001,1,6,2.335139323547089,57.566366854139396,0.04056429910652208,3
mixed_cp_1001,1,7,2.2559613905221845,76.57186772823532,0.029462013366696488,3
mixed_cp_1001,1,8,3.3302685475083615,114.7370892109186,0.029025213820671397,6
mixed_cp_1001,1,9,2.1646031610378267,50.471621655401904,0.04288752946788173,6
mixed_cp_1001,1,10,1.7093125435396481,65.35815855229971,0.02615300953088899,3
mixed_cp_1001,1,11,3.6918604194225795,87.03165022146229,0.04241974511603774,1
mixed_cp_1001,1,12,4.515272593969197,75.40480707012836,0.0598804342774842,0
mixed_cp_1001,1,13,6.398321829417626,148.92281330614819,0.04296401395711127,0
mixed_cp_1001,1,14,2.6174257559525804,55.598088440031134,0.047077621360593576,1
mixed_cp_1001,1,15,2.290974478512532,51.68036055678156,0.04432969224344755,0
mixed_cp_1001,1,16,3.339310339423629,301.268090802201,0.011084181967402811,3
mixed_cp_1001,1,17,2.7471646679526454,50.80458303006951,0.05407316631900496,2
mixed_cp_1001,1,18,2.1340924702419004,38.075828084232526,0.05604848476363521,2
mixed_cp_1001,1,19,3.684090275090021,77.23531484896442,0.04769955663797514,0
mixed_cp_1001,1,20,6.812142755717233,180.34059307117718,0.037773762632734624,0
mixed_cp_1001,1,21,5.269116874859894,96.39630256504782,0.05466098527279422,0
mixed_cp_1001,1,22,2.7319786061231444,61.77713210208418,0.04422313748085071,0
mixed_cp_1001,1,23,14.826423844096249,132.1089095649862,0.1122287958693878,0
mixed_cp_1001,1,24,1.342607131578811,43.69529416207665,0.03072658411678725,0
mixed_cp_1001,1,25,2.516932323589175,82.92075316108469,0.030353466745528666,2
mixed_cp_1001,1,26,6.853943148932504,150.06356632781444,0.04567359897311809,0
mixed_cp_1001,1,27,3.623382684467581,71.68665906740412,0.05054472800944257,0
mixed_cp_1001,1,28,8.997143638783818,73.84804161253311,0.12183320562500698,0
mixed_cp_1001,1,29,4.505451208914672,61.07733409642533,0.07376633698192735,0
mixed_cp_1001,1,30,7.032412286175513,68.47112397216527,0.10270624868133191,0
mixed_cp_1001,1,31,6.931414878563432,118.86868978228455,0.05831152754572085,0
mixed_cp_1001,1,32,5.671738812665737,78.76346997749901,0.07200976308288637,0
mixed_cp_1001,1,33,3.799906164610743,68.58129335675406,0.05540732725531952,0
mixed_cp_1001,1,34,4.6935469651023585,114.27711490749923,0.04107162636107427,2
mixed_cp_1001,1,35,3.648730619427078,101.0341206313746,0.03611384546750853,1
mixed_cp_1001,1,36,5.472337949965552,136.36157688822937,0.04013108439227737,0
mixed_cp_1001,1,37,3.432601364116558,82.28276499139534,0.04171713680836466,3
mixed_cp_1001,1,38,2.7116178341165953,69.30061518365308,0.03912833712847362,2
mixed_cp_1001,1,39,5.530531203387641,351.5816019798883,0.0157304340507101,0
mixed_cp_1001,1,40,3.262598005537353,63.9932214930976,0.05098349371095908,0
mixed_cp_1001,1,41,4.302833834828011,62.83636910784962,0.06847680564487763,0
mixed_cp_1001,1,42,8.015586761597222,169.70270108205807,0.04723311244009819,0
mixed_cp_1001,1,43,1.8064315142208975,83.01017604311801,0.02176156707922872,0
mixed_cp_1001,1,44,5.00917395249599,131.14364449426873,0.03819608622143258,0
mixed_cp_1001,1,45,4.305246857737658,164.6558683904311,0.026146938459120573,0
mixed_cp_1001,1,46,2.1332068870977725,87.29242863771097,0.02443747894735754,1
mixed_cp_1001,1,47,4.0657613370520025,39.463797945665455,0.10302509004961519,0
mixed_cp_1001,1,48,3.6592466682039366,95.96842897222693,0.03812969231019626,0
mixed_cp_1001,1,49,6.87503519425116,158.68331709964568,0.04332550717939656,0
mixed_cp_1001,1,50,3.6726630636839332,89.59801811580616,0.040990449799201883,0
mixed_cp_1001,1,51,7.58050495565237,45.78139964458891,0.16558045438762248,0
mixed_cp_1001,1,52,6.35043116503292,63.27636155317048,0.10036024526626294,3
mixed_cp_1001,1,53,3.0854645090682413,34.60926753735684,0.08915139581436754,5
mixed_cp_1001,1,54,9.781025281692026,104.74375021551494,0.09338051446093089,0
mixed_cp_1001,1,55,3.4227803492736744,71.3081728323569,0.04799983246409237,1
mixed_cp_1001,1,56,3.5947197301665756,100.83606701819237,0.03564914654513482,0
mixed_cp_1001,1,57,2.4497209718463546,79.73562550374348,0.030723042007506966,1
mixed_cp_1001,1,58,3.612809613933222,58.413209251445245,0.06184918891173292,0
mixed_cp_1001,1,59,6.421299676154884,50.991855668937184,0.1259279465694472,0
mixed_cp_1001,1,60,3.127160269871405,86.24100261932728,0.036260713290577916,0
mixed_cp_1001,1,61,5.0400030044408775,128.51624840538437,0.03921685442095211,0
mixed_cp_1001,1,62,1.086821287595353,57.40504055969159,0.018932506222432532,6
mixed_cp_1001,1,63,3.6131053050914548,91.76980988650948,0.03937139359403419,3
mixed_cp_1001,2,0,3.703725837367817,91.81174135953533,0.04034043775364203,0
mixed_cp_1001,2,1,1.8471052022285026,85.8952216058249,0.02150416714337044,1
mixed_cp_1001,2,2,1.6448551178438557,48.38355837452837,0.03399615847001847,6
mixed_cp_1001,2,3,1.3428207150241698,62.836885877574275,0.02136994372446147,2
mixed_cp_1001,2,4,3.085680197189575,88.40628405954772,0.03490340341769321,0
mixed_cp_1001,2,5,1.8277852158246422,80.36299542180112,0.022744115077233607,0
mixed_cp_1001,2,6,1.411367513614375,78.91180657738344,0.017885378308128617,7
mixed_cp_1001,2,7,3.284554005487336,226.12442585617703,0.01452542772878692,2
mixed_cp_1001,2,8,1.108956340508297,43.351436011313744,0.025580613759112487,2
mixed_cp_1001,2,9,1.563314295341846,54.983795773013505,0.02843227306087757,3
mixed_cp_1001,2,10,5.731167278142676,102.04985439795989,0.056160465019313634,0
mixed_cp_1001,2,11,2.5514760096255635,51.331458827378455,0.049705893187370176,0
mixed_cp_1001,2,12,1.7588192158608627,69.36699195692539,0.025355275848677875,3
mixed_cp_1001,2,13,2.094961189541161,93.6443042631918,0.02237147476319726,9
mixed_cp_1001,2,14,2.712122720951737,35.82219746726966,0.07571067418267048,0
mixed_cp_1001,2,15,1.4674225353980173,71.76562894217574,0.020447428065883386,2
mixed_cp_1001,2,16,3.319359030231501,82.92029917711011,0.040030717003826245,2
mixed_cp_1001,2,17,2.3555284571587403,73.84568707449982,0.031897982813571035,1
mixed_cp_1001,2,18,2.824207135548918,43.00714762458645,0.06566832007092623,2
mixed_cp_1001,2,19,5.785382070810203,38.155551643891116,0.15162622007946963,0
mixed_cp_1001,2,20,5.414617104676025,85.7212643377153,0.06316539013405247,0
mixed_cp_1001,2,21,9.850203488909193,71.14089058125258,0.13846050293198003,2
mixed_cp_1001,2,22,3.712363460579959,62.217225913068994,0.05966777538051823,0
mixed_cp_1001,2,23,3.665887062801252,157.41342993665873,0.023288273842177003,3
mixed_cp_1001,2,24,5.652847435830919,63.531918068632606,0.0889764957154958,0
mixed_cp_1001,2,25,3.347798160988145,68.84136733320446,0.04863061689033872,3
mixed_cp_1001,2,26,3.829408459573487,103.20454130203476,0.037105038317708096,2
mixed_cp_1001,2,27,4.672767220782613,66.16220778280726,0.07062592645218327,0
mixed_cp_1001,2,28,4.601797435883331,39.63382227996551,0.1161078384864609,0
mixed_cp_1001,2,29,2.782425231095135,59.48430018394583,0.046775791637304685,2
mixed_cp_1001,2,30,2.8479945299698803,269.76013023496387,0.010557507247232005,0
mixed_cp_1001,2,31,3.9256309977210133,81.22692450681488,0.04832918421516323,0
mixed_cp_1001,2,32,2.249476618272996,153.77576195432565,0.01462829115384994,1
mixed_cp_1001,2,33,2.0600132447501944,88.3194246733498,0.0233245772645052,1
mixed_cp_1001,2,34,2.4028701747568095,27.153009588386748,0.08849369595422339,0
mixed_cp_1001,2,35,2.7676138551191416,85.48200399860512,0.03237656729671783,0
mixed_cp_1001,2,36,3.616580854197225,41.406103933028696,0.08734414761762604,0
mixed_cp_1001,2,37,5.240037807572954,90.686367732001,0.05778197912897412,0
mixed_cp_1001,2,38,6.273201445509984,64.93913901878494,0.09660124141306116,0
mixed_cp_1001,2,39,2.7474934322960967,140.62044746548509,0.0195383636008587,2
mixed_cp_1001,2,40,4.461444962895123,76.57056467021101,0.058265796812528955,0
mixed_cp_1001,2,41,2.17860271391806,31.63304762763309,0.06887109770653077,0
mixed_cp_1001,2,42,1.873909711955577,76.28016356682727,0.02456614700771962,4
mixed_cp_1001,2,43,7.411950112191242,48.51703172451011,0.15277006545408323,2
mixed_cp_1001,2,44,9.722885046490466,42.75776430422223,0.22739460784974566,0
mixed_cp_1001,2,45,3.5441918976300486,48.4248891628932,0.07318946845098565,0
mixed_cp_1001,2,46,5.6685021406536205,42.31028569088491,0.13397456547722653,0
mixed_cp_1001,2,47,1.7624744675024362,40.82452050669286,0.043171957579109646,2
mixed_cp_1001,2,48,6.605276309066038,40.288167862320805,0.16395077412402193,0
mixed_cp_1001,2,49,7.733353056676028,58.16301201146587,0.13295998245674634,0
mixed_cp_1001,2,50,5.343927099483402,61.11900569291865,0.08743478462874534,0
mixed_cp_1001,2,51,2.6857501605799903,42.95736763965603,0.062521292810797,0
mixed_cp_1001,2,52,2.3322413594447062,72.0850384878766,0.032354028080833264,1
mixed_cp_1001,2,53,1.1181401717374297,47.067069879594776,0.023756315712828827,10
mixed_cp_1001,2,54,5.743234501516989,73.09761286536283,0.07856938518765788,0
mixed_cp_1001,2,55,1.329870844717299,47.807996064575846,0.027816912529046365,7
mixed_cp_1001,2,56,3.6959573308085787,45.873562523153296,0.08056835195529355,0
mixed_cp_1001,2,57,3.8256771486035976,252.48217634443878,0.015152266207435448,3
mixed_cp_1001,2,58,3.2095643446942557,25.980764189717277,0.12353617935397543,1
mixed_cp_1001,2,59,2.5856076713284546,40.09314632880052,0.06449001657600288,0
mixed_cp_1001,2,60,6.19524357860045,58.41680152941942,0.10605242697994084,0
mixed_cp_1001,2,61,8.521923175764673,101.02449020752908,0.08435502280940545,0
mixed_cp_1001,2,62,2.5393955874856906,50.03533518501382,0.050752045091650946,0
mixed_cp_1001,2,63,2.5073422773114875,54.61282684363652,0.0459112340859104,2
mixed_cp_1001,3,0,4.7235144991399345,46.90991283812706,0.10069331220971262,1
mixed_cp_1001,3,1,1.1636347184633096,46.38323535012002,0.025087398705150882,0
mixed_cp_1001,3,2,4.095892682645676,48.31574478053404,0.08477345638053525,0
mixed_cp_1001,3,3,1.5790424436032346,23.34144463425591,0.06764973069772345,1
mixed_cp_1001,3,4,7.678396179558707,93.01241626965302,0.08255237835450063,0
mixed_cp_1001,3,5,5.098235287427368,105.00589877395765,0.04855189419788837,0
mixed_cp_1001,3,6,7.7603473385085,184.74021278786654,0.04200681173524223,0
mixed_cp_1001,3,7,2.8563028124436376,50.87061668043368,0.056148381891785774,2
mixed_cp_1001,3,8,9.201540135849804,84.0424363052548,0.10948683237154648,0
mixed_cp_1001,3,9,12.241246458203296,91.75460181723875,0.1334128884629242,0
mixed_cp_1001,3,10,3.9794267976639155,22.503144845558303,0.1768386963233443,0
mixed_cp_1001,3,11,3.9276426974282472,80.10235494357082,0.04903279935022045,0
mixed_cp_1001,3,12,3.0182583899213338,189.2251523107353,0.01595061942381166,0
mixed_cp_1001,3,13,1.4005609627768565,35.107814257927885,0.0398931403842832,2
mixed_cp_1001,3,14,4.921944455183582,100.36561210235887,0.04904014783633152,0
mixed_cp_1001,3,15,4.1854325115041195,74.01088227391578,0.05655158245531716,0
mixed_cp_1001,3,16,4.088624421156924,91.39578710844616,0.044735370748605126,6
mixed_cp_1001,3,17,2.0164639125359165,54.569552318034,0.036952179867334574,0
mixed_cp_1001,3,18,6.679088610685882,73.46079065238374,0.0909204563600644,0
mixed_cp_1001,3,19,6.719984398593226,163.56238398838443,0.04108514583078254,2
mixed_cp_1001,3,20,2.905300556155388,95.31956531864236,0.03047958251218731,2
mixed_cp_1001,3,21,5.220781918459587,180.75174515003056,0.028883715142701098,3
mixed_cp_1001,3,22,2.4211413041160808,26.808320951284575,0.09031305274641106,0
mixed_cp_1001,3,23,4.756216891975068,61.383312776440484,0.07748387431120451,0
mixed_cp_1001,3,24,7.0134996360895325,95.84898715198273,0.07317239174336389,0
mixed_cp_1001,3,25,2.718803845253764,72.08449661316936,0.037716901317128106,3
mixed_cp_1001,3,26,2.9380657214049677,91.0107727464294,0.03228261482397133,3
mixed_cp_1001,3,27,4.711935532360031,71.86007536411405,0.06557097955275883,2
mixed_cp_1001,3,28,5.468111521690037,111.71235380102425,0.048948136312923184,0
mixed_cp_1001,3,29,4.851436740368565,76.5510947898731,0.06337514510648591,0
mixed_cp_1001,3,30,2.234687319387556,48.85247187054425,0.04574358745468042,3
mixed_cp_1001,3,31,5.162996978392938,66.84779225648295,0.07723511583723584,1
mixed_cp_1001,3,32,3.371558103725791,46.588330051867814,0.07236915553685142,0
mixed_cp_1001,3,33,6.637644392580782,56.36707017747025,0.11775748449728418,0
mixed_cp_1001,3,34,4.670094767450035,30.94024991728238,0.15093914173076692,0
mixed_cp_1001,3,35,3.0918430917375757,46.20892299155324,0.06691008774003994,0
mixed_cp_1001,3,36,2.0807074391366776,62.648722805753785,0.033212288231127055,3
mixed_cp_1001,3,37,10.966769648793525,83.12889399741873,0.13192488341218708,0
mixed_cp_1001,3,38,9.443941985777775,60.79439010618215,0.15534232631141118,0
mixed_cp_1001,3,39,3.3196404712915886,37.38445031235992,0.08879735942497088,0
mixed_cp_1001,3,40,6.8446662491306505,37.31446096280597,0.18343200122743905,0
mixed_cp_1001,3,41,5.442348774782856,52.54594207636976,0.10357315065115777,0
mixed_cp_1001,3,42,6.58598672307796,50.975711913497015,0.12919852368622176,0
mixed_cp_1001,3,43,4.023677045291251,53.03628186159505,0.0758664993860533,2
mixed_cp_1001,3,44,8.561154847162163,56.176603767849656,0.15239715954601343,0
mixed_cp_1001,3,45,10.853071438194117,45.06809054557488,0.2408149825477741,0
mixed_cp_1001,3,46,8.304948846712184,39.89921151529698,0.20814819469623216,0
mixed_cp_1001,3,47,4.864101993899589,48.99323218349319,0.09928110020751811,0
mixed_cp_1001,3,48,4.910486529474249,273.09997539530787,0.017980545484730995,0
mixed_cp_1001,3,49,10.145422625192582,262.1884756338388,0.038695150885888846,1
mixed_cp_1001,3,50,2.5655240496204113,74.66623072243927,0.03435989770472504,2
mixed_cp_1001,3,51,4.753752728242016,161.60722208891252,0.029415472073560003,2
mixed_cp_1001,3,52,8.361676415362165,107.57057793395178,0.07773200233707236,0
mixed_cp_1001,3,53,6.868835780468117,82.94372050234881,0.0828132104379572,0
mixed_cp_1001,3,54,7.463371673332472,107.84524682732065,0.06920445631955066,0
mixed_cp_1001,3,55,5.006680890361655,65.99037788478806,0.07586986240786148,0
mixed_cp_1001,3,56,11.009796050269884,238.23029975733587,0.04621492757841714,2
mixed_cp_1001,3,57,2.6171105006547157,19.622261256499787,0.13337456200608935,2
mixed_cp_1001,3,58,3.052472503619476,40.944148597659435,0.07455210593373945,2
mixed_cp_1001,3,59,4.10231459276016,85.93268341362268,0.047738699989320135,2
mixed_cp_1001,3,60,3.20038660690786,56.78672332838035,0.056358007987201475,3
mixed_cp_1001,3,61,6.445853920720676,72.74031642159149,0.08861459831108674,0
mixed_cp_1001,3,62,1.0264032311804097,20.810928577102793,0.04932039564585835,0
mixed_cp_1001,3,63,3.6188058036844386,12.921494350316875,0.2800609361095835,0
mixed_cp_1001,4,0,3.212783126251668,42.480199603553864,0.07563013253786334,0
mixed_cp_1001,4,1,4.12521035295251,56.94299113290249,0.07244456729230199,1
mixed_cp_1001,4,2,3.022682700935714,40.76547401862454,0.07414810630080591,0
mixed_cp_1001,4,3,5.1356541344491875,65.38437599131589,0.07854558610655374,0
mixed_cp_1001,4,4,4.081048008846528,60.149387902719646,0.0678485376351104,0
mixed_cp_1001,4,5,4.2290355627125455,55.8908331601568,0.07566599607835728,0
mixed_cp_1001,4,6,1.8041230459904092,60.1837293276083,0.029976923433403743,2
mixed_cp_1001,4,7,7.0336005356510904,227.57460549921888,0.030906789974311226,2
mixed_cp_1001,4,8,6.477699167179855,284.00931046515933,0.0228080521605805,2
mixed_cp_1001,4,9,2.365159985771586,46.359580020839125,0.05101771812230441,2
mixed_cp_1001,4,10,2.746265506290865,48.45299790197565,0.05667895951137602,1
mixed_cp_1001,4,11,11.474312333151605,188.3029076674602,0.06093539645927852,0
mixed_cp_1001,4,12,4.191972934377421,36.374682803006664,0.11524424713418861,0
mixed_cp_1001,4,13,2.7865516469681606,36.01915015798801,0.07736305922670926,0
mixed_cp_1001,4,14,2.340619478816937,79.10055347649921,0.0295904311151544,0
mixed_cp_1001,4,15,4.194745853546935,75.31972598355598,0.05569252674210131,0
mixed_cp_1001,4,16,3.9910408507122215,177.91291565246678,0.022432552668117018,1
mixed_cp_1001,4,17,4.210901137387635,94.70812214792159,0.04446187974048058,2
mixed_cp_1001,4,18,2.4879578220580707,80.66078166192493,0.030844702602634024,3
mixed_cp_1001,4,19,4.031549498623986,174.9162948631624,0.023048450127404543,1
mixed_cp_1001,4,20,4.521531143846607,99.61548845644543,0.04538984061523266,2
mixed_cp_1001,4,21,4.792984665981068,85.64644908824695,0.05596244464312295,1
mixed_cp_1001,4,22,3.5771065555762447,64.6002417558592,0.05537295926995201,3
mixed_cp_1001,4,23,2.6225163504288465,50.78971666030182,0.051634789931377066,3
mixed_cp_1001,4,24,5.201531133237911,120.83631666835495,0.04304609141235191,5
mixed_cp_1001,4,25,3.0026385527511366,78.75740390816733,0.03812515908031036,0
mixed_cp_1001,4,26,5.959011419717929,171.69649343015593,0.03470665766474715,0
mixed_cp_1001,4,27,5.040678309369417,89.2938123671243,0.05645047709067538,0
mixed_cp_1001,4,28,1.568330512865515,25.238155650412676,0.062141248932343074,0
mixed_cp_1001,4,29,2.627068110443417,51.64703398126915,0.05086580792608878,0
mixed_cp_1001,4,30,2.305580003106699,67.45480817898599,0.03417962433439919,1
mixed_cp_1001,4,31,8.068925786711821,85.41255669005338,0.09447001821983253,0
mixed_cp_1001,4,32,5.6952961459543205,58.266008383306165,0.09774646151298882,0
mixed_cp_1001,4,33,3.128359337517328,57.247594764822345,0.054646127062086644,1
mixed_cp_1001,4,34,4.550949853865843,48.47714098162156,0.0938782643058752,2
mixed_cp_1001,4,35,2.171576255903145,57.73755577263439,0.037611156669926045,1
mixed_cp_1001,4,36,5.282364960597682,213.4041126366826,0.02475287329439068,3
mixed_cp_1001,4,37,11.154453024642168,230.62993492108754,0.04836515705759871,1
mixed_cp_1001,4,38,3.7039906038619805,107.01768241283392,0.03461101493091001,0
mixed_cp_1001,4,39,3.317392525112962,57.00176020593116,0.058198071658281524,0
mixed_cp_1001,4,40,8.621622334561637,70.98052612836743,0.12146461578728703,0
mixed_cp_1001,4,41,4.14445489575753,65.05073501306524,0.06371111556118665,2
mixed_cp_1001,4,42,8.435950923298805,72.25920689494451,0.11674568938410271,2
mixed_cp_1001,4,43,7.062325933617536,150.18599433520194,0.04702386507396319,0
mixed_cp_1001,4,44,1.7041255718107156,52.59770600476946,0.03239923755717006,0
mixed_cp_1001,4,45,5.542498960369558,34.8732898906189,0.15893249469017032,0
mixed_cp_1001,4,46,12.11552264582662,24.353060833004104,0.4974948623052445,0
mixed_cp_1001,4,47,11.322702378620624,19.591424816225377,0.5779417518037433,0
mixed_cp_1001,4,48,10.522636677997909,14.849873763994653,0.7086010861258186,0
mixed_cp_1001,4,49,8.242071675325086,11.945875456229013,0.6899512476523745,0
mixed_cp_1001,4,50,2.37571900664187,48.08895533848887,0.04940259130021941,3
mixed_cp_1001,4,51,9.010983778714785,53.24947696917725,0.16922201478017657,0
mixed_cp_1001,4,52,7.033820824909225,159.18283855659567,0.04418705489039529,0
mixed_cp_1001,4,53,3.143873644899816,48.075611498215736,0.06539435582668557,3
mixed_cp_1001,4,54,10.174311663534713,77.39226877787821,0.13146418659382855,0
mixed_cp_1001,4,55,3.890997687472907,32.17239823821742,0.12094210878102372,0
mixed_cp_1001,4,56,6.516338941424296,72.95974368346201,0.0893141698755909,0
mixed_cp_1001,4,57,12.535340024521767,196.74062666315245,0.06371505589429695,0
mixed_cp_1001,4,58,5.52646185481142,96.7388859532829,0.05712761523303314,2
mixed_cp_1001,4,59,4.146374487563543,75.17387020052537,0.05515712409781671,0
mixed_cp_1001,4,60,9.92770967736356,45.516565099096624,0.2181120138514274,0
mixed_cp_1001,4,61,2.4297189247546687,37.09948247535509,0.06549198971626391,1
mixed_cp_1001,4,62,3.1907656089661502,105.13734189491582,0.03034854744716014,0
mixed_cp_1001,4,63,3.6677269044777443,92.0177262355061,0.0398589169122776,2
mixed_cp_1001,5,0,1.2057174719195607,54.051809596192584,0.022306699459780744,0
mixed_cp_1001,5,1,2.13548088790567,78.96786471021629,0.02704240384037378,3
mixed_cp_1001,5,2,2.7949793186098324,87.20368686619457,0.032051159980178955,0
mixed_cp_1001,5,3,3.6221723038538585,129.6534759521278,0.027937332780736863,0
mixed_cp_1001,5,4,2.073450493562375,68.41093224085047,0.03030875951613254,2
mixed_cp_1001,5,5,7.670081784369547,241.92485017611196,0.0317043981996311,0
mixed_cp_1001,5,6,12.208061456232981,286.4407815784295,0.042619844105160454,1
mixed_cp_1001,5,7,1.5195976485413536,35.81588924356539,0.04242803070467841,0
mixed_cp_1001,5,8,2.4193586231671924,61.59167989890456,0.03928060782135319,2
mixed_cp_1001,5,9,3.2520925334882134,68.0915448647747,0.047760592595551384,1
mixed_cp_1001,5,10,4.64959092649313,53.05921137221074,0.08763023057158195,0
mixed_cp_1001,5,11,4.034120887672787,37.58287139011482,0.1073393473797709,0
mixed_cp_1001,5,12,3.5793314941261865,82.51929192886593,0.04337569325257512,2
mixed_cp_1001,5,13,6.131180051225626,41.018612432794505,0.14947312177541455,0
mixed_cp_1001,5,14,4.473728985830451,48.03448495938343,0.09313577505022293,0
mixed_cp_1001,5,15,6.469549938377011,32.31410459200011,0.20020823785965755,0
mixed_cp_1001,5,16,4.235723616564139,41.86708192080717,0.1011707389728316,0
mixed_cp_1001,5,17,3.850678021586568,65.33304498479144,0.05893920943808678,1
mixed_cp_1001,5,18,2.431968383494184,55.61656146561865,0.04372741355104435,0
mixed_cp_1001,5,19,4.497488671284269,53.54215720898751,0.08399901882416734,0
mixed_cp_1001,5,20,9.973927958218903,44.612704681308124,0.2235669867914955,0
mixed_cp_1001,5,21,10.75379104722686,34.41610909647261,0.3124638818723713,0
mixed_cp_1001,5,22,10.890611703218077,45.906719947053986,0.23723349687755182,0
mixed_cp_1001,5,23,3.22596177172137,62.73973331930177,0.05141816200115898,0
mixed_cp_1001,5,24,3.176751438592013,70.34925444700686,0.04515686006288833,0
mixed_cp_1001,5,25,5.225084283368138,70.33282803895828,0.07429083159394492,0
mixed_cp_1001,5,26,7.385054082339146,65.10268045499154,0.11343702026900063,2
mixed_cp_1001,5,27,5.462685268369676,57.271333876800306,0.09538253954623749,0
mixed_cp_1001,5,28,2.4189312399493543,91.24059920552156,0.026511566791671937,2
mixed_cp_1001,5,29,3.7949183305443235,77.77280129375373,0.04879492917081167,4
mixed_cp_1001,5,30,2.92112252936515,77.54078100715945,0.037672080309526915,2
mixed_cp_1001,5,31,7.825491273266495,264.8641005381873,0.029545307413747602,2
mixed_cp_1001,5,32,9.245863416115956,63.03625600956034,0.1466753262553171,2
mixed_cp_1001,5,33,4.059348690354417,29.90495343891757,0.1357416823485731,1
mixed_cp_1001,5,34,4.019228962311555,80.05737615103098,0.05020435537044259,0
mixed_cp_1001,5,35,2.800537011220673,100.76351019402067,0.027793166453096207,13
mixed_cp_1001,5,36,4.4409105230826995,218.25521435215973,0.02034732840754581,3
mixed_cp_1001,5,37,8.311684150958548,244.43600186004852,0.03400351866218705,3
mixed_cp_1001,5,38,4.19738810650255,40.000422575395156,0.10493359410368891,3
mixed_cp_1001,5,39,2.30316216076414,117.11081471401184,0.01966651983754474,2
mixed_cp_1001,5,40,2.472804483169862,87.69325980683678,0.028198341453114464,1
mixed_cp_1001,5,41,3.1746467005988412,63.578362850167565,0.04993281610727217,5
mixed_cp_1001,5,42,1.982860872646695,97.34583226874463,0.02036924259040254,0
mixed_cp_1001,5,43,3.635762560181344,79.15217261968499,0.045933831502650846,1
mixed_cp_1001,5,44,3.9809432829458102,39.79831507207002,0.10002793524642425,0
mixed_cp_1001,5,45,4.098890187813784,54.71798519782392,0.07490937710873156,0
mixed_cp_1001,5,46,7.156472088308649,51.267588469979614,0.13959057373059808,0
mixed_cp_1001,5,47,8.717380410735023,28.15742318061595,0.3095943955814897,0
mixed_cp_1001,5,48,3.3929525420643456,79.1246377917391,0.042881113098992056,0
mixed_cp_1001,5,49,5.184009580546479,212.38478544126198,0.024408573193112227,3
mixed_cp_1001,5,50,13.122183956781804,268.88440220414844,0.04880232489952647,3
mixed_cp_1001,5,51,3.861893060169354,91.05142785379904,0.04241441514097266,2
mixed_cp_1001,5,52,2.8090848564995246,40.69118078923083,0.06903424285104467,2
mixed_cp_1001,5,53,2.854742479899441,216.04954011555648,0.013213369851991124,2
mixed_cp_1001,5,54,4.146867835311343,28.607816244085306,0.1449557631358427,0
mixed_cp_1001,5,55,17.80846549997734,44.32499786137487,0.40177025063086963,0
mixed_cp_1001,5,56,11.7173427626039,30.522775124081143,0.3838885132485685,0
mixed_cp_1001,5,57,3.0338764872350605,49.92601239031141,0.0607674505129076,1
mixed_cp_1001,5,58,1.789294003345764,58.89567535950909,0.03038073665720977,2
mixed_cp_1001,5,59,2.9690308200752575,159.22596467009814,0.018646649911820738,2
mixed_cp_1001,5,60,1.9467443718863773,52.844151876323906,0.036839353131118927,2
mixed_cp_1001,5,61,10.984250102302855,50.60842884691652,0.21704388681041037,0
mixed_cp_1001,5,62,2.487753970966039,45.12050727709219,0.055135771317648255,0
mixed_cp_1001,5,63,16.630984059111633,95.97451310584991,0.17328542256598256,0
mixed_cp_1001,6,0,3.703725837367817,91.81174135953533,0.04034043775364203,0
mixed_cp_1001,6,1,2.684195058530797,49.43736398094337,0.054294866117163415,2
mixed_cp_1001,6,2,2.777465981907237,82.92417278575236,0.03349404508481812,2
mixed_cp_1001,6,3,2.590903053252601,56.5828805487878,0.04578952199187934,0
mixed_cp_1001,6,4,2.385400147864725,52.02618512249452,0.0458499915426886,2
mixed_cp_1001,6,5,3.1975888914696715,44.85529283766786,0.0712867688333193,0
mixed_cp_1001,6,6,3.147308048682979,66.36941044065658,0.047421063827244744,1
mixed_cp_1001,6,7,2.084302965292127,56.051371659227236,0.03718558357436748,13
mixed_cp_1001,6,8,2.965711477448967,134.58296292171244,0.022036306922252377,6
mixed_cp_1001,6,9,2.96714039515923,80.01642001526231,0.03708164392500037,0
mixed_cp_1001,6,10,2.038695668443562,85.12691483279718,0.02394889645005795,2
mixed_cp_1001,6,11,1.4941221750339095,50.234620021178266,0.029742878007318597,1
mixed_cp_1001,6,12,2.7808337650545796,65.98962678254354,0.042140468140823055,2
mixed_cp_1001,6,13,2.426929097169611,59.32555438267782,0.04090866275795373,0
mixed_cp_1001,6,14,1.8592320378600184,104.8797836340008,0.017727268053376086,1
mixed_cp_1001,6,15,3.1030142711270514,80.21087266557679,0.03868570641369842,2
mixed_cp_1001,6,16,2.304861770259199,50.442828486177746,0.04569255609626992,2
mixed_cp_1001,6,17,2.7158322895608302,88.53219378294216,0.030676211370287993,0
mixed_cp_1001,6,18,7.543323866117793,57.20951512106076,0.13185435762137476,0
mixed_cp_1001,6,19,3.8089864076174287,23.550429315743333,0.1617374510056656,0
mixed_cp_1001,6,20,2.4810364254007005,75.39865951201827,0.032905577386362315,1
mixed_cp_1001,6,21,7.075325976136191,72.62416223491176,0.09742385672209451,0
mixed_cp_1001,6,22,2.2468201422923553,94.54091383481445,0.023765585196458824,0
mixed_cp_1001,6,23,4.008351654244809,268.34976711814795,0.014937041672482719,0
mixed_cp_1001,6,24,1.9550945211222366,45.68470482368895,0.04279538477193922,3
mixed_cp_1001,6,25,2.816503039930291,40.933899713893375,0.06880612547585692,3
mixed_cp_1001,6,26,2.3313632984557735,96.73968747220349,0.024099347014384882,3
mixed_cp_1001,6,27,2.4672475784969787,133.04316328812652,0.01854471524518516,0
mixed_cp_1001,6,28,2.9230461750506183,77.24375386227716,0.03784184518352519,2
mixed_cp_1001,6,29,4.265758207367156,79.18748843303312,0.053869093360305285,0
mixed_cp_1001,6,30,3.034789197688175,69.75599179761365,0.04350578523050969,1
mixed_cp_1001,6,31,2.31829452563268,96.06765955476298,0.02413189346318097,2
mixed_cp_1001,6,32,2.0929444217221214,77.18206942727792,0.027116977262369522,2
mixed_cp_1001,6,33,1.901204027291404,66.06597492634657,0.028777355203052024,1
mixed_cp_1001,6,34,1.7645470159418217,103.86377759879518,0.0169890510121624,1
mixed_cp_1001,6,35,4.200104464659907,71.44357931216346,0.058789110303503894,0
mixed_cp_1001,6,36,3.3068326253954288,94.69768997141378,0.03491988692008914,0
mixed_cp_1001,6,37,2.553825079883782,69.98339107493146,0.036491873866892115,3
mixed_cp_1001,6,38,1.6855048849334677,76.59657279254573,0.022004964758651692,1
mixed_cp_1001,6,39,2.2460964185262795,61.21071129538445,0.036694499557231,0
mixed_cp_1001,6,40,3.8995423404544325,64.36208736077751,0.06058756793569793,0
mixed_cp_1001,6,41,5.668043141237927,72.50407765387835,0.07817550853203267,2
mixed_cp_1001,6,42,1.5021152388476502,107.12494693414605,0.014022086188486608,3
mixed_cp_1001,6,43,2.198360072430741,110.69300516330222,0.01985997280666076,0
mixed_cp_1001,6,44,3.7444428053191343,82.59290254994869,0.045336132884477014,0
mixed_cp_1001,6,45,5.678464454344907,39.15181810876757,0.14503705648022727,0
mixed_cp_1001,6,46,2.923416579619205,54.43842174582746,0.0537013470608794,0
mixed_cp_1001,6,47,7.547568719357966,53.06080954646457,0.14224375360780486,0
mixed_cp_1001,6,48,1.9047208583912196,64.29888725695561,0.029622921012294412,1
mixed_cp_1001,6,49,5.065874584742648,241.45740366652998,0.02098040692816769,0
mixed_cp_1001,6,50,9.064473983203385,260.4446897608969,0.03480383490070421,2
mixed_cp_1001,6,51,3.2346959919444727,100.5432775144026,0.032172175722848396,6
mixed_cp_1001,6,52,2.718927746910056,81.0917075012842,0.03352904792227982,0
mixed_cp_1001,6,53,2.894757714762911,33.42627788486528,0.08660125799030699,0
mixed_cp_1001,6,54,2.3829318312728986,67.49424885750418,0.03530570191697094,2
mixed_cp_1001,6,55,3.7334248961004843,37.015939615928204,0.10085992507114332,0
mixed_cp_1001,6,56,7.305710446254209,47.82454048702202,0.15276070343502274,0
mixed_cp_1001,6,57,5.1214102952786345,53.90234462429668,0.09501275558559172,0
mixed_cp_1001,6,58,4.365315905510227,38.60383991679569,0.11307983648566972,0
mixed_cp_1001,6,59,6.390264946976945,93.62793998083522,0.06825168799276128,0
mixed_cp_1001,6,60,4.887312896150988,60.73357040531406,0.08047135815554421,0
mixed_cp_1001,6,61,2.624796559906113,68.19274429119633,0.038490848068787484,0
mixed_cp_1001,6,62,3.50314403419026,57.26656016940978,0.06117259398551309,0
mixed_cp_1001,6,63,2.8786853532296632,48.7655125910403,0.05903117183184423,0
mixed_cp_1001,7,0,4.351418306542199,79.96207524628308,0.05441852644694172,0
mixed_cp_1001,7,1,1.9918506135229463,45.808417503181026,0.04348219655011283,0
mixed_cp_1001,7,2,1.8813453031774923,34.15754689909162,0.05507846651679557,2
mixed_cp_1001,7,3,1.7522149186441007,100.26829835807891,0.017475263341824927,5
mixed_cp_1001,7,4,2.2557105562989515,84.56136404756403,0.026675427740618762,1
mixed_cp_1001,7,5,1.3830557716721246,37.38917451278594,0.0369908078927809,2
mixed_cp_1001,7,6,3.7406057119312615,92.16898002465436,0.040584215111534094,0
mixed_cp_1001,7,7,3.452334148650014,71.14276589812212,0.04852684746041258,0
mixed_cp_1001,7,8,2.5036002967250957,69.62995274884767,0.03595579485391118,1
mixed_cp_1001,7,9,8.340361025201766,304.6716093207983,0.027374920307786006,0
mixed_cp_1001,7,10,3.2059935237228214,62.98340633461895,0.05090219329659598,6
mixed_cp_1001,7,11,3.0115519041652794,100.81320613555576,0.0298725932802482,2
mixed_cp_1001,7,12,4.2391353960556115,107.89029704857063,0.03929116437734169,1
mixed_cp_1001,7,13,5.697329687326934,81.86738042257355,0.06959218259970111,2
mixed_cp_1001,7,14,1.8897654213763193,45.86744545627907,0.0412005814271398,0
mixed_cp_1001,7,15,4.143939807886685,74.76157771110724,0.05542873672221908,2
mixed_cp_1001,7,16,2.000318236383886,37.88567155045976,0.052798806369834854,0
mixed_cp_1001,7,17,2.5812584094502733,59.380453783516074,0.04346983300027975,2
mixed_cp_1001,7,18,1.9013884395652478,61.636309522444485,0.030848512091283933,0
mixed_cp_1001,7,19,2.9079755706965553,72.65826654738093,0.04002263897667095,0
mixed_cp_1001,7,20,5.095949643112809,30.300830496297284,0.1681785469126177,0
mixed_cp_1001,7,21,10.31593177253239,58.99214702362681,0.1748695765963693,0
mixed_cp_1001,7,22,1.3337237454876127,42.09206212760182,0.03168587325193139,3
mixed_cp_1001,7,23,2.417087938280646,65.6955694970789,0.03679225184870526,2
mixed_cp_1001,7,24,2.9711493308462233,43.202682948394006,0.06877233375518109,0
mixed_cp_1001,7,25,3.4587205715184153,55.27858872329348,0.06256890147524638,0
mixed_cp_1001,7,26,2.803956166046981,41.2865144063938,0.06791457710493354,0
mixed_cp_1001,7,27,8.202766636518259,84.46792844690177,0.09711101938145296,0
mixed_cp_1001,7,28,5.5990636032376795,68.5447085094734,0.08168484081399,1
mixed_cp_1001,7,29,1.4439946879195726,69.51263100773417,0.020773126653182063,1
mixed_cp_1001,7,30,1.7082989371981878,77.01312984677246,0.022181918078087056,4
mixed_cp_1001,7,31,2.153658583591611,46.46009828087109,0.04635501566466406,0
mixed_cp_1001,7,32,4.972008652488782,78.18142239983189,0.0635957814512655,0
mixed_cp_1001,7,33,3.95105912586493,71.00946534030307,0.05564130228174546,0
mixed_cp_1001,7,34,2.0120632034464534,64.04471300262432,0.03141653868234223,2
mixed_cp_1001,7,35,2.950079632138362,86.15922253560628,0.034239859011253364,1
mixed_cp_1001,7,36,1.5065783504121264,25.841251821485358,0.058301291315906854,0
mixed_cp_1001,7,37,1.8413044578882034,49.430977547630555,0.037250011010078944,2
mixed_cp_1001,7,38,2.553056040347314,67.57346228516424,0.03778193323250565,0
mixed_cp_1001,7,39,9.392058326038763,50.9810479445333,0.18422646659317785,0
mixed_cp_1001,7,40,2.2045059644796177,49.20153277647776,0.044805635923878095,0
mixed_cp_1001,7,41,2.807523330183916,108.55515652430411,0.025862643655765422,1
mixed_cp_1001,7,42,2.6639448522718574,109.7595582670245,0.02427073226543949,2
mixed_cp_1001,7,43,6.16046299154623,57.93598200823494,0.10633224428077512,0
mixed_cp_1001,7,44,8.16387498493734,49.90795588326651,0.16357862870666243,0
mixed_cp_1001,7,45,3.873831795375409,94.82045418770156,0.04085438978922181,0
mixed_cp_1001,7,46,9.6489807174745,61.85618306429757,0.15599056132261968,0
mixed_cp_1001,7,47,2.629282630609466,82.28774016879673,0.0319523008557049,0
mixed_cp_1001,7,48,3.3382943926366284,62.64780992635502,0.05328668945587923,0
mixed_cp_1001,7,49,1.1411699300867308,53.056120879478215,0.021508732850616837,2
mixed_cp_1001,7,50,4.963436874214729,255.48714946961238,0.019427344524054348,0
mixed_cp_1001,7,51,3.174483098104595,128.08789923567744,0.024783629968539438,6
mixed_cp_1001,7,52,7.772585120137665,68.09160913143552,0.11414894168728543,0
mixed_cp_1001,7,53,4.348280176898687,60.52044911788964,0.07184811481535007,2
mixed_cp_1001,7,54,5.343271162051607,60.94777442400877,0.0876696682126389,0
mixed_cp_1001,7,55,5.071234132939192,108.45635987784387,0.046758291894094584,0
mixed_cp_1001,7,56,2.906501838398599,75.72201572000681,0.03838384135395726,0
mixed_cp_1001,7,57,2.3069455418760247,106.26729395693552,0.02170889514520721,0
mixed_cp_1001,7,58,4.113635615104814,42.36353758946682,0.09710321302646875,0
mixed_cp_1001,7,59,3.0783666766209095,89.50546649956176,0.03439305773168594,0
mixed_cp_1001,7,60,2.6057980902222133,101.85223594592668,0.025584102950922262,0
mixed_cp_1001,7,61,2.868739765419075,76.73404069466709,0.037385490708538284,1
mixed_cp_1001,7,62,2.1198656469090738,50.66898126703333,0.04183754229707235,0
mixed_cp_1001,7,63,7.599101705207129,61.443477105634265,0.12367629670668986,0
mixed_cp_1001,8,0,1.6400883770499652,33.82935653836532,0.04848121705152647,5
mixed_cp_1001,8,1,5.186040832971163,99.98242532561785,0.05186952422969857,0
mixed_cp_1001,8,2,3.8996946783384447,48.814654791548534,0.0798877856453389,0
mixed_cp_1001,8,3,6.293226704687946,83.37870094180442,0.07547762958168909,0
mixed_cp_1001,8,4,1.8933913579568524,51.653188817464766,0.036655846450213095,3
mixed_cp_1001,8,5,1.3570865027029024,24.877774902141162,0.05455015603449735,0
mixed_cp_1001,8,6,9.061490217610872,69.793300887954,0.129833237607692,0
mixed_cp_1001,8,7,4.755031202635343,73.67507074072101,0.06454057193062436,0
mixed_cp_1001,8,8,3.875743424026993,71.94976860086352,0.05386735078367545,0
mixed_cp_1001,8,9,3.7965906769358817,56.42255948795057,0.06728852273613482,0
mixed_cp_1001,8,10,6.922643460219176,150.05360111247768,0.04613447067511614,0
mixed_cp_1001,8,11,3.289566129604343,75.07469234601109,0.04381724422449965,2
mixed_cp_1001,8,12,3.271524269700279,66.1228314206119,0.04947646976715027,2
mixed_cp_1001,8,13,2.1313208008248936,30.53497896341708,0.06979932107955131,0
mixed_cp_1001,8,14,0.9812375214832559,66.8157497509601,0.014685721931439619,5
mixed_cp_1001,8,15,4.196691826259331,66.24449096685635,0.06335155972983524,0
mixed_cp_1001,8,16,4.45310413309859,246.594771196484,0.01805838830844635,2
mixed_cp_1001,8,17,2.916170710067158,126.42273169448738,0.02306682248501293,2
mixed_cp_1001,8,18,1.1272212419631127,33.359075775155155,0.03379054172725713,3
mixed_cp_1001,8,19,2.628946290006454,34.7534705808199,0.07564557570999379,1
mixed_cp_1001,8,20,3.2018622446813914,110.51986027165015,0.028970921939382083,0
mixed_cp_1001,8,21,6.090848602680304,266.3614800687666,0.02286685222318118,3
mixed_cp_1001,8,22,3.9459515535464864,137.52565711629327,0.028692475544470547,0
mixed_cp_1001,8,23,5.625574900333244,79.20985139859047,0.07102115205373748,0
mixed_cp_1001,8,24,6.998985810466272,146.26412699167784,0.0478516910087222,0
mixed_cp_1001,8,25,5.146679798235195,73.33285440221714,0.07018245560177719,0
mixed_cp_1001,8,26,1.6471619212681976,56.89299215560038,0.02895192991015952,12
mixed_cp_1001,8,27,1.4189079817954409,55.63729154394549,0.025502822700754706,6
mixed_cp_1001,8,28,4.306261324798898,80.03013851737398,0.05380799539493536,0
mixed_cp_1001,8,29,4.610058949586156,92.43395426713667,0.04987408562294066,0
mixed_cp_1001,8,30,5.774462557760352,120.51228294889451,0.04791596687458922,0
mixed_cp_1001,8,31,2.306544827687046,78.25284170918748,0.02947554078941826,0
mixed_cp_1001,8,32,4.222812379637256,49.52273947016907,0.08527016931648025,0
mixed_cp_1001,8,33,1.6933979937747308,82.41314719481295,0.020547668077421907,2
mixed_cp_1001,8,34,5.775189058271335,202.09645559352262,0.028576399528188638,3
mixed_cp_1001,8,35,6.5824523237442065,111.89126995344006,0.058829007182448476,0
mixed_cp_1001,8,36,2.9563533655828147,174.21269751226365,0.016969792717747817,7
mixed_cp_1001,8,37,1.9711972956307942,58.205709233584955,0.03386604718997917,0
mixed_cp_1001,8,38,5.032919690433351,120.31063741294332,0.04183270738695211,0
mixed_cp_1001,8,39,4.9608155598557016,56.788362983828996,0.08735619939015216,2
mixed_cp_1001,8,40,5.000509174455293,31.33448340876841,0.15958486084554332,0
mixed_cp_1001,8,41,7.961497665334428,46.29456403049826,0.17197478434162372,1
mixed_cp_1001,8,42,6.392056442324106,36.14271695123976,0.1768560025785457,0
mixed_cp_1001,8,43,2.8610400666225217,67.69374508935559,0.04226446716525959,2
mixed_cp_1001,8,44,3.8694437157585955,147.98419646095428,0.026147682038328672,1
mixed_cp_1001,8,45,3.413289134008001,37.36420537231931,0.0913518459711894,2
mixed_cp_1001,8,46,2.9753661480581117,27.927232177997695,0.10653995817037094,2
mixed_cp_1001,8,47,4.5927083812134555,24.527536353781784,0.1872470318652826,6
mixed_cp_1001,8,48,7.609720284654583,58.62348299265669,0.1298066900188751,0
mixed_cp_1001,8,49,5.079050796608659,102.77602997137599,0.0494186319322046,0
mixed_cp_1001,8,50,4.419270093387501,49.93631623918792,0.08849811972953352,0
mixed_cp_1001,8,51,4.389261518442782,52.87683054598564,0.0830091643754168,0
mixed_cp_1001,8,52,6.511396780080277,75.48087245189116,0.08626552090041635,0
mixed_cp_1001,8,53,6.465137583826503,325.0176281681664,0.01989165209365627,3
mixed_cp_1001,8,54,3.140688839763287,37.0282439726344,0.08481873572196409,2
mixed_cp_1001,8,55,7.7401984858182145,52.756662121647025,0.14671509103382546,0
mixed_cp_1001,8,56,10.456478931420381,297.0552232910612,0.03520045470190199,0
mixed_cp_1001,8,57,8.255396443807133,95.33736063492789,0.08659140958830654,0
mixed_cp_1001,8,58,6.9716284532637225,49.869283700901285,0.13979804673107274,0
mixed_cp_1001,8,59,6.016674751215072,39.14784213569273,0.1536910956767504,0
mixed_cp_1001,8,60,8.627147075550369,219.54799780044715,0.03929503872493433,0
mixed_cp_1001,8,61,8.619889426163576,100.30930020252532,0.08593310300002041,0
mixed_cp_1001,8,62,6.957004532871741,86.20818967582917,0.08070004206134405,0
mixed_cp_1001,8,63,5.233078026375334,61.919550550268525,0.0845141474682852,2
mixed_cp_1001,9,0,4.223954416310663,73.91875639547173,0.05714320183786835,0
mixed_cp_1001,9,1,1.4936946643946825,56.85550481858331,0.026271768567719515,3
mixed_cp_1001,9,2,3.2840462140311915,94.68469279251282,0.03468402459970676,0
mixed_cp_1001,9,3,2.0301723622622205,28.944715232184432,0.07013965575328292,1
mixed_cp_1001,9,4,6.271590912662412,48.11640678038179,0.13034204614005987,0
mixed_cp_1001,9,5,2.1950302668165746,89.18741084951247,0.02461143614226327,0
mixed_cp_1001,9,6,8.056999125307325,191.22796455159389,0.04213295447765707,0
mixed_cp_1001,9,7,2.745514466913315,52.4976747086155,0.05229782999251095,1
mixed_cp_1001,9,8,1.67720848235595,79.63247199612478,0.021061866350671237,1
mixed_cp_1001,9,9,3.8501513825979967,77.84210147649657,0.04946104112773087,3
mixed_cp_1001,9,10,4.570066423952048,86.23699210627521,0.052994269771376896,1
mixed_cp_1001,9,11,3.5295246515056276,139.13567401151548,0.02536750316970117,0
mixed_cp_1001,9,12,4.249433750192981,160.708061131901,0.026441945228281128,0
mixed_cp_1001,9,13,2.6306017305199805,82.5306280718046,0.03187424828793576,2
mixed_cp_1001,9,14,4.397925027535759,111.32854037531115,0.03950402127531233,1
mixed_cp_1001,9,15,1.6515859996188174,23.065485597190264,0.0716042154265335,0
mixed_cp_1001,9,16,7.374679808379232,204.65590216696785,0.03603453274639802,2
mixed_cp_1001,9,17,6.015641771437899,165.55452007409374,0.036336318505502625,6
mixed_cp_1001,9,18,1.4407437081887624,38.08998735685045,0.03782473579450128,3
mixed_cp_1001,9,19,3.417479114962488,56.25988301353427,0.060744511575688054,0
mixed_cp_1001,9,20,3.3568183975945316,120.26229187182874,0.02791247651568215,3
mixed_cp_1001,9,21,7.0118345120327925,102.20055634294604,0.06860857477628354,0
mixed_cp_1001,9,22,2.328449354528959,70.4092047143147,0.033070240801279335,2
mixed_cp_1001,9,23,6.6132641164406,205.90691333324338,0.03211773713366087,0
mixed_cp_1001,9,24,2.1983802532882537,46.80866769256554,0.04696523874011938,0
mixed_cp_1001,9,25,2.8700371327689007,69.0537501533349,0.041562364482681094,2
mixed_cp_1001,9,26,4.212810351084929,83.29688010891256,0.0505758480458882,3
mixed_cp_1001,9,27,5.718042871258892,340.0633067653318,0.01681464232542076,0
mixed_cp_1001,9,28,2.536957054859617,61.55261818778806,0.04121607056778204,0
mixed_cp_1001,9,29,2.8987446485458093,21.609441647516995,0.13414250566158825,1
mixed_cp_1001,9,30,4.54855366775352,103.47162548017653,0.043959429907911796,0
mixed_cp_1001,9,31,13.126998370139539,85.26130877120912,0.15396196187141148,0
mixed_cp_1001,9,32,1.9691611924469619,42.591211237959556,0.046233979621878904,3
mixed_cp_1001,9,33,5.332664072336705,118.05752069402533,0.045170049658738776,0
mixed_cp_1001,9,34,5.325575163536814,58.0212791526859,0.09178658659906991,0
mixed_cp_1001,9,35,7.485047223588321,155.73206589199995,0.048063622483369574,0
mixed_cp_1001,9,36,9.183779821683775,101.53169419287984,0.09045234490264036,1
mixed_cp_1001,9,37,15.551900547153016,329.36599654167657,0.04721768704252124,4
mixed_cp_1001,9,38,5.598231065814918,118.50132168214147,0.04724192934177703,1
mixed_cp_1001,9,39,3.0364106366893555,29.736038708136697,0.10211214299564723,0
mixed_cp_1001,9,40,8.600355156642207,74.45392316828512,0.11551245106591873,0
mixed_cp_1001,9,41,3.030362395735331,70.71761004461881,0.04285159515180651,0
mixed_cp_1001,9,42,6.111922067417727,82.45748852256237,0.07412209827061804,0
mixed_cp_1001,9,43,3.1367125382496575,76.88580137934312,0.04079703250764837,2
mixed_cp_1001,9,44,3.2598702899691965,147.79630428282474,0.02205650747349589,1
mixed_cp_1001,9,45,3.7049888017795807,86.8749389874698,0.04264738306537356,0
mixed_cp_1001,9,46,6.156561509257796,57.716642374343834,0.1066687398294414,0
mixed_cp_1001,9,47,2.6749233855320194,88.24207090516526,0.03031347018597047,1
mixed_cp_1001,9,48,1.572101878362428,42.71390998053884,0.03680538445388642,0
mixed_cp_1001,9,49,6.537061887055301,83.96585185725873,0.07785381488379649,0
mixed_cp_1001,9,50,4.24412125519641,31.38949183930925,0.13520834542091792,0
mixed_cp_1001,9,51,2.7275245821287974,27.70688600007636,0.09844211948326782,0
mixed_cp_1001,9,52,5.344877610846601,35.931983820440315,0.14874986133679896,0
mixed_cp_1001,9,53,8.078635307349051,48.51145229172889,0.16653047735547682,0
mixed_cp_1001,9,54,6.156402410875683,48.93714854203461,0.1258022298865173,0
mixed_cp_1001,9,55,1.7263383704622328,62.13330701223843,0.027784427603735867,2
mixed_cp_1001,9,56,5.478774371961442,139.37672099802455,0.03930910651886476,1
mixed_cp_1001,9,57,8.352531995925201,100.94932058880401,0.08273985349487885,0
mixed_cp_1001,9,58,7.095639539046705,71.98757891269138,0.09856755354493173,0
mixed_cp_1001,9,59,3.70397475586755,57.00927431056897,0.06497144193924372,0
mixed_cp_1001,9,60,3.250009880883965,41.47970917029101,0.0783518000943873,0
mixed_cp_1001,9,61,4.691531908162543,66.49214728146758,0.0705576838766064,0
mixed_cp_1001,9,62,2.346730025934409,62.05972211046181,0.03781405952410485,0
mixed_cp_1001,9,63,5.439831228276568,292.2991134637027,0.018610495132247735,0
mixed_cp_1001,10,0,0.9853145695506,36.00619169451684,0.02736514258187009,2
mixed_cp_1001,10,1,3.553058824273376,20.979198373203182,0.16936103854243129,0
mixed_cp_1001,10,2,6.6892113778401034,32.48350164281605,0.20592642540184605,3
mixed_cp_1001,10,3,2.447481159054009,50.69069572862321,0.04828265076803837,2
mixed_cp_1001,10,4,3.946184331476404,42.23981399139248,0.09342333591432356,0
mixed_cp_1001,10,5,5.11185566810917,41.6548752680107,0.12271926479719586,0
mixed_cp_1001,10,6,6.1857675368021345,33.44802260444275,0.18493671838108922,0
mixed_cp_1001,10,7,1.5206248061111753,28.948875346444613,0.05252794065099778,3
mixed_cp_1001,10,8,4.001546683666081,115.07245505362077,0.03477414887690946,0
mixed_cp_1001,10,9,8.178595609970257,246.61267004955224,0.033163728401816986,1
mixed_cp_1001,10,10,2.6913252402065444,73.77919904029369,0.036478103248812815,2
mixed_cp_1001,10,11,3.0644631083080855,64.7215384543085,0.04734842807346902,0
mixed_cp_1001,10,12,5.038513587754176,77.75112494028517,0.06480309566741166,0
mixed_cp_1001,10,13,3.124421200876892,90.40051129678201,0.03456198594518471,2
mixed_cp_1001,10,14,2.558032366869518,137.1878162595494,0.018646206613784903,1
mixed_cp_1001,10,15,2.1463037524955912,159.99438330054744,0.013414869373656615,13
mixed_cp_1001,10,16,5.261885017450599,76.13618607187944,0.06911148678347119,0
mixed_cp_1001,10,17,1.6028810949146215,50.96685935819426,0.03144947746631981,2
mixed_cp_1001,10,18,1.7901748828538353,19.130610369802135,0.09357646453767333,1
mixed_cp_1001,10,19,3.1111178948404414,95.66785680216171,0.03251999155028779,5
mixed_cp_1001,10,20,7.30238757797517,72.56166946348468,0.10063698412630875,0
mixed_cp_1001,10,21,2.8546179010286976,31.35420134251728,0.09104419117057039,0
mixed_cp_1001,10,22,5.931083571948001,75.46521371409969,0.07859360995674032,0
mixed_cp_1001,10,23,6.278679956045684,81.40715586140948,0.07712688018157443,0
mixed_cp_1001,10,24,1.222609512705083,40.755305115498004,0.02999878198041417,2
mixed_cp_1001,10,25,1.4365333133741875,24.60037461712577,0.058394773889911905,3
mixed_cp_1001,10,26,3.373286427334465,66.347841768966,0.05084244396495666,0
mixed_cp_1001,10,27,16.13002857065008,84.84298684709798,0.19011622728133365,0
mixed_cp_1001,10,28,1.5327119786295986,52.99094103169685,0.02892403774661782,1
mixed_cp_1001,10,29,7.579225740112816,82.70134024608582,0.09164574259087094,0
mixed_cp_1001,10,30,2.0364965431722504,47.3993612957865,0.04296464103100229,1
mixed_cp_1001,10,31,13.75078474324014,230.7859857777876,0.05958240790443875,0
mixed_cp_1001,10,32,2.170162443849505,40.53300944184724,0.053540619700667424,2
mixed_cp_1001,10,33,6.108404595175364,49.67824813050505,0.12295933985289799,1
mixed_cp_1001,10,34,2.00045209402304,44.44718187399997,0.04500740001231065,2
mixed_cp_1001,10,35,7.144794978202721,117.67097679266209,0.060718413095116476,0
mixed_cp_1001,10,36,11.01251717565946,21.91168460402461,0.5025865137560781,0
mixed_cp_1001,10,37,10.973751885521743,18.123028448762142,0.6055142448485912,0
mixed_cp_1001,10,38,7.794046559934847,21.225900533353197,0.36719509486477225,0
mixed_cp_1001,10,39,6.595256177908848,19.50042995024099,0.3382108084148854,0
mixed_cp_1001,10,40,8.475616304062616,59.68865815386731,0.1419970990504411,0
mixed_cp_1001,10,41,9.02154926600584,49.63434900978957,0.1817602012716332,0
mixed_cp_1001,10,42,4.73079143179669,67.10240817163984,0.07050106785580479,2
mixed_cp_1001,10,43,5.412450148145904,270.11464706529694,0.020037603317518395,0
mixed_cp_1001,10,44,10.389739612289828,227.87310181841264,0.045594409912273,2
mixed_cp_1001,10,45,3.782126148042995,115.45933656338333,0.032757213583734165,3
mixed_cp_1001,10,46,5.01148594253449,77.73798186346575,0.06446637566867067,0
mixed_cp_1001,10,47,6.033423205604138,64.62410401246309,0.09336180822623957,0
mixed_cp_1001,10,48,3.547374896803231,64.71215729498705,0.054817750560110436,0
mixed_cp_1001,10,49,4.344128284861868,79.25981511886809,0.054808710799373696,0
mixed_cp_1001,10,50,2.67147436882947,77.98142706518928,0.03425782868267115,0
mixed_cp_1001,10,51,2.986165570849133,107.13843759573618,0.027872028357523615,0
mixed_cp_1001,10,52,2.395620661822872,75.41345251182442,0.03176648969157395,2
mixed_cp_1001,10,53,7.022588053702229,171.6252078378301,0.04091816197733566,0
mixed_cp_1001,10,54,2.344048568371717,47.01044132785591,0.04986229659117788,2
mixed_cp_1001,10,55,2.12994453545384,50.21260981200524,0.04241851884274287,1
mixed_cp_1001,10,56,3.555252393896092,77.21703647069964,0.046042331542277576,0
mixed_cp_1001,10,57,1.918917971088953,90.99494374631637,0.02108818239877899,2
mixed_cp_1001,10,58,1.5209349073852496,49.08103789621016,0.03098823848431066,3
mixed_cp_1001,10,59,2.6632225426456895,95.14385338143201,0.027991535427610043,3
mixed_cp_1001,10,60,5.2690386431638485,215.8924243070699,0.024405852405777546,0
mixed_cp_1001,10,61,3.69948823243576,120.96300817977622,0.03058363286516114,5
mixed_cp_1001,10,62,7.100111744654316,171.67413962167225,0.04135807385026786,0
mixed_cp_1001,10,63,5.765778377506229,218.70528173527075,0.026363233351105568,2
mixed_cp_1001,11,0,3.703725837367817,91.81174135953533,0.04034043775364203,0
mixed_cp_1001,11,1,1.2785025794049378,33.12724417102974,0.03859368961704962,2
mixed_cp_1001,11,2,3.884845670884756,98.56935773246279,0.03941230581443996,0
mixed_cp_1001,11,3,4.37055724223804,80.17483625652501,0.0545128302882233,0
mixed_cp_1001,11,4,2.68206820231996,35.94197237322323,0.07462217639224777,0
mixed_cp_1001,11,5,4.49729666636761,30.573465730884923,0.1470980328482845,0
mixed_cp_1001,11,6,1.734433961639556,47.42664491939516,0.036570876236076695,13
mixed_cp_1001,11,7,7.915944007195964,60.847244639024915,0.1300953568917894,1
mixed_cp_1001,11,8,1.4443878612057608,36.28887726126367,0.0398024951504235,3
mixed_cp_1001,11,9,4.00102828758287,63.003637299036505,0.0635047190782437,0
mixed_cp_1001,11,10,3.998249229641989,44.893011801976506,0.08906172852198697,0
mixed_cp_1001,11,11,4.1457033027851855,63.65925860156255,0.06512333624135903,0
mixed_cp_1001,11,12,2.0055842758768985,52.25648764932749,0.03837962262859259,0
mixed_cp_1001,11,13,9.242307269675948,27.783979701696886,0.3326487914584634,0
mixed_cp_1001,11,14,6.612456696276192,57.735945984468884,0.11452928645275787,0
mixed_cp_1001,11,15,5.370332357949628,46.94895423779761,0.11438662362421881,0
mixed_cp_1001,11,16,2.6535022114694224,71.60798254559091,0.03705595545552491,1
mixed_cp_1001,11,17,6.647421977003331,75.74028964427985,0.0877659962514464,2
mixed_cp_1001,11,18,4.720488769772701,48.4747315397212,0.09738040046502651,0
mixed_cp_1001,11,19,3.052574256438952,58.20313888051383,0.052446900891473074,3
mixed_cp_1001,11,20,5.698565198205045,248.88654261895016,0.02289623672795219,3
mixed_cp_1001,11,21,2.9254159641206545,42.17172952557459,0.06936912469635773,0
mixed_cp_1001,11,22,3.152478634085989,90.63254686170453,0.03478307454932642,1
mixed_cp_1001,11,23,2.4228606854959125,84.1834747960352,0.02878071606531051,2
mixed_cp_1001,11,24,1.8058947620447894,62.78945502006893,0.028761115404928816,2
mixed_cp_1001,11,25,3.5890193832257307,66.30364068467503,0.054130049966551415,0
mixed_cp_1001,11,26,2.6804903350790115,84.33298862981383,0.03178460029259998,2
mixed_cp_1001,11,27,3.9188389109481,82.77521996962557,0.04734314100749139,2
mixed_cp_1001,11,28,2.376412278920765,65.17767074238682,0.036460527844167326,1
mixed_cp_1001,11,29,2.915413464791973,66.26202872384758,0.04399825240700367,2
mixed_cp_1001,11,30,2.886937904261444,97.48508444324366,0.0296141499055913,1
mixed_cp_1001,11,31,3.322033575109204,75.09095245478109,0.044240131021239804,3
mixed_cp_1001,11,32,1.9074297857274258,49.0942817125443,0.038852381971810165,5
mixed_cp_1001,11,33,6.713465651144709,57.4990943763454,0.11675776329977412,0
mixed_cp_1001,11,34,6.666895254491849,45.284397877544194,0.1472227868088284,0
mixed_cp_1001,11,35,9.079249162209786,28.79369523042739,0.3153207356524146,0
mixed_cp_1001,11,36,3.6329574473966204,67.23885382536365,0.05403062724466321,0
mixed_cp_1001,11,37,7.967674904045077,42.30718041387268,0.18832914002069603,0
mixed_cp_1001,11,38,5.431798971410099,58.31254458692686,0.0931497503648273,0
mixed_cp_1001,11,39,5.623683688320774,60.677053048654805,0.09268221519939901,0
mixed_cp_1001,11,40,4.151379529523097,39.621457674010514,0.10477604240810585,0
mixed_cp_1001,11,41,6.402482319226422,280.1946106852172,0.022850126572988405,0
mixed_cp_1001,11,42,11.041377861375917,295.3510042959448,0.037383918458974805,1
mixed_cp_1001,11,43,3.508235648846598,79.7239738593061,0.04400477646834065,0
mixed_cp_1001,11,44,4.431116233301835,66.2823397303857,0.06685213966987477,0
mixed_cp_1001,11,45,5.061749186890058,80.02180973860115,0.0632546202519631,0
mixed_cp_1001,11,46,8.5987880676552,187.08705850021465,0.04596142638933699,2
mixed_cp_1001,11,47,6.0972695631117935,137.70113372528238,0.04427900771881819,2
mixed_cp_1001,11,48,5.994175874630865,53.09538887091098,0.11289447166879786,0
mixed_cp_1001,11,49,3.9222484612519284,51.64368821444252,0.0759482638994603,0
mixed_cp_1001,11,50,7.734163970812776,105.23433643198214,0.07349468085268658,0
mixed_cp_1001,11,51,2.1797055204574076,21.170998130756658,0.10295714481646427,0
mixed_cp_1001,11,52,1.185631770798393,31.34267492581596,0.0378280339379019,0
mixed_cp_1001,11,53,4.44963103204945,55.21164320948334,0.08059225868657295,0
mixed_cp_1001,11,54,5.39400236207328,89.41562981433108,0.06032505025434331,0
mixed_cp_1001,11,55,9.544324213488347,116.72265478335223,0.08176925234611458,0
mixed_cp_1001,11,56,7.624579378728721,31.40445311618611,0.24278656757754366,0
mixed_cp_1001,11,57,5.2038790394711585,80.46863053990982,0.06466966076787158,0
mixed_cp_1001,11,58,3.323085295759526,99.52124459847704,0.03339071279872618,2
mixed_cp_1001,11,59,4.337364309557853,84.31827364526355,0.05144038322944837,1
mixed_cp_1001,11,60,3.8364510498873576,173.68934756884371,0.022088004265009616,2
mixed_cp_1001,11,61,4.092685221654461,80.09702097128847,0.05109659725199421,2
mixed_cp_1001,11,62,24.036042299121448,249.33794505931476,0.09639945614135681,0
mixed_cp_1001,11,63,5.42062711699868,40.50478197878336,0.13382684345364543,1
mixed_cp_1001,12,0,2.9055272416131963,52.6022258618218,0.055235823085615865,3
mixed_cp_1001,12,1,4.2305760381654025,42.1996267351279,0.10025150375663815,0
mixed_cp_1001,12,2,10.099176878960305,101.421845961979,0.09957595213506844,2
mixed_cp_1001,12,3,1.9925638594574018,22.721318730725407,0.0876957839935106,0
mixed_cp_1001,12,4,7.438909151349885,71.37789630755273,0.10421866622822772,0
mixed_cp_1001,12,5,9.635769481230456,241.30454385818976,0.039931985229806614,3
mixed_cp_1001,12,6,1.9788844681526525,28.11690674457155,0.07038058937741115,0
mixed_cp_1001,12,7,3.440627571802834,39.945192755208986,0.08613370807565235,0
mixed_cp_1001,12,8,6.334856792441202,51.21961860658133,0.12368028042339271,0
mixed_cp_1001,12,9,5.330455720088363,37.08277477402872,0.14374479128302986,0
mixed_cp_1001,12,10,7.349314977426195,149.30713556519387,0.04922279802372319,3
mixed_cp_1001,12,11,7.468566357300244,55.57686776200454,0.13438264260020377,5
mixed_cp_1001,12,12,5.0254826259832495,161.89746051684276,0.03104114548764297,3
mixed_cp_1001,12,13,5.197498917448674,45.12072138905335,0.11519095345646732,1
mixed_cp_1001,12,14,6.397332033994885,89.90725452016963,0.07115479243735241,0
mixed_cp_1001,12,15,10.712271707879713,50.22012768784631,0.21330634152234887,2
mixed_cp_1001,12,16,6.013894945976687,42.94450943320789,0.14003873895288452,0
mixed_cp_1001,12,17,5.597282925445239,37.590049486923725,0.14890331355888053,1
mixed_cp_1001,12,18,7.633080787483997,79.61644719408126,0.09587316511218859,0
mixed_cp_1001,12,19,5.76920802370096,127.36456279631948,0.04529680703200809,3
mixed_cp_1001,12,20,6.910428708195542,49.448539277847225,0.13974990584385957,0
mixed_cp_1001,12,21,11.460068519646462,56.83534204795587,0.20163630773923763,0
mixed_cp_1001,12,22,6.7730785504177495,80.40541885502066,0.08423659309119844,0
mixed_cp_1001,12,23,2.8796317329381615,80.44414378115103,0.0357966608579019,0
mixed_cp_1001,12,24,12.045270392317864,49.930837372854626,0.24123910244826757,0
mixed_cp_1001,12,25,5.163098012421551,58.86008064832754,0.08771816068804955,0
mixed_cp_1001,12,26,8.751495073594155,44.903199027045886,0.1948969174406259,0
mixed_cp_1001,12,27,6.52812972261251,31.744263442992445,0.20564754114821324,0
mixed_cp_1001,12,28,5.28079095155944,82.66761750927482,0.06387980095068019,0
mixed_cp_1001,12,29,11.753147353804069,51.14626863517019,0.22979481529024273,0
mixed_cp_1001,12,30,5.365366841676824,40.942773151376954,0.13104551618522647,0
mixed_cp_1001,12,31,6.796196251373507,73.66236182904868,0.09226144916647831,0
mixed_cp_1001,12,32,7.798652205074486,64.80991042599585,0.12033116777687097,0
mixed_cp_1001,12,33,7.006035891147161,58.884795423691834,0.11897869120096047,0
mixed_cp_1001,12,34,16.708620295603858,176.55337278262064,0.09463778591291008,0
mixed_cp_1001,12,35,5.351643195627053,41.21106340927961,0.12985938126561444,1
mixed_cp_1001,12,36,6.367933109946439,38.4072098041138,0.16580046148690472,0
mixed_cp_1001,12,37,5.99712616469034,50.70344741058715,0.11827846963001785,0
mixed_cp_1001,12,38,8.582251034735469,58.70568505233424,0.14619114021213903,0
mixed_cp_1001,12,39,5.77664153930127,48.47610006692224,0.11916473337018652,0
mixed_cp_1001,12,40,3.5604100058872707,59.559095192656486,0.0597794508860548,2
mixed_cp_1001,12,41,16.858471303243164,185.05702911789206,0.0910987892953979,0
mixed_cp_1001,12,42,7.548376611904806,22.907695677923062,0.3295126981793912,0
mixed_cp_1001,12,43,11.868197174580805,38.79833699212572,0.30589448143072484,0
mixed_cp_1001,12,44,8.28513045920832,45.35154537758063,0.18268683878860817,0
mixed_cp_1001,12,45,4.988897090886204,47.8829619419241,0.10418940033277593,0
mixed_cp_1001,12,46,11.002557268131476,58.56459955720997,0.1878704430888051,0
mixed_cp_1001,12,47,5.714067887542803,35.36534655071634,0.1615725122147025,0
mixed_cp_1001,12,48,5.472631303067002,17.10884846974011,0.31987139945428095,0
mixed_cp_1001,12,49,6.159870887547203,63.94234982596698,0.09633475942489808,0
mixed_cp_1001,12,50,12.700900052262494,182.26976434562542,0.06968188112746261,0
mixed_cp_1001,12,51,1.6372697381650136,39.067159071597644,0.0419091067042889,0
mixed_cp_1001,12,52,6.740171289511073,47.54957682529417,0.1417503948410665,0
mixed_cp_1001,12,53,8.56181419632736,90.7220967565562,0.09437407756681533,0
mixed_cp_1001,12,54,7.899870938434736,69.85602006525659,0.11308790467958245,0
mixed_cp_1001,12,55,3.8200991021119597,27.36138840617953,0.13961642024164228,0
mixed_cp_1001,12,56,5.208854741072289,44.32990035459446,0.117502062928333,0
mixed_cp_1001,12,57,7.778579131255114,52.14157734717555,0.14918189143881877,2
mixed_cp_1001,12,58,5.029507808781625,54.18627135443079,0.0928188576749222,0
mixed_cp_1001,12,59,3.4941052977693334,47.24059229521418,0.07396404507238391,0
mixed_cp_1001,12,60,4.613760694363244,40.382961034331274,0.11425018315127734,0
mixed_cp_1001,12,61,4.879837212134713,36.3970057920613,0.13407249046840755,0
mixed_cp_1001,12,62,2.3072062105613527,49.33270327780116,0.04676829075368255,0
mixed_cp_1001,12,63,2.1047885970076883,78.89400668386868,0.026678688096570594,0
mixed_cp_1001,13,0,1.7001219635060265,34.324776534742,0.049530459776926425,2
mixed_cp_1001,13,1,2.764353307669066,28.121062331704387,0.09830188045749841,2
mixed_cp_1001,13,2,11.859535570670916,43.100422252261,0.2751605425408281,0
mixed_cp_1001,13,3,10.220686115376678,94.74314101230013,0.10787784747446537,0
mixed_cp_1001,13,4,1.8348021303112367,44.340270345355314,0.04138003931912052,0
mixed_cp_1001,13,5,14.853805413930067,182.64751487996634,0.08132497955798523,3
mixed_cp_1001,13,6,5.508708080484063,58.88277955463334,0.09355380507085109,3
mixed_cp_1001,13,7,5.291291905655123,98.75273079924015,0.053581221125034814,3
mixed_cp_1001,13,8,8.5118539906372,93.38170989581934,0.09115119010064594,0
mixed_cp_1001,13,9,24.12411029146002,106.89086534504366,0.22568916636222752,4
mixed_cp_1001,13,10,11.037104472468688,101.82372393612441,0.10839423314936343,0
mixed_cp_1001,13,11,14.70384442913732,291.77843944213987,0.050393868913858234,3
mixed_cp_1001,13,12,3.7796707973154398,149.2967651289241,0.025316494929086598,0
mixed_cp_1001,13,13,5.7586717114472314,112.1599071519464,0.05134340654941686,0
mixed_cp_1001,13,14,7.20957176049836,126.74485606005501,0.05688255906087642,0
mixed_cp_1001,13,15,4.818164820578347,91.50656070345632,0.052653763659553196,3
mixed_cp_1001,13,16,10.539286170509765,117.67256401311093,0.08956451538980226,0
mixed_cp_1001,13,17,10.598666827895181,85.40576449426425,0.1240977923522595,0
mixed_cp_1001,13,18,8.606082682437089,100.39704946801207,0.08572047413782921,0
mixed_cp_1001,13,19,4.918126660703626,75.15095988561896,0.06544329797236255,0
mixed_cp_1001,13,20,7.019200928379517,102.96056210280297,0.06817368500155487,0
mixed_cp_1001,13,21,2.951965722225362,75.124036747418,0.039294556709598284,0
mixed_cp_1001,13,22,7.643684304920193,92.75128721780563,0.08241054689592299,0
mixed_cp_1001,13,23,5.040687172159822,95.87499811290486,0.05257561691134303,0
mixed_cp_1001,13,24,8.32970909713335,44.46001077059558,0.18735283579018724,0
mixed_cp_1001,13,25,1.581924188887422,20.220612716946817,0.07823324698571658,0
mixed_cp_1001,13,26,4.542516913963855,28.90865684642641,0.15713344753771863,0
mixed_cp_1001,13,27,6.303521632003675,62.16180736901135,0.10140505720150732,0
mixed_cp_1001,13,28,3.1688542344571204,69.45539413187579,0.04562430714078706,1
mixed_cp_1001,13,29,8.814096973755838,84.550388722471,0.10424667594003989,0
mixed_cp_1001,13,30,12.714602791405827,86.37709914273807,0.14719877047960314,0
mixed_cp_1001,13,31,8.360043760709399,49.68163086828414,0.168272329523029,0
mixed_cp_1001,13,32,14.09274371801804,73.55630510677945,0.19159124017390533,0
mixed_cp_1001,13,33,7.380491945032801,59.36890342302601,0.12431578687657391,2
mixed_cp_1001,13,34,9.318433133081449,43.305554574508605,0.2151787045481379,0
mixed_cp_1001,13,35,6.9330123662386285,49.3569784640204,0.14046670971345146,0
mixed_cp_1001,13,36,2.993692961510347,72.30646743215313,0.04140283805621399,6
mixed_cp_1001,13,37,12.274839244672275,241.32795240395396,0.050863727646956,0
mixed_cp_1001,13,38,10.33217267972277,141.0473468170124,0.07325322250213755,0
mixed_cp_1001,13,39,6.292145770504513,145.86880369771373,0.0431356507423193,2
mixed_cp_1001,13,40,11.835688083837262,121.41522865896023,0.09748108383572038,0
mixed_cp_1001,13,41,7.161176811123986,125.00424492660211,0.05728746904018152,0
mixed_cp_1001,13,42,7.431448669775167,114.25336106446471,0.06504358909478515,0
mixed_cp_1001,13,43,8.280487264198628,85.92633799630362,0.09636727756924586,0
mixed_cp_1001,13,44,12.186409972909322,67.00474611701286,0.18187383251371098,0
mixed_cp_1001,13,45,7.739431078379824,52.49234182308106,0.1474392417938719,0
mixed_cp_1001,13,46,8.757992630545182,76.85088121615294,0.11396086150153836,0
mixed_cp_1001,13,47,12.087753537158946,100.22762527962142,0.12060301242731991,0
mixed_cp_1001,13,48,10.912608348502156,91.73719433039979,0.1189551133338503,0
mixed_cp_1001,13,49,5.177099177615083,71.95587268596384,0.0719482508426996,0
mixed_cp_1001,13,50,7.517035965752264,95.73723998678335,0.07851736656279208,2
mixed_cp_1001,13,51,13.976795727689137,71.61908588572652,0.1951546233079564,0
mixed_cp_1001,13,52,16.644508333478914,100.2182506949152,0.166082606891116,3
mixed_cp_1001,13,53,16.864880586955547,74.21751022594198,0.2272358710985241,0
mixed_cp_1001,13,54,11.849346904527454,73.50148934081918,0.1612123374750027,0
mixed_cp_1001,13,55,4.623375738880817,82.09709315626493,0.05631594933672754,0
mixed_cp_1001,13,56,12.241990645311086,78.58118554716454,0.15578780798570957,0
mixed_cp_1001,13,57,8.956019132125135,66.91387060345603,0.13384398557961413,3
mixed_cp_1001,13,58,4.908121877460005,56.02494377760149,0.08760601165337088,3
mixed_cp_1001,13,59,5.981768643758013,52.58291438113505,0.11375878865139638,0
mixed_cp_1001,13,60,12.008198021201741,124.75268900606667,0.0962560255564334,6
mixed_cp_1001,13,61,5.90166721217854,64.44481299129646,0.09157707095799293,0
mixed_cp_1001,13,62,11.774030733686107,96.21144531806216,0.12237661220827457,0
mixed_cp_1001,13,63,11.771809895848643,84.89801050467817,0.13865825389630274,0
mixed_cp_1001,14,0,1.811137950761081,34.41867324379698,0.05262079505308906,0
mixed_cp_1001,14,1,2.750980735363133,56.506185554447825,0.04868459458677073,0
mixed_cp_1001,14,2,2.942923520066046,58.28796050253191,0.050489389141316954,0
mixed_cp_1001,14,3,6.056354376165828,54.47734531218412,0.11117198059963644,0
mixed_cp_1001,14,4,5.368298481109663,35.00046266134445,0.15337792911630768,0
mixed_cp_1001,14,5,10.359703060186892,46.09626034989738,0.2247406401636647,0
mixed_cp_1001,14,6,9.681573655085929,24.5950478578945,0.3936391468324931,0
mixed_cp_1001,14,7,9.064896993168043,41.73618243409572,0.2171951641116706,0
mixed_cp_1001,14,8,6.130970182456812,54.26990876238817,0.11297181665258094,0
mixed_cp_1001,14,9,4.621711749056094,50.65339047198142,0.09124190317748943,0
mixed_cp_1001,14,10,4.511149409819536,49.96725368670579,0.09028211632571205,0
mixed_cp_1001,14,11,6.8624497034054635,65.89007203552532,0.10414998028391138,0
mixed_cp_1001,14,12,8.96186296687524,35.03915999313479,0.2557670608722108,0
mixed_cp_1001,14,13,5.218684291543237,45.46824064899368,0.11477647291942754,0
mixed_cp_1001,14,14,11.350899919525995,210.81060992812434,0.053844063747057476,0
mixed_cp_1001,14,15,11.186483479363122,263.89692264367784,0.04238959426771139,3
mixed_cp_1001,14,16,8.685422245552635,67.5438321933813,0.1285894205807844,0
mixed_cp_1001,14,17,8.274681866012449,26.99438799987143,0.3065334122800583,0
mixed_cp_1001,14,18,7.7755870587318965,45.523959990703425,0.17080208005454206,0
mixed_cp_1001,14,19,20.537507126856685,67.51749743267598,0.30418051479670644,0
mixed_cp_1001,14,20,2.7684650424390043,20.70951364140384,0.13368083337814868,0
mixed_cp_1001,14,21,11.607428512322445,59.99875235146619,0.19346116473101618,0
mixed_cp_1001,14,22,20.87163659606669,67.22656419887814,0.31046710247338494,0
mixed_cp_1001,14,23,16.217291698722036,63.877424613104544,0.25388142676301695,0
mixed_cp_1001,14,24,12.133043359883134,70.58641777581832,0.17188920676521005,0
mixed_cp_1001,14,25,10.52838074438806,45.61408845654438,0.23081423087996675,0
mixed_cp_1001,14,26,10.090862106808636,71.79721115275423,0.14054671406859426,0
mixed_cp_1001,14,27,5.131993051300993,21.978427935544637,0.23350137081466468,0
mixed_cp_1001,14,28,6.239718387181111,36.64947123110451,0.17025398123303465,0
mixed_cp_1001,14,29,12.471804822003163,55.520832257026235,0.22463288670217726,0
mixed_cp_1001,14,30,2.8714090457004575,40.65412008418731,0.07063021016699636,0
mixed_cp_1001,14,31,6.409775004240787,69.64921021001787,0.09202939968612664,0
mixed_cp_1001,14,32,7.266502559726609,40.60269453249927,0.1789660179796773,0
mixed_cp_1001,14,33,12.478053833107078,45.500761784413584,0.27423834994739515,0
mixed_cp_1001,14,34,1.791052827186084,33.59094728567511,0.05331950932952344,0
mixed_cp_1001,14,35,10.462315372220273,258.38380918401,0.04049137368653566,3
mixed_cp_1001,14,36,6.279734086728635,85.82846729615882,0.07316609843514797,0
mixed_cp_1001,14,37,9.618015468380179,54.171170325079174,0.17754860031014333,0
mixed_cp_1001,14,38,6.0281906338787365,70.38557729488167,0.0856452538369263,0
mixed_cp_1001,14,39,5.802975459238673,68.27400900356287,0.0849953817555352,0
mixed_cp_1001,14,40,3.7431682220945146,52.84341048041955,0.07083509917440885,0
mixed_cp_1001,14,41,12.584596092661556,44.025458279970216,0.28584815659686236,0
mixed_cp_1001,14,42,14.591192717466745,69.22337908236553,0.2107841730769224,0
mixed_cp_1001,14,43,15.364010743208672,72.17819524544112,0.21286221816662956,0
mixed_cp_1001,14,44,3.328161317002905,33.94688803291659,0.09804024786530519,0
mixed_cp_1001,14,45,4.498115360053189,40.60322343904655,0.11078222316032982,0
mixed_cp_1001,14,46,7.293615757490054,65.0571493040055,0.11211090303707778,0
mixed_cp_1001,14,47,4.43387624936181,52.38678097865962,0.08463731053007441,0
mixed_cp_1001,14,48,6.137941758914926,59.10727810058402,0.10384409426652788,0
mixed_cp_1001,14,49,7.231034466395305,44.615162702647254,0.16207571660309666,0
mixed_cp_1001,14,50,7.470782793132441,63.758065906137276,0.11717392438049651,0
mixed_cp_1001,14,51,5.153331867938462,67.40898144794076,0.07644874254506168,0
mixed_cp_1001,14,52,7.175121509593317,61.966690756376636,0.1157899739684738,0
mixed_cp_1001,14,53,4.090495548233764,60.30243275496933,0.06783301040034209,0
mixed_cp_1001,14,54,12.515711572701921,59.01069316029238,0.2120922650189034,0
mixed_cp_1001,14,55,10.003780228714708,90.80907001761878,0.1101627868975398,0
mixed_cp_1001,14,56,7.232697762308305,83.44501180121406,0.08667621474532615,0
mixed_cp_1001,14,57,7.677470798950917,57.5576979112498,0.13338738479063347,0
mixed_cp_1001,14,58,17.46701689150457,55.8440903102957,0.3127818323201204,0
mixed_cp_1001,14,59,7.159582950968201,62.15432802837769,0.11519041679123879,0
mixed_cp_1001,14,60,12.155590003149793,58.535510048589664,0.20766181063528064,0
mixed_cp_1001,14,61,8.754860650060936,45.93461284694566,0.1905939792990565,0
mixed_cp_1001,14,62,3.641393480980941,62.00846296184678,0.05872413711046919,0
mixed_cp_1001,14,63,12.322077947217213,66.45225375806535,0.18542754008131251,0
mixed_cp_1001,15,0,5.217560793860845,100.41865921394296,0.051958080646593574,0
mixed_cp_1001,15,1,13.452415325145644,313.28583089863486,0.04293975021646682,1
mixed_cp_1001,15,2,1.5366761110807434,35.91526736236572,0.0427861526290897,3
mixed_cp_1001,15,3,2.8262818954755544,72.65516030071007,0.03889994714453796,0
mixed_cp_1001,15,4,2.5379759835576277,68.44580457375662,0.037080081085506506,3
mixed_cp_1001,15,5,1.5871610975687351,54.93470126782982,0.028891776253240294,3
mixed_cp_1001,15,6,3.234503697730968,36.70016251407408,0.08813322547251864,2
mixed_cp_1001,15,7,3.531916263304377,79.64488465507056,0.04434580172475043,0
mixed_cp_1001,15,8,3.8206841441032164,74.53981471514682,0.051256957891617036,6
mixed_cp_1001,15,9,3.6357870112993305,66.12484162296892,0.05498367817695332,0
mixed_cp_1001,15,10,2.4508434616406434,92.05926949149686,0.026622451765892164,2
mixed_cp_1001,15,11,4.503551671261286,76.17485292751252,0.05912123881022568,0
mixed_cp_1001,15,12,7.35408020534752,20.514501070502284,0.3584820405855213,0
mixed_cp_1001,15,13,6.629041723413669,53.18098332972647,0.12465060456503907,0
mixed_cp_1001,15,14,2.8434070932577846,63.4570354586327,0.044808382123545404,3
mixed_cp_1001,15,15,2.9239764483643214,57.58481059457399,0.05077687011859056,5
mixed_cp_1001,15,16,3.1571648981499596,98.22598829972893,0.03214184914603371,0
mixed_cp_1001,15,17,4.227149683248669,119.56034886284311,0.03535578244337475,0
mixed_cp_1001,15,18,4.843092846901553,134.02361245495345,0.03613611630211326,3
mixed_cp_1001,15,19,5.257424549702301,72.23119793696124,0.07278606336130053,0
mixed_cp_1001,15,20,3.8583167496812765,91.39171657346078,0.04221735726541427,0
mixed_cp_1001,15,21,10.227787171456724,97.88231905238437,0.1044906503081833,0
mixed_cp_1001,15,22,3.97959861123215,43.822739493587264,0.09081126961071201,0
mixed_cp_1001,15,23,11.27514070296967,56.077905532957395,0.20106208667767,0
mixed_cp_1001,15,24,10.599467828692887,56.145577265162395,0.188785445710783,0
mixed_cp_1001,15,25,4.985035585367092,38.27195281659238,0.13025297165411126,0
mixed_cp_1001,15,26,10.592971582692162,59.23951898030717,0.1788159621318592,2
mixed_cp_1001,15,27,11.10698039844077,67.71499476539549,0.1640254191397618,0
mixed_cp_1001,15,28,3.5628474434499093,79.29217030056037,0.04493315582036389,1
mixed_cp_1001,15,29,7.059596453494371,234.29005328306746,0.03013186584137663,1
mixed_cp_1001,15,30,4.017254156765557,34.49568731214081,0.11645670719399404,0
mixed_cp_1001,15,31,4.862793972593181,55.21337233061218,0.08807275787240915,0
mixed_cp_1001,15,32,7.065164126641665,83.6485623581787,0.08446246925785776,0
mixed_cp_1001,15,33,2.540005399048636,50.370559730600505,0.050426388204409076,2
mixed_cp_1001,15,34,4.221432789285825,68.05365739960862,0.06203094661757448,0
mixed_cp_1001,15,35,2.5250073728184685,129.8050854528683,0.019452299299439146,0
mixed_cp_1001,15,36,4.799949592509198,130.60574524305298,0.03675144292907368,0
mixed_cp_1001,15,37,2.931910051391963,32.889513687310995,0.08914422022977841,3
mixed_cp_1001,15,38,7.2062624156214765,93.80817517781561,0.07681913012338035,0
mixed_cp_1001,15,39,7.447239374171977,48.0951747897365,0.15484379476174015,0
mixed_cp_1001,15,40,11.382321177203677,52.62901367413315,0.21627464363441073,0
mixed_cp_1001,15,41,7.373284168634778,31.4615971160557,0.2343582285869395,0
mixed_cp_1001,15,42,11.883290869968157,115.03028248531034,0.10330576099807182,0
mixed_cp_1001,15,43,6.766137418796206,118.12846447754922,0.05727779031684728,0
mixed_cp_1001,15,44,4.907244427143849,97.3093155782334,0.050429338629954606,1
mixed_cp_1001,15,45,2.699704986631611,51.42462502718558,0.05249829211597391,1
mixed_cp_1001,15,46,4.908508462734629,135.08360773795775,0.03633681795245216,0
mixed_cp_1001,15,47,4.334042750705981,128.64914580585034,0.03368885757894313,0
mixed_cp_1001,15,48,8.14578547712014,37.35807322712501,0.21804618850646815,0
mixed_cp_1001,15,49,4.884127519067244,20.874429351353086,0.23397657664594568,0
mixed_cp_1001,15,50,9.49741211655931,92.2485593576033,0.10295458468616742,0
mixed_cp_1001,15,51,5.358025717620836,56.20635025539278,0.0953277644478749,3
mixed_cp_1001,15,52,10.860498700203586,75.22175262263039,0.1443797614592699,3
mixed_cp_1001,15,53,12.412652653265962,93.63102323174343,0.1325698708060016,0
mixed_cp_1001,15,54,12.344859965242962,116.41953846408587,0.10603769889580188,0
mixed_cp_1001,15,55,14.708234905373649,59.884513565558024,0.2456099921271289,0
mixed_cp_1001,15,56,7.803567336608946,119.55560592481915,0.06527144650595564,0
mixed_cp_1001,15,57,5.781585346996518,83.11685425219044,0.06955972286263652,0
mixed_cp_1001,15,58,5.66012301310037,58.281128383355245,0.09711759483910179,0
mixed_cp_1001,15,59,10.301352360339493,72.84636893476102,0.14141202246559564,0
mixed_cp_1001,15,60,3.345893634744539,49.735069817021106,0.06727433272043895,0
mixed_cp_1001,15,61,6.122634788065778,210.2234739684729,0.029124410668734294,3
mixed_cp_1001,15,62,6.627406783261394,100.91714534027535,0.06567176232457737,0
mixed_cp_1001,15,63,5.914580560679331,89.92331406126291,0.06577360523712292,0
mixed_cp_1001,16,0,1.8070849601164272,65.35998832672504,0.027648183642308397,1
mixed_cp_1001,16,1,3.418789302938179,77.45866424410586,0.04413695144760166,1
mixed_cp_1001,16,2,3.182552078710437,38.07798765843977,0.08357983902032813,3
mixed_cp_1001,16,3,5.764542153470053,83.64861863477847,0.06891377583458787,3
mixed_cp_1001,16,4,6.46558627715791,186.48729108096262,0.0346703855242924,3
mixed_cp_1001,16,5,4.827467963710928,87.13093430262623,0.05540475380355726,2
mixed_cp_1001,16,6,2.6092612811808493,84.91325188603358,0.03072855206019989,0
mixed_cp_1001,16,7,1.9542837122647365,65.50291919131422,0.029835062870356432,0
mixed_cp_1001,16,8,6.218570458405629,65.95367187152188,0.09428694842827612,0
mixed_cp_1001,16,9,6.471150141294218,58.34037318872953,0.1109206161633595,0
mixed_cp_1001,16,10,4.791237212647507,72.63764065303465,0.06596080447510157,0
mixed_cp_1001,16,11,4.626561042291215,83.43224090024091,0.055452915951558185,3
mixed_cp_1001,16,12,4.490494294383486,56.64153380850443,0.0792791789425247,0
mixed_cp_1001,16,13,2.572562530861898,97.9500758273935,0.026264017757324027,6
mixed_cp_1001,16,14,2.1231543199311775,96.35611000703076,0.022034454481155978,2
mixed_cp_1001,16,15,4.0795101930667474,67.05390683655031,0.06083926180484764,0
mixed_cp_1001,16,16,4.313735922218437,88.28517333395654,0.04886138588527043,0
mixed_cp_1001,16,17,7.231546024275989,226.85007077951545,0.03187808581864898,0
mixed_cp_1001,16,18,3.0907500601667866,102.21152319626215,0.030238763336224446,2
mixed_cp_1001,16,19,1.8533939930461174,73.06631763349165,0.02536591487123981,0
mixed_cp_1001,16,20,5.296096463245001,40.9828349024289,0.1292271868418532,0
mixed_cp_1001,16,21,3.4010717157642034,66.4759410071546,0.051162445604164615,0
mixed_cp_1001,16,22,2.1171648285671765,80.58981748729273,0.026270872606219853,0
mixed_cp_1001,16,23,3.818153638404131,71.47185919726316,0.05342177580501975,0
mixed_cp_1001,16,24,2.361560110189894,57.06295457386993,0.04138517060368429,0
mixed_cp_1001,16,25,1.1770074187189683,16.75751602377605,0.07023758276877051,1
mixed_cp_1001,16,26,5.419915915615965,74.7382150812936,0.07251866946140821,0
mixed_cp_1001,16,27,5.720254072167326,70.7486651045655,0.08085317318302576,0
mixed_cp_1001,16,28,5.785650696022158,79.59037662277828,0.07269284229478491,0
mixed_cp_1001,16,29,4.34768287529816,52.32733437948566,0.08308626699323365,0
mixed_cp_1001,16,30,4.998614744527009,76.98020576767206,0.06493376699476404,0
mixed_cp_1001,16,31,2.3961047317290154,22.159015100174187,0.10813227577565847,0
mixed_cp_1001,16,32,7.213541107078237,50.0588379626872,0.14410124966254825,0
mixed_cp_1001,16,33,2.059079199975422,26.74138094318076,0.07699973327295581,0
mixed_cp_1001,16,34,5.48370867121042,57.59648183420071,0.09520909084336122,0
mixed_cp_1001,16,35,8.175358687922584,29.052000085177895,0.28140433236793183,0
mixed_cp_1001,16,36,5.498472464051751,248.0235738050205,0.022169152632137628,3
mixed_cp_1001,16,37,5.843823802215591,104.4046499611818,0.05597283075407423,0
mixed_cp_1001,16,38,7.971644613991421,105.12320481252954,0.07583144585638896,0
mixed_cp_1001,16,39,2.331115911319047,35.03760193783236,0.06653183386965734,0
mixed_cp_1001,16,40,8.399018592571744,78.21756907708975,0.10738020487818832,0
mixed_cp_1001,16,41,4.860654688074787,90.64010506108166,0.05362587217655176,0
mixed_cp_1001,16,42,6.389803027962879,101.48748069335474,0.06296149026764908,0
mixed_cp_1001,16,43,3.31131482094077,72.05738676573169,0.045953856635216346,0
mixed_cp_1001,16,44,5.200640989645462,101.65017225044484,0.05116214635457938,0
mixed_cp_1001,16,45,4.590032813823072,91.23433596361788,0.05031036577778644,1
mixed_cp_1001,16,46,5.079029896127776,66.55573677715674,0.07631242838064413,0
mixed_cp_1001,16,47,2.4456740387171623,60.257300176903335,0.04058718249136875,0
mixed_cp_1001,16,48,6.674387904329917,61.60365875356728,0.10834401786149468,0
mixed_cp_1001,16,49,7.3496331326088225,56.17114121344133,0.1308435786390986,0
mixed_cp_1001,16,50,4.267729117268348,40.88516434914775,0.10438331813523231,0
mixed_cp_1001,16,51,3.2827371402216268,126.92134640479942,0.025864342234061685,0
mixed_cp_1001,16,52,3.526885880154984,97.30017458404113,0.0362474774092898,0
mixed_cp_1001,16,53,4.63596388543305,74.90178695248512,0.06189390232270334,0
mixed_cp_1001,16,54,2.429307137271077,70.70573086627401,0.03435799485427332,0
mixed_cp_1001,16,55,4.214744298570831,77.50256380299523,0.05438199837213571,3
mixed_cp_1001,16,56,6.529618997890065,58.39967767296837,0.1118091615925553,0
mixed_cp_1001,16,57,3.0268397524209485,56.751650289934105,0.05333483232570968,0
mixed_cp_1001,16,58,3.8410440160199517,61.55943872982463,0.06239569585547607,2
mixed_cp_1001,16,59,5.0393441626493205,88.971344510775,0.056640081032371316,0
mixed_cp_1001,16,60,4.1430109884227555,93.0030760911696,0.04454703180313542,0
mixed_cp_1001,16,61,3.0147656167604113,56.021094882311765,0.05381482855866676,0
mixed_cp_1001,16,62,5.104252963176728,75.55656678202484,0.06755538506536597,0
mixed_cp_1001,16,63,7.388960044304113,57.971358218719786,0.12745880502620538,0
mixed_cp_1001,17,0,1.1439083072506346,38.301162087304,0.029866151440606427,3
mixed_cp_1001,17,1,2.272949448543507,60.79604547190047,0.03738646865763743,3
mixed_cp_1001,17,2,2.682256596854869,29.71601798689781,0.09026298873683249,3
mixed_cp_1001,17,3,2.472810827090877,85.37379984950388,0.028964516414285463,2
mixed_cp_1001,17,4,3.081151437577561,63.17241978689868,0.0487736807925246,0
mixed_cp_1001,17,5,5.811429239169426,18.977631413185343,0.30622521391851576,0
mixed_cp_1001,17,6,3.3541622941762466,75.29725851142506,0.044545609767018414,2
mixed_cp_1001,17,7,5.561458418374189,259.36933330953786,0.021442235854988317,0
mixed_cp_1001,17,8,3.048193164998011,39.7599908438446,0.07666483568795676,0
mixed_cp_1001,17,9,2.2568769101273403,91.98810331883429,0.024534443354103284,1
mixed_cp_1001,17,10,2.6738414938955666,51.84772654800088,0.05157104605965916,2
mixed_cp_1001,17,11,2.0001666121590165,69.83021963020306,0.02864328112887535,2
mixed_cp_1001,17,12,3.546456227071621,70.77538084083312,0.05010861382784012,2
mixed_cp_1001,17,13,3.2841280525940815,101.77515049770308,0.032268466679085867,0
mixed_cp_1001,17,14,1.9739936764071313,116.55623201942018,0.016935977100548612,5
mixed_cp_1001,17,15,2.241637338273291,71.73607978753853,0.031248394739611794,2
mixed_cp_1001,17,16,4.338728488772253,108.8273942523359,0.03986798102242648,0
mixed_cp_1001,17,17,2.3546157707201925,90.89238192359768,0.025905534885194616,3
mixed_cp_1001,17,18,7.018550203985033,24.23504837487647,0.28960330903489717,0
mixed_cp_1001,17,19,5.1974154885434904,63.16486034772634,0.0822833369682353,0
mixed_cp_1001,17,20,2.8370828696169577,72.09575021243185,0.03935159647076874,0
mixed_cp_1001,17,21,6.84649066470292,30.700776735161295,0.22300708297265007,0
mixed_cp_1001,17,22,6.977202266992008,45.8416691403539,0.15220218630412077,0
mixed_cp_1001,17,23,8.128988424597006,108.00337781218623,0.07526605731473518,0
mixed_cp_1001,17,24,4.137313590807241,52.325964593393174,0.07906808069295736,0
mixed_cp_1001,17,25,6.368682549823538,102.40964439685622,0.06218830840915453,0
mixed_cp_1001,17,26,4.362984126194645,164.08063324023047,0.026590488103533826,0
mixed_cp_1001,17,27,6.847953004632047,83.17903187549781,0.08232787579064454,0
mixed_cp_1001,17,28,8.118296422615742,59.98131030124874,0.13534710031912606,0
mixed_cp_1001,17,29,3.8154781292176763,12.527308076436414,0.30457286640810766,0
mixed_cp_1001,17,30,3.353963646351052,13.573782284141853,0.2470913100079307,0
mixed_cp_1001,17,31,2.5700256356351403,32.368201547191106,0.07939970442559746,1
mixed_cp_1001,17,32,11.618337532947132,46.54900323593124,0.24959369106273196,0
mixed_cp_1001,17,33,6.158953770136568,48.41012365130153,0.1272244998690678,0
mixed_cp_1001,17,34,2.9055261327608717,77.15096761692836,0.03766026820541581,2
mixed_cp_1001,17,35,4.139171678165009,263.10598856147413,0.015731955402443834,3
mixed_cp_1001,17,36,11.241047568371041,271.6363620461429,0.04138270548057746,2
mixed_cp_1001,17,37,4.473682988147906,126.66001997426491,0.03532040330529618,0
mixed_cp_1001,17,38,6.373514022548613,39.357589500845755,0.16193862742563675,0
mixed_cp_1001,17,39,4.033158065930753,21.940556743060174,0.18382204759714885,2
mixed_cp_1001,17,40,7.256162457525219,80.09183782107164,0.09059802665205131,0
mixed_cp_1001,17,41,4.694887427457757,48.82192535712319,0.09616350426812419,3
mixed_cp_1001,17,42,10.259399867664053,77.42065735784334,0.13251501883075514,3
mixed_cp_1001,17,43,10.615362954028953,82.8638784931546,0.1281060354290065,0
mixed_cp_1001,17,44,10.059818719461628,103.4760782558549,0.09721878611003912,0
mixed_cp_1001,17,45,5.406908634156689,92.62065703686552,0.05837691943822633,0
mixed_cp_1001,17,46,5.593859640761855,83.23385161937274,0.06720654555723912,0
mixed_cp_1001,17,47,4.240396503451268,62.314503768347244,0.06804830732849684,0
mixed_cp_1001,17,48,4.216003188310301,79.38087518905967,0.05311106961556093,0
mixed_cp_1001,17,49,5.800100127245693,82.09375386171389,0.07065214896879857,2
mixed_cp_1001,17,50,15.39086000943741,65.1235475783585,0.23633325550821216,0
mixed_cp_1001,17,51,19.086283935219235,108.44578826559261,0.17599838813910748,4
mixed_cp_1001,17,52,13.773328673246029,50.15489459290222,0.2746158432799337,0
mixed_cp_1001,17,53,5.030852965490999,53.48267948504451,0.09406508824782775,0
mixed_cp_1001,17,54,4.850009471563957,75.1414831082234,0.06454503252988332,0
mixed_cp_1001,17,55,9.01331299196373,88.77199484522801,0.10153329332835473,0
mixed_cp_1001,17,56,9.37342045042072,85.22238831124012,0.10998777007032605,0
mixed_cp_1001,17,57,7.87865170963368,104.46446915246365,0.07541943948554372,0
mixed_cp_1001,17,58,3.822001093351956,29.411519508953077,0.12994912052022717,0
mixed_cp_1001,17,59,7.830846001883122,83.23917428704243,0.09407644980810585,0
mixed_cp_1001,17,60,10.306177224173599,102.83722758610604,0.10021834958108136,0
mixed_cp_1001,17,61,5.187134835862182,149.65592822043072,0.03466040335015639,0
mixed_cp_1001,17,62,7.442054894826551,89.70279329945582,0.08296346881844201,0
mixed_cp_1001,17,63,4.087446214815407,149.17200661888938,0.02740089315321861,1
mixed_cp_1001,18,0,1.8046865823272513,47.365065784952215,0.03810163782989185,0
mixed_cp_1001,18,1,2.3748963169423973,58.00806113333427,0.04094079806397228,0
mixed_cp_1001,18,2,2.8891855790040433,33.45310827267633,0.0863652356443021,0
mixed_cp_1001,18,3,4.879222565520795,127.65796796850995,0.038221057746464976,0
mixed_cp_1001,18,4,3.2789569685052014,51.30044108910438,0.06391674026369364,0
mixed_cp_1001,18,5,2.6870349767717805,62.693018027612425,0.042860194983567496,0
mixed_cp_1001,18,6,2.656501035919468,164.5469581279912,0.016144333910160378,1
mixed_cp_1001,18,7,2.670355020383421,121.31101618064669,0.022012469307873418,3
mixed_cp_1001,18,8,7.420250781263123,145.37858559188444,0.051040878895972336,0
mixed_cp_1001,18,9,2.01697679741333,101.08894200461624,0.019952496854910448,0
mixed_cp_1001,18,10,3.995823752557973,143.34182266412233,0.027876189086286158,0
mixed_cp_1001,18,11,4.304142914703026,123.60841299942028,0.034820792616463835,2
mixed_cp_1001,18,12,4.335093020690338,72.54976618746896,0.059753369976251004,2
mixed_cp_1001,18,13,1.1882717600722144,61.917399544406926,0.01919124137666651,13
mixed_cp_1001,18,14,7.357321270260737,283.4491386994595,0.025956407220068107,3
mixed_cp_1001,18,15,12.549648823405498,309.9809979913449,0.04048521975452154,3
mixed_cp_1001,18,16,3.8097085490104163,123.73992139784144,0.030788031105674147,2
mixed_cp_1001,18,17,5.194592129813247,116.45256266885856,0.04460693702880934,0
mixed_cp_1001,18,18,4.863133678401017,110.44044596829806,0.04403399167544995,3
mixed_cp_1001,18,19,4.45983681422484,104.3542239830262,0.042737482432433756,3
mixed_cp_1001,18,20,5.315628645615969,100.54940401963933,0.05286583940942822,0
mixed_cp_1001,18,21,8.023293502685812,107.34178750511764,0.07474529434590692,0
mixed_cp_1001,18,22,3.3540824356454535,44.24806779109351,0.07580178306273028,0
mixed_cp_1001,18,23,9.08189281615404,37.013748302718895,0.24536539076986477,0
mixed_cp_1001,18,24,3.1093252169982906,16.438141768023335,0.18915308438614242,0
mixed_cp_1001,18,25,5.116420334507545,24.47724654196294,0.20902760961026118,0
mixed_cp_1001,18,26,9.242483814295229,53.327148767376784,0.17331666942503732,0
mixed_cp_1001,18,27,4.982731281912331,82.87574379458476,0.06012291478508469,2
mixed_cp_1001,18,28,8.471984577403363,64.94506628602232,0.1304484707135749,2
mixed_cp_1001,18,29,8.264180490880465,61.73752062527668,0.13385993488531722,0
mixed_cp_1001,18,30,3.31977554670349,78.96729812182774,0.04203987759061817,5
mixed_cp_1001,18,31,2.5975492582216804,76.72465957016405,0.03385546801737509,5
mixed_cp_1001,18,32,6.296751131554473,95.7178205762282,0.06578452260663245,0
mixed_cp_1001,18,33,9.893169361737154,139.8616853229362,0.07073537930630636,0
mixed_cp_1001,18,34,5.1814538162198955,16.846777028593166,0.30756350650487513,0
mixed_cp_1001,18,35,3.1990456557810862,18.10321018430684,0.17671151266609325,0
mixed_cp_1001,18,36,2.8382773301881477,39.269200197899764,0.07227744175803069,1
mixed_cp_1001,18,37,8.755540804296395,51.19299109635815,0.17103006909317436,0
mixed_cp_1001,18,38,3.9148195646564856,62.82380531842671,0.062314269962062276,0
mixed_cp_1001,18,39,7.125250048463503,246.35115499146832,0.02892314447931152,3
mixed_cp_1001,18,40,6.616277289021735,83.867405919677,0.07888973334120283,0
mixed_cp_1001,18,41,11.66547928962332,52.19137632276786,0.22351354019637906,0
mixed_cp_1001,18,42,16.533065140717564,94.11658734889163,0.17566579501474314,0
mixed_cp_1001,18,43,4.68813205693642,65.36220713831261,0.07172542455636312,0
mixed_cp_1001,18,44,2.827052922788204,23.18142477170258,0.12195337217750178,0
mixed_cp_1001,18,45,8.116097425151828,38.7025223955515,0.20970461155484532,0
mixed_cp_1001,18,46,4.825089680876204,34.7706485308339,0.13876904471877805,0
mixed_cp_1001,18,47,9.272022693074394,73.54471275225785,0.12607327360578668,0
mixed_cp_1001,18,48,9.59568032202534,86.78593356296189,0.11056723051857037,0
mixed_cp_1001,18,49,13.697507691523487,55.076615628362894,0.24869915362899786,0
mixed_cp_1001,18,50,3.1498330977795286,47.90277463830352,0.06575471090271442,0
mixed_cp_1001,18,51,15.024975452211486,52.9650110801403,0.28367737768387313,0
mixed_cp_1001,18,52,7.153610243988754,62.246704240458406,0.11492351814088708,0
mixed_cp_1001,18,53,12.093271567895172,60.92721886936767,0.19848717522826725,0
mixed_cp_1001,18,54,5.637783814620821,31.33788218255987,0.17990315305219814,0
mixed_cp_1001,18,55,7.127750071007711,50.32426945516152,0.14163643403424808,0
mixed_cp_1001,18,56,8.976880277092851,78.18455727183589,0.11481653910095821,0
mixed_cp_1001,18,57,4.007002326793753,43.65843671280614,0.0917807101787132,0
mixed_cp_1001,18,58,4.880285045163723,66.30337113905696,0.07360538327573694,0
mixed_cp_1001,18,59,2.0019559394431905,57.38754504187241,0.034884850675917185,4
mixed_cp_1001,18,60,6.153100233401061,264.63739485403113,0.023251061086038097,3
mixed_cp_1001,18,61,7.055379038263474,82.2446324936739,0.08578528256912278,0
mixed_cp_1001,18,62,5.6099035969565865,86.58409391288961,0.06479138769530336,0
mixed_cp_1001,18,63,8.743190410570781,105.09562465157609,0.08319271558218634,0
mixed_cp_1001,19,0,3.703725837367817,91.81174135953533,0.04034043775364203,0
mixed_cp_1001,19,1,2.03025001745427,48.66850125276676,0.041715893549092026,2
mixed_cp_1001,19,2,0.8758948618305207,40.96515613457307,0.02138146035506741,2
mixed_cp_1001,19,3,2.1857682995464307,106.34290003281566,0.020553965510362596,6
mixed_cp_1001,19,4,2.8948813193430594,79.70408402616522,0.036320363689177196,2
mixed_cp_1001,19,5,1.5815269101267417,46.147104418490976,0.03427142244472071,0
mixed_cp_1001,19,6,4.436352699080065,53.939449474720824,0.08224690356098646,0
mixed_cp_1001,19,7,4.525531748556487,36.11638300998691,0.12530412437217442,0
mixed_cp_1001,19,8,4.297711169462128,142.5581551557223,0.030147073415530364,6
mixed_cp_1001,19,9,5.391155766660344,56.912151060130505,0.09472767530723485,0
mixed_cp_1001,19,10,2.467589297728604,41.91585526042903,0.05887006915156875,0
mixed_cp_1001,19,11,3.366688308763925,63.4978222178771,0.053020531904416586,0
mixed_cp_1001,19,12,1.579449241741393,57.67021734470722,0.027387606887289626,7
mixed_cp_1001,19,13,1.7637780808853927,13.680708234203326,0.1289244716494828,0
mixed_cp_1001,19,14,1.3397148546238238,58.09760103339763,0.023059727609986574,1
mixed_cp_1001,19,15,2.133058529455124,47.12624364817421,0.045262646973938565,1
mixed_cp_1001,19,16,4.796266130515109,65.11501189431837,0.07365837755354243,0
mixed_cp_1001,19,17,3.3233316074322525,41.996223961550996,0.07913405763515496,0
mixed_cp_1001,19,18,4.684369526490816,60.62708185075377,0.07726529767707392,0
mixed_cp_1001,19,19,3.1673711422156754,62.366019906140814,0.05078680901847647,0
mixed_cp_1001,19,20,3.7603362437085273,32.91112245927912,0.11425730764306764,0
mixed_cp_1001,19,21,3.4888308473016667,62.75205299171748,0.05559707899536213,0
mixed_cp_1001,19,22,3.994997863706151,62.223499110934675,0.06420400525183742,0
mixed_cp_1001,19,23,1.6709570084332999,26.113837834405572,0.06398741613658089,2
mixed_cp_1001,19,24,6.588958073695216,45.525014644484536,0.1447326953137726,0
mixed_cp_1001,19,25,9.13646388758597,47.8288867906548,0.19102397109044,0
mixed_cp_1001,19,26,2.571711070821267,38.22086377399591,0.06728552986212118,0
mixed_cp_1001,19,27,7.34456665996654,60.331886571943286,0.1217360682266822,0
mixed_cp_1001,19,28,4.7673407289191205,59.958926232265625,0.07951010847745431,0
mixed_cp_1001,19,29,2.715304889561101,58.44687613461085,0.04645765640763069,1
mixed_cp_1001,19,30,6.2496777368894545,88.7958471020425,0.07038254536507145,0
mixed_cp_1001,19,31,2.6261956273512608,36.74000589329865,0.07148054453171106,2
mixed_cp_1001,19,32,4.080507219979889,177.81743385119464,0.022947734266565985,3
mixed_cp_1001,19,33,3.736559715314265,63.31636916987431,0.05901411853369675,2
mixed_cp_1001,19,34,2.047095628209016,41.95454069421827,0.04879318410679503,1
mixed_cp_1001,19,35,1.6618951949215048,66.8139333824591,0.024873482382909793,3
mixed_cp_1001,19,36,3.69192058291201,92.66916825719623,0.03983979410137107,1
mixed_cp_1001,19,37,1.999500762844439,62.38575926760828,0.0320505959423758,0
mixed_cp_1001,19,38,2.789946774602992,69.65219600700878,0.04005540290965488,3
mixed_cp_1001,19,39,5.490111912979129,45.58710395879389,0.12043124998555804,0
mixed_cp_1001,19,40,4.218105169158062,99.34690918283708,0.04245834323235062,0
mixed_cp_1001,19,41,3.5541582095417485,85.80203846115182,0.04142277122181599,0
mixed_cp_1001,19,42,1.1472861167147954,40.17140049794103,0.028559773931048263,2
mixed_cp_1001,19,43,1.6268899248289328,86.87682975753194,0.01872639608707507,6
mixed_cp_1001,19,44,2.5328959871462136,89.20380067670624,0.028394485077221917,0
mixed_cp_1001,19,45,1.2378071018968164,63.08655592178523,0.019620774724672732,3
mixed_cp_1001,19,46,4.6384893423598035,217.41076186074855,0.021335141382425,3
mixed_cp_1001,19,47,1.8528831051328023,107.67993820810086,0.017207319543144094,0
mixed_cp_1001,19,48,3.9691563072127614,71.94301851410535,0.05517083365684132,0
mixed_cp_1001,19,49,2.490200838844552,39.38799276404645,0.06322233411999656,3
mixed_cp_1001,19,50,3.6678063262578307,41.88125780295868,0.08757631739509791,2
mixed_cp_1001,19,51,1.8283262283355464,63.42469591408838,0.028826724385278835,5
mixed_cp_1001,19,52,3.552280785760403,86.73902615541198,0.04095366230415953,2
mixed_cp_1001,19,53,4.455023808220213,80.74492061423881,0.05517404406778995,0
mixed_cp_1001,19,54,1.803273736822775,66.65605016569661,0.027053414241319667,2
mixed_cp_1001,19,55,2.947022020537692,89.25489121448466,0.033018045066637615,0
mixed_cp_1001,19,56,2.882781309577446,53.827347351811284,0.0535560723573431,0
mixed_cp_1001,19,57,4.526608475738113,61.237185117057976,0.07391927743062116,0
mixed_cp_1001,19,58,4.228453721275273,70.03886921791211,0.06037295816583324,0
mixed_cp_1001,19,59,3.7367703450289307,86.57011186705445,0.04316467039764811,0
mixed_cp_1001,19,60,2.4703855827648638,74.34798092496638,0.033227339223347994,0
mixed_cp_1001,19,61,5.2737627427909475,102.87655997547566,0.05126301602666476,0
mixed_cp_1001,19,62,1.7453944159751125,76.40610454194777,0.0228436513867406,12
mixed_cp_1001,19,63,4.242429914027575,208.5884118055889,0.020338761282585802,3
mixed_cp_1001,20,0,5.430665942841347,48.64102595693871,0.11164784944398679,1
mixed_cp_1001,20,1,2.128441657937578,52.949262331777575,0.04019775846169231,2
mixed_cp_1001,20,2,2.3855870516571422,72.73046595773963,0.032800381796581624,3
mixed_cp_1001,20,3,1.8748560313298253,65.62468567723852,0.028569371601273916,0
mixed_cp_1001,20,4,3.863880555684096,75.41605005123765,0.05123419422071265,0
mixed_cp_1001,20,5,2.6205650379456604,57.02696459299879,0.04595308652053677,3
mixed_cp_1001,20,6,13.00951172694747,95.20461971161065,0.13664790391847864,0
mixed_cp_1001,20,7,7.04285574042432,71.84153330562658,0.09803320469877455,0
mixed_cp_1001,20,8,3.5736526717014248,47.95537240371354,0.07452038202553277,0
mixed_cp_1001,20,9,7.556483399184786,122.46810119100697,0.06170164578120911,0
mixed_cp_1001,20,10,8.982074631949471,49.02743571676704,0.18320506672711143,2
mixed_cp_1001,20,11,9.03123382568044,64.03145182192146,0.14104371474814123,0
mixed_cp_1001,20,12,11.21588458473155,67.30487536523148,0.166642973839091,2
mixed_cp_1001,20,13,7.757855324066415,88.1397370925657,0.08801768169468213,0
mixed_cp_1001,20,14,11.026567774691657,88.80217521508644,0.1241700188985728,0
mixed_cp_1001,20,15,10.200117463226167,68.18521868946374,0.1495942619129904,0
mixed_cp_1001,20,16,4.429126686090575,47.983291486534796,0.09230560365650381,0
mixed_cp_1001,20,17,9.279407480222023,74.78413167168357,0.12408257303782533,0
mixed_cp_1001,20,18,2.522572132485695,43.57275542193469,0.057893335137025166,0
mixed_cp_1001,20,19,4.135149470456857,11.007593591006556,0.37566334878454855,0
mixed_cp_1001,20,20,11.588671262327097,55.77676491754396,0.20776879547350746,0
mixed_cp_1001,20,21,7.5746340456479775,88.11260278450082,0.08596538754136508,0
mixed_cp_1001,20,22,7.208076272389107,104.25847210563593,0.06913659990226788,0
mixed_cp_1001,20,23,6.080468657901507,27.750704984401985,0.21911042120620702,0
mixed_cp_1001,20,24,4.035291662768893,13.025135481505504,0.30980803758230663,0
mixed_cp_1001,20,25,1.5432366304010574,24.941029692896997,0.06187541771142507,2
mixed_cp_1001,20,26,11.507047854500446,47.88957699826722,0.24028292951756083,0
mixed_cp_1001,20,27,8.618599044033026,140.58523324737155,0.06130515165037195,0
mixed_cp_1001,20,28,4.690120579993513,29.097692605398304,0.16118530921325994,2
mixed_cp_1001,20,29,3.3970421614826694,22.900103327992472,0.14834178312768642,0
mixed_cp_1001,20,30,18.539048232465607,95.83428562952678,0.19344901577430532,0
mixed_cp_1001,20,31,12.542063122177575,40.21840333278616,0.3118488573103858,0
mixed_cp_1001,20,32,7.253838225856494,23.650700251121147,0.30670712278435097,0
mixed_cp_1001,20,33,5.827061146116487,55.75595571657572,0.10451011145315471,0
mixed_cp_1001,20,34,8.947811206532426,78.1261751117543,0.11453026074466306,0
mixed_cp_1001,20,35,10.805842365937625,233.93090051474837,0.046192454020226204,0
mixed_cp_1001,20,36,10.094804780367534,236.86956712777555,0.04261756756165325,0
mixed_cp_1001,20,37,10.72918670199694,256.4256916786805,0.04184130939360541,3
mixed_cp_1001,20,38,4.195684005965281,40.47244721678851,0.10366766268151077,0
mixed_cp_1001,20,39,8.550876906579253,77.93997229517007,0.10971105909809453,0
mixed_cp_1001,20,40,9.288436029552145,77.34942221206528,0.12008410359015322,2
mixed_cp_1001,20,41,6.797769695735963,44.04083956836933,0.15435150106943477,0
mixed_cp_1001,20,42,9.442884768014425,80.56164267483908,0.11721316068650145,0
mixed_cp_1001,20,43,15.032066794200885,63.31258073001321,0.23742622115346756,2
mixed_cp_1001,20,44,3.4425362318562915,46.927225703673294,0.07335904009315476,0
mixed_cp_1001,20,45,7.514404549795541,66.46365510767879,0.11306035663583863,0
mixed_cp_1001,20,46,1.4892133363490736,36.25897857359196,0.041071574405399644,7
mixed_cp_1001,20,47,11.781252055058562,77.22488424509002,0.15255771724653142,0
mixed_cp_1001,20,48,9.352138275309555,68.51180532858801,0.13650404087961138,0
mixed_cp_1001,20,49,3.3587379599507687,52.356814348018574,0.0641509228889492,0
mixed_cp_1001,20,50,10.537167809487588,84.12251061659818,0.12525978756759198,0
mixed_cp_1001,20,51,1.843429047747397,47.95567711770088,0.03844026731648358,0
mixed_cp_1001,20,52,3.168544604715071,92.07485026060644,0.034412704400245006,0
mixed_cp_1001,20,53,8.601106003194017,63.13280051408486,0.1362383092965299,0
mixed_cp_1001,20,54,1.413380843982055,54.417425443946236,0.025972945843201208,1
mixed_cp_1001,20,55,4.0507629740445665,109.90943896601027,0.03685546038768584,0
mixed_cp_1001,20,56,5.911598989444783,45.24678162884462,0.130652364138009,0
mixed_cp_1001,20,57,4.595569726482323,55.278194977984576,0.0831353072999685,0
mixed_cp_1001,20,58,10.060152821208078,145.09593685571784,0.069334490263582,0
mixed_cp_1001,20,59,4.6717073247683825,102.54348034900504,0.04555830667018814,0
mixed_cp_1001,20,60,7.376040236691604,89.20773348464401,0.08268386549649641,0
mixed_cp_1001,20,61,7.940746307997452,65.12886480086233,0.12192360994279626,0
mixed_cp_1001,20,62,8.701207921004679,200.284182944449,0.04344430894684307,0
mixed_cp_1001,20,63,9.613329158301235,223.01609270280957,0.043105988638729865,0
mixed_cp_1001,21,0,1.4711180130724506,30.223038942225536,0.04867538356697501,0
mixed_cp_1001,21,1,5.538721233765371,204.1138962033854,0.027135444165185197,0
mixed_cp_1001,21,2,14.20887769429051,303.4086575674579,0.04683082482948398,1
mixed_cp_1001,21,3,3.8319446365228065,99.55989960197503,0.0384888358851538,0
mixed_cp_1001,21,4,2.4559480093665025,27.63677394971041,0.08886522044271514,2
mixed_cp_1001,21,5,2.2922778373010635,149.85636472011893,0.015296499695440125,6
mixed_cp_1001,21,6,2.7703582231384023,90.99706432143884,0.030444479102670435,3
mixed_cp_1001,21,7,3.232587376403891,48.64155860677535,0.0664573148762881,2
mixed_cp_1001,21,8,5.273880352249037,59.85479035419423,0.08811124925909089,0
mixed_cp_1001,21,9,8.942756614828559,41.241605408885015,0.21683822746875775,0
mixed_cp_1001,21,10,9.178834542169167,41.44603993084058,0.2214646937918686,0
mixed_cp_1001,21,11,6.8059750859707755,51.79008975931154,0.13141462232640952,0
mixed_cp_1001,21,12,6.499418931533508,42.10001988892693,0.1543804242535043,0
mixed_cp_1001,21,13,8.190875601992927,109.90866573464912,0.07452438392590478,0
mixed_cp_1001,21,14,4.346215161552876,16.98562348639875,0.2558761039907137,0
mixed_cp_1001,21,15,6.173850531992458,40.226276904208895,0.15347804985020835,0
mixed_cp_1001,21,16,5.873974881385679,77.50505853035222,0.07578827747204832,2
mixed_cp_1001,21,17,5.632166444021326,241.30485912274438,0.02334046013203744,3
mixed_cp_1001,21,18,8.082972350577684,231.71895458009627,0.034882655004313486,3
mixed_cp_1001,21,19,5.5391600718946945,80.85174101395958,0.06851009022722618,6
mixed_cp_1001,21,20,4.397721528583371,186.80389414505353,0.02354191570101067,2
mixed_cp_1001,21,21,3.0955526760265015,17.455711231688863,0.1773375278119219,0
mixed_cp_1001,21,22,6.5540321547923375,26.205468142544124,0.2501017008794428,0
mixed_cp_1001,21,23,8.463030343199133,54.287215797862714,0.15589361544550462,0
mixed_cp_1001,21,24,1.8946851318233082,52.7996448243467,0.03588442949051129,1
mixed_cp_1001,21,25,8.531353151809071,61.64432864332064,0.13839639979165336,0
mixed_cp_1001,21,26,4.989037727715819,92.7205974669307,0.053807221523730867,0
mixed_cp_1001,21,27,19.446751312284835,153.34275351123208,0.1268188477576829,0
mixed_cp_1001,21,28,4.691042653891869,16.1263525380445,0.29089297426835925,0
mixed_cp_1001,21,29,5.849103703571829,25.48461682356367,0.2295150735075448,0
mixed_cp_1001,21,30,5.470985340390374,24.279851144383876,0.22533026697142075,0
mixed_cp_1001,21,31,6.434505587162598,67.57280753220867,0.09522329798263277,0
mixed_cp_1001,21,32,4.887611234751734,76.53680172811252,0.0638596220954511,0
mixed_cp_1001,21,33,8.93838455111803,46.03563946771567,0.19416227632476854,0
mixed_cp_1001,21,34,8.120189108170722,48.11137456962255,0.16877898793807894,0
mixed_cp_1001,21,35,8.891673819506654,65.62531771614763,0.1354915165205941,0
mixed_cp_1001,21,36,5.274898254675563,65.23165974877952,0.08086408156699179,0
mixed_cp_1001,21,37,11.392428128073266,97.25368176376769,0.11714135569433597,0
mixed_cp_1001,21,38,6.64120886614623,57.332456358219,0.11583681021185076,0
mixed_cp_1001,21,39,14.16814822388622,129.48438061157566,0.10941974743955808,0
mixed_cp_1001,21,40,4.245620646892232,57.48684784283134,0.07385377362313778,0
mixed_cp_1001,21,41,15.793787388168695,80.60852410129587,0.19593197573400048,0
mixed_cp_1001,21,42,9.038495969998726,21.23380949262719,0.4256653038700886,0
mixed_cp_1001,21,43,9.972732288400161,45.76025184340965,0.2179343838081701,0
mixed_cp_1001,21,44,9.377795277722445,122.60866906173767,0.07648558090945758,0
mixed_cp_1001,21,45,8.09268119297471,98.44981190880515,0.0822010833344306,0
mixed_cp_1001,21,46,23.93042437695554,156.3702841168082,0.15303690539488676,0
mixed_cp_1001,21,47,7.248635591369678,20.018835315828063,0.36209077486333496,0
mixed_cp_1001,21,48,15.391847152086488,57.25996378013199,0.26880644233706513,0
mixed_cp_1001,21,49,13.695552538066408,48.843431834504756,0.2803970160096608,0
mixed_cp_1001,21,50,12.338972989863157,52.15636864248459,0.23657653534974635,0
mixed_cp_1001,21,51,7.30483510252589,35.74713595983067,0.20434742270637818,0
mixed_cp_1001,21,52,5.474303419785732,66.13439834592954,0.08277543240283619,0
mixed_cp_1001,21,53,13.000850552950592,64.27885920629684,0.20225702063606335,0
mixed_cp_1001,21,54,7.8350180287350035,55.359207306490575,0.14153053141381217,0
mixed_cp_1001,21,55,8.487892028490283,60.00952003700017,0.14144242485620429,0
mixed_cp_1001,21,56,10.821524724492757,89.08200295283915,0.12147823764382323,0
mixed_cp_1001,21,57,7.556087383653833,78.33202726063027,0.09646229834589673,0
mixed_cp_1001,21,58,4.713977660351058,59.17272719290551,0.07966470169582177,0
mixed_cp_1001,21,59,3.9786310164820504,60.413096963407476,0.065857094180951,0
mixed_cp_1001,21,60,12.685960235744007,98.71996395850022,0.12850450635371904,0
mixed_cp_1001,21,61,11.073033304127122,22.99974215181028,0.48144162795562373,0
mixed_cp_1001,21,62,4.0198107763734905,54.9110853542852,0.07320581537293888,0
mixed_cp_1001,21,63,5.041080493053728,88.95627966364717,0.05666919201336399,0
mixed_cp_1001,22,0,1.649622839237922,30.610891404915442,0.05389006211602935,0
mixed_cp_1001,22,1,2.7524354560260202,68.26281750305253,0.04032115222760822,1
mixed_cp_1001,22,2,2.068636235543196,68.0697944047211,0.03038992924297304,3
mixed_cp_1001,22,3,5.163320404924554,123.03657115068864,0.04196573715144251,0
mixed_cp_1001,22,4,4.808869730830808,46.67592981401604,0.10302675811691664,1
mixed_cp_1001,22,5,4.896305394868591,48.94488309319118,0.10003712513820931,0
mixed_cp_1001,22,6,2.2963190927051995,50.03898919334917,0.04589059710683385,3
mixed_cp_1001,22,7,4.9368170351066585,44.36984158059141,0.11126514901207486,0
mixed_cp_1001,22,8,3.880267780172332,205.08564775502686,0.01892023075552942,3
mixed_cp_1001,22,9,6.865478411937672,163.96911753541323,0.04187055779241417,0
mixed_cp_1001,22,10,2.806862762826307,59.643864383791914,0.04706037732171267,4
mixed_cp_1001,22,11,2.5053927448512647,56.63387602739894,0.04423841207052788,1
mixed_cp_1001,22,12,1.913264937586929,90.25380655757442,0.02119871737893321,2
mixed_cp_1001,22,13,1.3204108582062035,33.547967042067626,0.03935889338839722,3
mixed_cp_1001,22,14,6.2850794797856535,67.4727276973429,0.09314992433651326,0
mixed_cp_1001,22,15,2.0938767655056103,43.75340725364162,0.04785631330075067,0
mixed_cp_1001,22,16,2.03151806744481,78.57501177241754,0.02585450541616006,1
mixed_cp_1001,22,17,3.5471360670933803,75.60428241162025,0.04691713159555353,1
mixed_cp_1001,22,18,10.398123492030107,63.710817425502896,0.16320813187161884,1
mixed_cp_1001,22,19,7.0350293883519655,204.8018661524946,0.03435041643181958,3
mixed_cp_1001,22,20,2.332720646021723,39.29364518056713,0.05936635899525508,5
mixed_cp_1001,22,21,3.3066960051001892,23.327266482464413,0.1417523998187229,0
mixed_cp_1001,22,22,1.2404820541460293,50.28008260752482,0.02467144025655163,3
mixed_cp_1001,22,23,2.1905053553380136,86.96510048628869,0.025188326617105197,5
mixed_cp_1001,22,24,9.528504170975495,53.98045300399776,0.17651767706117286,0
mixed_cp_1001,22,25,1.9116063674453296,92.30139532852544,0.020710481793275275,6
mixed_cp_1001,22,26,6.16250865682077,103.16353479843897,0.059735338352462294,0
mixed_cp_1001,22,27,2.3644399256544792,78.14429018299275,0.03025736007221515,2
mixed_cp_1001,22,28,2.657405116884175,55.61247346128045,0.047784335985961185,2
mixed_cp_1001,22,29,4.747970590267639,31.41289662997532,0.15114717519354626,0
mixed_cp_1001,22,30,4.537854892691401,103.83313316939541,0.04370334164228923,2
mixed_cp_1001,22,31,2.546372280471753,190.4497976239561,0.013370307095309049,3
mixed_cp_1001,22,32,3.6286405444413603,62.706701056945896,0.05786687041861889,0
mixed_cp_1001,22,33,3.1277240300812053,102.58001842189508,0.030490577777217594,3
mixed_cp_1001,22,34,3.291697814049753,91.44852446304999,0.035995089405513284,0
mixed_cp_1001,22,35,4.574031171597114,94.22876578985684,0.048541771010753076,3
mixed_cp_1001,22,36,4.311619701875169,70.05982683677657,0.061541969150455664,0
mixed_cp_1001,22,37,3.9388156700971098,92.48901581828189,0.042586848127305316,3
mixed_cp_1001,22,38,3.790576097895368,84.1750365171043,0.04503206953911004,0
mixed_cp_1001,22,39,5.403800224095557,78.07385898598056,0.06921395066517587,0
mixed_cp_1001,22,40,2.9151623620329383,71.92256829009608,0.040531955842772145,0
mixed_cp_1001,22,41,1.49269912621503,72.58432714211011,0.020565033595923963,2
mixed_cp_1001,22,42,3.763129877110097,82.23006420174293,0.04576343109592677,0
mixed_cp_1001,22,43,4.878994884764452,108.94843012281544,0.0447826084255134,0
mixed_cp_1001,22,44,6.808788869901128,73.30075269182561,0.09288838954392394,0
mixed_cp_1001,22,45,1.900198636254335,90.66314056468327,0.020958888302558255,13
mixed_cp_1001,22,46,1.5526045588020874,72.39838941972427,0.021445291411124882,8
mixed_cp_1001,22,47,1.924508791428002,123.51636625247846,0.015581002338541391,2
mixed_cp_1001,22,48,1.1845779430894934,23.750106563887336,0.049876742232840145,2
mixed_cp_1001,22,49,3.4893030289562637,78.85975172735216,0.04424694413216133,0
mixed_cp_1001,22,50,7.44315388547444,115.04270012077403,0.0646990541569389,0
mixed_cp_1001,22,51,4.659630286744994,63.34287444807406,0.07356202773154494,0
mixed_cp_1001,22,52,5.522676996601082,62.356386329678784,0.08856634134317275,0
mixed_cp_1001,22,53,3.9167627944919037,75.73661456413366,0.05171557795437495,0
mixed_cp_1001,22,54,4.78205090731841,64.10911759895262,0.07459236823743985,2
mixed_cp_1001,22,55,7.839898007439663,87.98306167235043,0.08910690146968857,0
mixed_cp_1001,22,56,3.5768416667833374,50.18867837822324,0.07126789910322327,0
mixed_cp_1001,22,57,9.358012537437514,90.39815705601984,0.10351994821795253,0
mixed_cp_1001,22,58,2.2214554923548313,86.50305089051638,0.02568066061816066,3
mixed_cp_1001,22,59,3.346762185160138,218.37021029559253,0.015326093154509763,3
mixed_cp_1001,22,60,8.967542707204924,222.37764052495862,0.0403257390717681,2
mixed_cp_1001,22,61,3.185566741306087,36.20606800984161,0.08798433291458713,1
mixed_cp_1001,22,62,3.4418215273672867,21.982331078453445,0.15657218131615158,0
mixed_cp_1001,22,63,5.941870538884588,14.259711864029715,0.416689383035363,0
mixed_cp_1001,23,0,1.508962320063691,37.132101140347274,0.04063767666581279,4
mixed_cp_1001,23,1,3.155896129420784,56.70769795854388,0.05565198805509438,2
mixed_cp_1001,23,2,3.3193627509052424,72.61736841127015,0.04571031453668156,3
mixed_cp_1001,23,3,3.745560223617786,74.44951197209816,0.05031007087086788,2
mixed_cp_1001,23,4,5.735517003101265,89.27347863805025,0.06424659474013894,2
mixed_cp_1001,23,5,3.936646962702841,40.4388156577404,0.09734822592286595,0
mixed_cp_1001,23,6,4.609852395447252,78.26154281681046,0.05890316277354377,0
mixed_cp_1001,23,7,2.073470324634371,122.92006720836251,0.01686844444300229,1
mixed_cp_1001,23,8,7.463267223486262,242.3617876819383,0.030793910603104747,1
mixed_cp_1001,23,9,5.973935407582544,41.8456601610697,0.1427611700852142,0
mixed_cp_1001,23,10,5.41203822416539,34.63084580113911,0.156277968353501,0
mixed_cp_1001,23,11,4.839910576708442,65.0223740516098,0.07443454114528161,0
mixed_cp_1001,23,12,7.061506090994156,58.724245755586146,0.12024856173350562,0
mixed_cp_1001,23,13,6.999850970336779,59.15486464079116,0.11833094391885267,0
mixed_cp_1001,23,14,8.346245944167277,57.94840670685024,0.14402891155212114,0
mixed_cp_1001,23,15,4.859287586971322,47.02046657786828,0.10334409546796172,0
mixed_cp_1001,23,16,2.3595450594339815,56.63419040000469,0.04166290791425856,3
mixed_cp_1001,23,17,4.9182083040005935,90.82297610034746,0.054151587133267017,3
mixed_cp_1001,23,18,3.397515092422378,53.145406560820234,0.06392866876527177,2
mixed_cp_1001,23,19,10.585070069612772,55.23400153525684,0.19164047100328474,2
mixed_cp_1001,23,20,4.887631617192097,45.25169871697022,0.10800990362289196,3
mixed_cp_1001,23,21,9.490804057144484,58.91908195157909,0.16108200845600787,0
mixed_cp_1001,23,22,12.709541204482623,66.32710367807209,0.19161911948047913,0
mixed_cp_1001,23,23,5.830963861700539,59.649274082959174,0.09775414623807384,0
mixed_cp_1001,23,24,2.9104233651508618,56.87649107498812,0.05117093741443454,0
mixed_cp_1001,23,25,8.81029853942798,248.86193815900745,0.03540235443235494,5
mixed_cp_1001,23,26,2.042881598490798,35.150744274608726,0.05811773379622239,2
mixed_cp_1001,23,27,3.480980540779966,42.44253676638949,0.08201631678944733,0
mixed_cp_1001,23,28,5.442646675756262,75.5774486929223,0.07201416255621708,0
mixed_cp_1001,23,29,6.001675751682853,58.89219855723025,0.10190952110321617,0
mixed_cp_1001,23,30,2.9258516332421753,53.12776826275186,0.05507198455564535,0
mixed_cp_1001,23,31,6.056589777537751,69.40681369962961,0.08726217866373648,0
mixed_cp_1001,23,32,6.358749794047883,71.01216327446278,0.08954451604961317,2
mixed_cp_1001,23,33,8.093032193074912,89.4803640311418,0.09044478395571008,0
mixed_cp_1001,23,34,10.313925603038019,64.94234530622745,0.15881664812695018,0
mixed_cp_1001,23,35,3.9432832228050385,50.146762545525554,0.07863485143682293,0
mixed_cp_1001,23,36,3.199544502547245,57.638387592185545,0.05551065246976185,0
mixed_cp_1001,23,37,4.359819897868874,71.6718992394065,0.0608302548716578,0
mixed_cp_1001,23,38,2.1896707858295645,45.35136279845418,0.048282359133520907,0
mixed_cp_1001,23,39,4.039468288495131,51.2850661225286,0.07876500107934278,3
mixed_cp_1001,23,40,3.5982228812151282,66.01750561438222,0.05450407202951393,0
mixed_cp_1001,23,41,8.679287094230585,39.52979670214798,0.21956316040853727,0
mixed_cp_1001,23,42,4.2125001808136995,75.25707479794987,0.055974806250753385,3
mixed_cp_1001,23,43,4.200430726056392,62.4225035644474,0.0672903277857112,0
mixed_cp_1001,23,44,5.9265792684115475,49.00915757172463,0.12092799717558972,0
mixed_cp_1001,23,45,6.850152120052743,57.31559768147342,0.11951636896681918,0
mixed_cp_1001,23,46,7.801149296960222,44.55178371088573,0.17510296215264887,0
mixed_cp_1001,23,47,4.59309784782624,70.98422058262214,0.0647058995665114,0
mixed_cp_1001,23,48,6.939692084526147,70.28668167118995,0.09873409754910482,0
mixed_cp_1001,23,49,4.530441445996466,59.34303899470987,0.07634326658599894,0
mixed_cp_1001,23,50,7.082048348801992,258.4714439356576,0.027399732213996362,2
mixed_cp_1001,23,51,1.3530557223452686,13.840229358055124,0.09776252165631774,0
mixed_cp_1001,23,52,7.043625997097149,82.47115466312927,0.08540714660620816,0
mixed_cp_1001,23,53,7.691540249394279,68.17538995083787,0.11281989373204533,2
mixed_cp_1001,23,54,5.293016771781356,56.51588508420193,0.0936553813834003,0
mixed_cp_1001,23,55,6.454474394551105,51.59138283373452,0.12510760596109977,0
mixed_cp_1001,23,56,5.587056476477862,88.1350087217351,0.06339202273318695,0
mixed_cp_1001,23,57,4.611980797324635,66.47144317616356,0.06938288950793348,0
mixed_cp_1001,23,58,15.246933202493558,44.14077784962763,0.3454160516707383,0
mixed_cp_1001,23,59,4.403842101682659,48.45851417688036,0.09087860361562096,0
mixed_cp_1001,23,60,6.673313619928868,237.18947769077812,0.02813494799558018,2
mixed_cp_1001,23,61,9.563528875864348,281.8025225733038,0.03393698817361238,1
mixed_cp_1001,23,62,5.3535718354503254,64.76725641283645,0.08265861689934549,0
mixed_cp_1001,23,63,5.372134052408186,39.89198510475663,0.1346670023640319,1
mixed_cp_1001,24,0,2.085616824194684,59.98878377925813,0.03476677960115291,1
mixed_cp_1001,24,1,1.8768145984820839,29.36301242641409,0.06391764479838442,0
mixed_cp_1001,24,2,3.9537894143668706,51.05498359918263,0.0774417918808257,2
mixed_cp_1001,24,3,4.552677108599286,60.46306005671216,0.0752968358586059,0
mixed_cp_1001,24,4,3.281995917440121,47.976909540170915,0.06840782261500433,0
mixed_cp_1001,24,5,2.130263664801923,50.7247567238897,0.04199652797543411,0
mixed_cp_1001,24,6,4.071469429836501,56.02535782596462,0.0726719040775069,0
mixed_cp_1001,24,7,2.8504321928082037,31.132590608327625,0.0915578221121677,0
mixed_cp_1001,24,8,2.0679705898359857,39.44586000444966,0.05242554198597038,0
mixed_cp_1001,24,9,7.349376299970943,63.09506109338819,0.11648100774627973,0
mixed_cp_1001,24,10,8.709715307247462,41.38628458687616,0.21044931658372074,0
mixed_cp_1001,24,11,4.673700303476507,31.150713865057515,0.15003509466019352,0
mixed_cp_1001,24,12,3.8738644463496277,42.770137081090354,0.09057404793921857,0
mixed_cp_1001,24,13,5.854310491807851,192.96756894301586,0.030338312929343345,0
mixed_cp_1001,24,14,4.37436971604057,65.95678606822989,0.06632175363298393,0
mixed_cp_1001,24,15,6.9529208785847185,48.64746200159756,0.14292463763795915,0
mixed_cp_1001,24,16,3.3079487145790716,45.63597301808557,0.07248555242304418,0
mixed_cp_1001,24,17,6.485882457048236,44.52972262380448,0.14565288249922861,2
mixed_cp_1001,24,18,4.375380485096761,56.76029994707856,0.07708522486978085,3
mixed_cp_1001,24,19,7.176144589586854,65.04410901912306,0.1103273562787532,4
mixed_cp_1001,24,20,2.6172566621467,46.40749195734914,0.05639728741540467,2
mixed_cp_1001,24,21,2.046310309315054,72.35544236978265,0.02828135994051557,3
mixed_cp_1001,24,22,3.160510528601155,52.19929142961391,0.06054700058261943,3
mixed_cp_1001,24,23,3.0014443556150696,60.68579926193867,0.04945875957997864,2
mixed_cp_1001,24,24,5.214224314460849,79.55160900076196,0.06554517727492987,0
mixed_cp_1001,24,25,3.785139152093785,63.016839385309616,0.060065518820294414,0
mixed_cp_1001,24,26,3.1854994691239336,67.87104953079776,0.04693458390795111,1
mixed_cp_1001,24,27,4.722855977021901,55.78582954223457,0.08466049560930704,0
mixed_cp_1001,24,28,2.0671710595812165,53.08343530381963,0.03894192317716244,7
mixed_cp_1001,24,29,5.41596816527677,52.56805003758895,0.10302775471800962,0
mixed_cp_1001,24,30,5.887830083233973,40.14500037368992,0.14666409337220276,0
mixed_cp_1001,24,31,2.797433352779062,29.01212264125007,0.09642291215195713,0
mixed_cp_1001,24,32,2.4610752351155245,47.28101479990201,0.05205208148621685,0
mixed_cp_1001,24,33,3.320924176516535,49.0965512042075,0.06764068137299095,0
mixed_cp_1001,24,34,5.558581866284358,51.93739056330766,0.10702466577539889,2
mixed_cp_1001,24,35,6.327190665033496,55.16410392882421,0.11469760613164656,2
mixed_cp_1001,24,36,4.157366855622399,34.279328154828605,0.12127912299928756,0
mixed_cp_1001,24,37,3.6098805553840734,55.79625622305269,0.06469754065493415,0
mixed_cp_1001,24,38,5.731037529816371,55.62865259379094,0.10302312320352781,0
mixed_cp_1001,24,39,3.499885549874723,54.81793738723504,0.06384562638961512,0
mixed_cp_1001,24,40,5.772912162865138,205.56813302737865,0.02808271923205272,0
mixed_cp_1001,24,41,3.7024033535918144,72.22225800047964,0.0512640210386004,0
mixed_cp_1001,24,42,4.482235197750614,66.35707698865433,0.06754720673601977,0
mixed_cp_1001,24,43,4.204255004807348,77.04469836514231,0.054569037117672706,0
mixed_cp_1001,24,44,3.610859501869961,65.54715974505046,0.05508796286390763,3
mixed_cp_1001,24,45,4.922538407100893,62.045043577732,0.07933814086106299,2
mixed_cp_1001,24,46,4.547722969609099,51.365073578059814,0.08853726185552711,0
mixed_cp_1001,24,47,3.4584849068212353,132.45932744400872,0.02610978761222501,3
mixed_cp_1001,24,48,3.606558387647283,43.77540212244179,0.0823877842985788,0
mixed_cp_1001,24,49,2.717837135735185,61.21291252797389,0.04439973566840414,0
mixed_cp_1001,24,50,6.465287201159901,69.20488052880619,0.09342241691276033,0
mixed_cp_1001,24,51,6.82707011578083,80.01538040767741,0.08532197286317941,3
mixed_cp_1001,24,52,4.526535139133905,60.88659792795919,0.07434370277166226,0
mixed_cp_1001,24,53,4.489452552730544,62.07802717525625,0.07231951073535403,0
mixed_cp_1001,24,54,10.119111923810568,108.42543415615658,0.09332784325527173,0
mixed_cp_1001,24,55,3.3434522434344256,53.529931385690226,0.062459490548276826,0
mixed_cp_1001,24,56,2.7608408198304404,60.8750328423186,0.04535259680239847,0
mixed_cp_1001,24,57,2.953852020900949,74.00867232070426,0.03991224174514201,2
mixed_cp_1001,24,58,2.469151447558765,74.50067161268038,0.03314267367139417,0
mixed_cp_1001,24,59,4.99511607144663,54.52386662556336,0.09161338658811634,0
mixed_cp_1001,24,60,2.8135694732816803,42.73348715693596,0.06583992228270605,0
mixed_cp_1001,24,61,5.761466027368402,55.787692515485745,0.10327485808396025,0
mixed_cp_1001,24,62,4.005840040038226,58.54768169005398,0.06842013081311697,0
mixed_cp_1001,24,63,4.194385699468098,56.282475638833596,0.07452383094133247,0
mixed_cp_1001,25,0,1.2111573345916475,30.69247382616014,0.03946105294254062,0
mixed_cp_1001,25,1,3.4157512691865572,168.17221210536755,0.020311032520916317,0
mixed_cp_1001,25,2,2.9237047432874097,57.20173966440441,0.05111216477751249,0
mixed_cp_1001,25,3,4.53595276135439,53.61776479375763,0.08459794582638927,0
mixed_cp_1001,25,4,14.945922492150473,144.73624922730397,0.10326316020997854,0
mixed_cp_1001,25,5,6.1178486612117355,34.04113119397179,0.17971931151028026,0
mixed_cp_1001,25,6,4.018308729296016,52.838657521986235,0.07604865297010985,0
mixed_cp_1001,25,7,3.917718890186497,103.55733700082767,0.03783139856285784,0
mixed_cp_1001,25,8,5.71828317004225,76.93594506345357,0.07432524765018546,1
mixed_cp_1001,25,9,3.298920293944659,40.05225315848229,0.08236541102672053,0
mixed_cp_1001,25,10,6.551285660878713,72.8174292850961,0.08996864796241298,0
mixed_cp_1001,25,11,6.111445363879727,74.50837381493427,0.08202360420668266,0
mixed_cp_1001,25,12,6.148163564786893,66.76427398089268,0.09208762708250884,0
mixed_cp_1001,25,13,3.202686105005989,68.17912248182192,0.0469745867711908,0
mixed_cp_1001,25,14,3.0307881520033284,66.66679738243883,0.04546173314156665,0
mixed_cp_1001,25,15,9.231602388367076,161.96503803314073,0.056997500821616434,0
mixed_cp_1001,25,16,6.131736789950423,82.30340065162885,0.07450162133524274,0
mixed_cp_1001,25,17,2.114737137718431,58.93245637504455,0.03588408269053476,0
mixed_cp_1001,25,18,3.8893245639426652,81.65657517463202,0.0476302680540409,0
mixed_cp_1001,25,19,5.903513555348688,44.142271587537714,0.13373832707366545,0
mixed_cp_1001,25,20,3.677105386520776,81.58007260268485,0.04507357335202666,0
mixed_cp_1001,25,21,10.610338808100659,189.65291362467053,0.05594608912309607,1
mixed_cp_1001,25,22,7.477880355699431,71.96064962560177,0.10391624303845905,4
mixed_cp_1001,25,23,2.506876450305388,20.64835769422159,0.12140803096446423,0
mixed_cp_1001,25,24,4.4729827190874,69.00475674167086,0.06482136783457768,2
mixed_cp_1001,25,25,3.856576934933624,66.8949879842243,0.05765120902395725,1
mixed_cp_1001,25,26,3.0626470858572437,71.12531069243359,0.04305987637932459,4
mixed_cp_1001,25,27,2.3817473251323347,53.130360547678436,0.04482836744529502,1
mixed_cp_1001,25,28,1.8418891090926026,60.883005418313594,0.030252926846127126,1
mixed_cp_1001,25,29,4.726175588733422,89.14883635972889,0.05301443946685514,4
mixed_cp_1001,25,30,2.132989253351565,15.594656552553205,0.13677693036480149,2
mixed_cp_1001,25,31,2.6805346474676837,58.31693998621604,0.04596494000030287,2
mixed_cp_1001,25,32,3.092826272943843,70.62103241833465,0.043794690717957885,1
mixed_cp_1001,25,33,6.083575574953427,216.7833697197306,0.028062925596269706,2
mixed_cp_1001,25,34,3.043564765401382,151.17189335795385,0.0201331391556673,0
mixed_cp_1001,25,35,2.1499570040119567,50.46592999557763,0.042602147710353484,3
mixed_cp_1001,25,36,4.542624243127965,64.10326065713166,0.07086416816494008,0
mixed_cp_1001,25,37,2.5571744334465905,21.64276825600573,0.11815375940815662,0
mixed_cp_1001,25,38,3.3858078067517563,66.4292052532785,0.050968663464247235,3
mixed_cp_1001,25,39,4.307574448605293,37.62362984765925,0.11449119784685763,0
mixed_cp_1001,25,40,3.1772162585580075,46.8078981946163,0.06787778091098824,2
mixed_cp_1001,25,41,4.065042203941501,87.81222323463577,0.046292441464323694,0
mixed_cp_1001,25,42,1.5560826604667413,63.53873811122186,0.024490298465526413,0
mixed_cp_1001,25,43,3.2590583272658207,48.133778113719394,0.06770834235297443,0
mixed_cp_1001,25,44,8.262424051520112,17.803511315417246,0.46408957790057564,0
mixed_cp_1001,25,45,2.831935157703057,39.78116550708956,0.07118783780224756,3
mixed_cp_1001,25,46,3.9850158037278347,72.28061783682728,0.0551325642058562,2
mixed_cp_1001,25,47,1.9194465435460044,34.35652794261423,0.05586846688210344,0
mixed_cp_1001,25,48,2.5524092143181387,109.97024733909888,0.023209997941058134,2
mixed_cp_1001,25,49,2.277637655351727,34.240870310257,0.06651810058313415,0
mixed_cp_1001,25,50,3.0737324905896517,134.4016556639541,0.022869751681295788,1
mixed_cp_1001,25,51,1.66662105426043,66.18384376319774,0.025181690266033976,0
mixed_cp_1001,25,52,7.449300893935161,165.0717956021398,0.04512764198609467,0
mixed_cp_1001,25,53,2.186591487452775,13.612378101146545,0.16063258537232392,3
mixed_cp_1001,25,54,2.5766801468508276,35.49871673619701,0.07258516317643285,0
mixed_cp_1001,25,55,3.50994767967519,46.63986736778619,0.0752563820989655,0
mixed_cp_1001,25,56,2.6983776515369193,34.50989251647853,0.07819142439369928,0
mixed_cp_1001,25,57,3.8617865000630056,82.33127988168555,0.046905459329827,3
mixed_cp_1001,25,58,6.723028312597505,51.99447793492263,0.129302737129358,2
mixed_cp_1001,25,59,25.940715042869677,95.09654639754419,0.27278293508605883,0
mixed_cp_1001,25,60,4.435187911730806,62.034589522968574,0.07149540193360446,0
mixed_cp_1001,25,61,6.947256097178131,67.85965353756937,0.10237682827737836,0
mixed_cp_1001,25,62,3.333715156318509,59.90150156432251,0.055653281958862925,1
mixed_cp_1001,25,63,2.8718230890568215,62.65163061330845,0.04583796241125749,2
mixed_cp_1001,26,0,1.4876807630673552,39.592774105531376,0.03757455234387116,2
mixed_cp_1001,26,1,1.6292609393785367,72.45588016626895,0.022486248674914604,2
mixed_cp_1001,26,2,1.8968988686795052,68.87502214410279,0.02754117254163266,2
mixed_cp_1001,26,3,2.026237823468775,58.41836538456971,0.034684945566860616,2
mixed_cp_1001,26,4,3.9406993831509505,144.97524215895604,0.027181878260497932,0
mixed_cp_1001,26,5,9.52805992926675,239.89804207206123,0.03971712251992738,1
mixed_cp_1001,26,6,3.3000165143837106,75.0056259078547,0.04399691989022024,1
mixed_cp_1001,26,7,2.575934797099966,72.44963835532117,0.03555483306164458,1
mixed_cp_1001,26,8,3.0137131437121574,71.93579878363242,0.041894483618327025,0
mixed_cp_1001,26,9,2.1525153670681885,123.61394576155024,0.0174132081441714,0
mixed_cp_1001,26,10,5.50974452726577,130.06183317031898,0.04236250091947137,0
mixed_cp_1001,26,11,3.375513993479095,56.56608358007399,0.05967381476394374,0
mixed_cp_1001,26,12,2.4821875703137666,168.75723598369905,0.014708628971343968,5
mixed_cp_1001,26,13,2.374164339573081,108.98073211494236,0.02178517517269972,0
mixed_cp_1001,26,14,1.3958125202848854,57.45010526411014,0.024296082903034616,0
mixed_cp_1001,26,15,4.349728187014587,72.54579358884874,0.059958379002186535,1
mixed_cp_1001,26,16,3.2654188257358507,146.73098312851397,0.022254460210873402,1
mixed_cp_1001,26,17,4.782720631450336,49.061974229395794,0.097483248617108,0
mixed_cp_1001,26,18,1.4456499979712836,66.28105093503713,0.02181090941645121,1
mixed_cp_1001,26,19,9.31099186439487,141.5818027314822,0.06576404371721192,2
mixed_cp_1001,26,20,11.191991306040723,96.34749204581567,0.11616276737871545,0
mixed_cp_1001,26,21,6.105103685458056,70.26146159793984,0.08689121385480922,0
mixed_cp_1001,26,22,4.592447363171873,32.09400985213303,0.14309359859770376,0
mixed_cp_1001,26,23,3.792367494607566,76.32259932462614,0.04968865746405372,0
mixed_cp_1001,26,24,4.734116573496361,261.17453234296033,0.018126256534384346,0
mixed_cp_1001,26,25,1.6439586971361604,110.69055628585602,0.014851842400093029,1
mixed_cp_1001,26,26,4.147672977943545,103.84249834776753,0.03994196060319184,2
mixed_cp_1001,26,27,7.082401607614853,51.60877101516695,0.1372325181999287,2
mixed_cp_1001,26,28,2.8712098720851853,140.04142726998055,0.020502575045524843,1
mixed_cp_1001,26,29,4.072796841254645,71.16872154284978,0.05722734303724236,2
mixed_cp_1001,26,30,1.6906100810264335,62.64127437289501,0.026988756182744,1
mixed_cp_1001,26,31,3.0391990764923347,112.89707931596594,0.02692008593053594,0
mixed_cp_1001,26,32,2.3528621771113736,84.66070220447476,0.027791668576391898,0
mixed_cp_1001,26,33,7.950932114646199,153.57196626998848,0.051773330170611975,0
mixed_cp_1001,26,34,6.4049075991378945,102.86392496935,0.062265829357049544,2
mixed_cp_1001,26,35,4.172755911304608,37.012511403816454,0.11273906452276958,0
mixed_cp_1001,26,36,2.544438136604471,48.484493793300594,0.052479420481359174,0
mixed_cp_1001,26,37,10.461878504877387,251.30884985346532,0.04162956661087567,0
mixed_cp_1001,26,38,7.664536995902718,207.26747137228068,0.03697896705719038,0
mixed_cp_1001,26,39,5.230968307723788,66.83548218205105,0.07826633603802421,0
mixed_cp_1001,26,40,3.7197867139674807,86.95458884486833,0.04277849810323157,3
mixed_cp_1001,26,41,5.716432669346538,57.84133593211583,0.09882954079856487,0
mixed_cp_1001,26,42,2.6263633784714964,84.68704311069368,0.03101257621001834,6
mixed_cp_1001,26,43,1.681642399113739,109.54653074254318,0.01535094162923282,1
mixed_cp_1001,26,44,5.138512082818661,44.973937413947134,0.11425533049336985,0
mixed_cp_1001,26,45,4.255808204367806,124.98632858121026,0.03405018975017401,1
mixed_cp_1001,26,46,6.173018794556627,71.872522485811,0.08588843943490779,0
mixed_cp_1001,26,47,4.0973357479912345,83.23890817464968,0.04922380456257683,0
mixed_cp_1001,26,48,3.0328574787610174,57.95551707442204,0.05233078112074221,0
mixed_cp_1001,26,49,1.950289087075285,145.34482385416825,0.013418359425252789,1
mixed_cp_1001,26,50,6.652657262759044,44.47749389911234,0.1495735636061054,2
mixed_cp_1001,26,51,10.141582175777096,50.094055244436085,0.20245081230279344,0
mixed_cp_1001,26,52,9.122885987820265,57.08586655578546,0.15980988882607566,0
mixed_cp_1001,26,53,3.9139352364533226,135.96785349660485,0.028785739686263818,2
mixed_cp_1001,26,54,2.2078129252800403,73.04152194850833,0.030226819846887496,0
mixed_cp_1001,26,55,1.8953742711386334,81.47806725530842,0.02326238624683561,3
mixed_cp_1001,26,56,3.3659585226505664,147.93134146086132,0.02275351855401858,1
mixed_cp_1001,26,57,2.0003430287538913,101.54800636179348,0.01969849631145986,7
mixed_cp_1001,26,58,4.564839675439187,55.80853393888136,0.08179465313384446,0
mixed_cp_1001,26,59,3.7782317136687285,108.46588907113917,0.034833363244648384,0
mixed_cp_1001,26,60,3.9449189542108343,56.31520050771129,0.07005069534770907,0
mixed_cp_1001,26,61,1.7490172014643108,34.08754790928093,0.051309563425303184,0
mixed_cp_1001,26,62,5.576624644931709,74.47776549091373,0.0748763689159291,0
mixed_cp_1001,26,63,4.634262514852573,60.34686842358578,0.07679375311281823,0
mixed_cp_1001,27,0,2.348720576429521,50.421679643189904,0.0465815616030702,1
mixed_cp_1001,27,1,2.106329927809518,68.20412043720859,0.030882737205718956,0
mixed_cp_1001,27,2,4.749436135567668,74.1654358880916,0.06403840385613191,0
mixed_cp_1001,27,3,4.541214111389088,102.82637911827914,0.04416390181516963,2
mixed_cp_1001,27,4,3.4043792816495126,39.746589523955514,0.08565211059423532,0
mixed_cp_1001,27,5,4.359546608648608,50.99145620117502,0.08549562874707918,0
mixed_cp_1001,27,6,1.912640353615905,101.80885658825008,0.018786581223982097,2
mixed_cp_1001,27,7,5.105895588217801,53.13772582507657,0.09608795839373774,6
mixed_cp_1001,27,8,8.580884216431187,182.46914332572857,0.04702649478171394,0
mixed_cp_1001,27,9,8.06026848015275,165.41051895253375,0.04872887486959476,2
mixed_cp_1001,27,10,2.5567855222346334,34.35901319300424,0.07441382288462274,1
mixed_cp_1001,27,11,6.713707939787902,78.29742805359574,0.08574621295596416,0
mixed_cp_1001,27,12,1.985785206378562,78.88053443431149,0.025174591179174165,3
mixed_cp_1001,27,13,6.15668120180595,63.45974357090682,0.09701711439988368,0
mixed_cp_1001,27,14,4.941007500736568,45.16196413502041,0.10940639087273689,0
mixed_cp_1001,27,15,8.046262739622561,66.11649796660957,0.12169825969436733,2
mixed_cp_1001,27,16,7.723616814469973,74.77422990009786,0.10329249562033757,0
mixed_cp_1001,27,17,7.582130630115729,31.56240539362219,0.24022664101665234,2
mixed_cp_1001,27,18,6.545512693008582,62.93577221320756,0.104003056812179,0
mixed_cp_1001,27,19,10.88869839506214,77.57601214502326,0.1403616671440449,0
mixed_cp_1001,27,20,2.3152828789883104,51.94326044570454,0.04457330670277117,0
mixed_cp_1001,27,21,3.794106599557653,137.64889475752202,0.02756365466094902,2
mixed_cp_1001,27,22,5.18407089928848,63.1368418532069,0.08210849239721936,0
mixed_cp_1001,27,23,2.2589858641212173,37.17146305081421,0.06077204604599861,0
mixed_cp_1001,27,24,1.7076239122028645,42.67074119612482,0.04001861379333021,6
mixed_cp_1001,27,25,1.7795539300335523,98.97615196443617,0.017979623320504283,7
mixed_cp_1001,27,26,8.94350883303817,146.7716502179369,0.0609348523352992,0
mixed_cp_1001,27,27,4.696302478396146,22.010838641162817,0.21336317779430342,0
mixed_cp_1001,27,28,1.8402609652802695,46.77484582225409,0.039342961648090084,3
mixed_cp_1001,27,29,8.040220315891462,110.47156727321781,0.07278090203976578,0
mixed_cp_1001,27,30,6.912451645592246,51.09691305376888,0.1352811986571151,0
mixed_cp_1001,27,31,10.41351089883362,61.152784471337206,0.17028678234127695,0
mixed_cp_1001,27,32,4.002522433466071,74.50532494299581,0.0537212935656399,2
mixed_cp_1001,27,33,2.576215556487162,50.06519207194164,0.05145721907518592,0
mixed_cp_1001,27,34,7.4543773761843015,88.70018113196174,0.08404015956962045,0
mixed_cp_1001,27,35,5.409829629096463,69.91473889995744,0.07737752746008977,0
mixed_cp_1001,27,36,3.1081469113159255,49.037837517024435,0.06338262592099156,0
mixed_cp_1001,27,37,12.475559599705909,55.656772835794065,0.2241516883580898,0
mixed_cp_1001,27,38,7.166582224806816,76.90917476827164,0.09318240959417161,0
mixed_cp_1001,27,39,5.341873069935825,28.356988453036987,0.18837942113573486,0
mixed_cp_1001,27,40,7.683685663666245,68.30953383349889,0.1124833567506821,0
mixed_cp_1001,27,41,7.488155265204267,69.01974964759785,0.10849293576747832,0
mixed_cp_1001,27,42,1.4085325653498593,27.69457351804582,0.050859514569959255,6
mixed_cp_1001,27,43,3.304641132729936,68.47498575085896,0.0482605596261622,2
mixed_cp_1001,27,44,3.2363994012896833,290.55070691459326,0.0111388453866024,3
mixed_cp_1001,27,45,1.2519814744507596,20.380284717939574,0.06143101000687755,3
mixed_cp_1001,27,46,5.427075521099878,67.45407832450994,0.08045585464812303,0
mixed_cp_1001,27,47,9.071293924549543,56.19055063725958,0.16143806781872733,0
mixed_cp_1001,27,48,5.615714520258605,64.68709586850116,0.0868135204535149,2
mixed_cp_1001,27,49,7.969674739665424,45.92419241310949,0.173539790704962,0
mixed_cp_1001,27,50,10.385084970322945,83.3821505114022,0.12454805862680193,2
mixed_cp_1001,27,51,5.506870405367618,46.18999937577143,0.11922213638860103,0
mixed_cp_1001,27,52,9.526018282801365,26.955697876983802,0.3533953498913186,0
mixed_cp_1001,27,53,3.293854223799222,58.06365727518185,0.05672832849967778,3
mixed_cp_1001,27,54,3.26823868744725,59.18249406495327,0.055223064507222884,0
mixed_cp_1001,27,55,2.353565818657691,118.70889948642125,0.019826363725382767,0
mixed_cp_1001,27,56,7.89242345984579,49.080599541008034,0.1608053596258839,0
mixed_cp_1001,27,57,4.3252013942656165,67.89714143094898,0.06370226055340375,0
mixed_cp_1001,27,58,4.395433964080237,34.64848596104587,0.12685789413776624,0
mixed_cp_1001,27,59,4.846050139996794,79.77949366330468,0.06074305460559447,0
mixed_cp_1001,27,60,3.3520195512883433,96.69058438738391,0.03466748673126968,0
mixed_cp_1001,27,61,2.9141099482140604,95.82939640653728,0.030409353053331617,1
mixed_cp_1001,27,62,3.2620753436122367,22.409948663128837,0.1455637133600105,0
mixed_cp_1001,27,63,8.780032675524222,40.243983934204344,0.21817006710565395,0
mixed_cp_1001,28,0,2.417369148081191,31.597797149750374,0.0765043568266685,1
mixed_cp_1001,28,1,0.9148185198617281,31.303379724266193,0.029224273158995874,2
mixed_cp_1001,28,2,7.283798610039187,64.43091786589142,0.11304818946084114,0
mixed_cp_1001,28,3,5.2114076053951655,31.531347246057557,0.16527703572979302,0
mixed_cp_1001,28,4,2.595487152723625,64.91592855250823,0.03998228494296629,0
mixed_cp_1001,28,5,3.227481368833263,160.87694404599836,0.02006180181984594,2
mixed_cp_1001,28,6,5.376349336107024,126.54688333835323,0.042485039491111556,0
mixed_cp_1001,28,7,2.936519112600868,67.80981390724581,0.04330522299644722,0
mixed_cp_1001,28,8,2.8648727252014607,229.9441594734633,0.012458993225840475,0
mixed_cp_1001,28,9,1.5848001807391672,31.95173470970548,0.04959981657139188,2
mixed_cp_1001,28,10,3.9747446370762463,100.81768992036963,0.03942507153472451,0
mixed_cp_1001,28,11,5.589239917087683,240.45388867821345,0.0232445395157134,3
mixed_cp_1001,28,12,6.10342768707012,242.5553726585644,0.025163028219794055,0
mixed_cp_1001,28,13,3.402176182133017,83.28655257102973,0.0408490455794952,2
mixed_cp_1001,28,14,9.162807038728563,64.7162826360462,0.14158426079969227,0
mixed_cp_1001,28,15,2.9003906089312443,96.08576141753005,0.030185436074424365,0
mixed_cp_1001,28,16,4.546481573261246,201.08692130408014,0.0226095339457017,0
mixed_cp_1001,28,17,2.6180752796252653,54.588965939589336,0.04795978884308869,6
mixed_cp_1001,28,18,4.4405442311275065,58.59674063189844,0.07578142031862771,0
mixed_cp_1001,28,19,3.309839754636588,109.90149259012895,0.03011642223077386,0
mixed_cp_1001,28,20,2.032287429173642,80.97999583660535,0.025096166135575276,0
mixed_cp_1001,28,21,1.6088369616736065,44.62576064060784,0.03605175438084573,0
mixed_cp_1001,28,22,3.2469672654087876,65.97998042315491,0.0492114008610603,2
mixed_cp_1001,28,23,1.532695782646909,41.43802938333407,0.03698766098330301,1
mixed_cp_1001,28,24,1.8498662148405853,32.229707540594205,0.057396307816651074,0
mixed_cp_1001,28,25,3.153024580060808,54.1274014450095,0.0582519111556484,0
mixed_cp_1001,28,26,1.2045955173510308,20.7298704549168,0.05810916763666121,2
mixed_cp_1001,28,27,7.6084035400751,32.67352321604996,0.23286143614710286,0
mixed_cp_1001,28,28,1.5052822064953866,32.278100500075105,0.046634782814802996,0
mixed_cp_1001,28,29,4.285965830521136,69.61389413031075,0.06156767817783912,3
mixed_cp_1001,28,30,2.947092421004905,124.80925292085976,0.023612771906211357,0
mixed_cp_1001,28,31,2.023198916736086,132.84725746707124,0.015229512112717681,2
mixed_cp_1001,28,32,0.8350944564712302,25.991979826211004,0.03212892830999733,1
mixed_cp_1001,28,33,6.083149966529257,42.22523617359308,0.14406432071855532,0
mixed_cp_1001,28,34,1.6540334078845755,33.898862159136094,0.04879318368031997,0
mixed_cp_1001,28,35,2.5273001083506688,53.24353981973859,0.0474667934721677,0
mixed_cp_1001,28,36,3.8756249056315313,72.24018054546806,0.05364915863121643,3
mixed_cp_1001,28,37,2.672168689094099,85.35517603495826,0.03130646333620916,0
mixed_cp_1001,28,38,1.8686117905312702,41.981932874707105,0.04450990372711149,2
mixed_cp_1001,28,39,3.458486603955336,61.67468619110908,0.05607627403629831,0
mixed_cp_1001,28,40,3.0877288074860987,46.78732960794911,0.06599497841316204,2
mixed_cp_1001,28,41,2.32224303374619,59.147092497034244,0.03926216717859178,0
mixed_cp_1001,28,42,6.046843245013281,114.15109774150892,0.052972274158117526,0
mixed_cp_1001,28,43,2.5214809226581845,58.13509106817994,0.04337278700915821,2
mixed_cp_1001,28,44,4.451666751396551,119.81204145394932,0.03715542025137417,2
mixed_cp_1001,28,45,3.2465358847575057,54.78737685936756,0.059257005369885894,0
mixed_cp_1001,28,46,4.1029272608199525,73.67676867414913,0.05568820857176845,2
mixed_cp_1001,28,47,2.8506820072582704,66.87210645999545,0.0426288651302411,0
mixed_cp_1001,28,48,6.286932588449264,82.92425411993456,0.07581536493962769,0
mixed_cp_1001,28,49,3.4795025859789814,56.42556371867387,0.06166535798077371,0
mixed_cp_1001,28,50,8.834031709740628,100.79162312617696,0.08764648723517093,0
mixed_cp_1001,28,51,4.198687253913581,77.75434072257801,0.05399939366593308,3
mixed_cp_1001,28,52,4.9839875555531385,37.526107532778305,0.13281386968258632,0
mixed_cp_1001,28,53,2.5649868800980684,81.65040670104915,0.03141425724294782,0
mixed_cp_1001,28,54,6.02485809045228,135.9068984492633,0.04433077466410932,2
mixed_cp_1001,28,55,14.966572941290735,67.0989602194942,0.22305223348218906,0
mixed_cp_1001,28,56,2.2378968037443743,44.14726342301566,0.05069163137703509,0
mixed_cp_1001,28,57,3.0383650343503428,70.76469722602512,0.04293616949487807,0
mixed_cp_1001,28,58,8.286458013727104,31.641332818506253,0.2618871354521626,0
mixed_cp_1001,28,59,3.7431700806318546,82.89942507631794,0.045153148857013894,0
mixed_cp_1001,28,60,2.558833478590426,81.56857070998151,0.03137033610271784,1
mixed_cp_1001,28,61,2.0110655137392697,58.16363122135458,0.03457599657225173,0
mixed_cp_1001,28,62,4.87762093189734,39.2564574140807,0.12425015534254018,0
mixed_cp_1001,28,63,2.935570026197828,82.17821936887673,0.035721996031829496,0
mixed_cp_1001,29,0,3.646950145329529,59.87595253112617,0.060908428027657405,0
mixed_cp_1001,29,1,3.143055645379011,57.990658249939315,0.05419934417423689,2
mixed_cp_1001,29,2,2.3393432380843464,63.17678653859631,0.037028525289984196,1
mixed_cp_1001,29,3,1.6169742257537536,55.68275606776006,0.02903904799155534,2
mixed_cp_1001,29,4,3.503425450305149,76.94889076593601,0.04552925214948072,3
mixed_cp_1001,29,5,2.9721113146229126,75.06960654298682,0.03959140658238303,0
mixed_cp_1001,29,6,2.980452809390849,40.979634748945124,0.07273009697744,0
mixed_cp_1001,29,7,1.774497346702706,82.36760287308704,0.02154363226324399,3
mixed_cp_1001,29,8,1.8058867691593712,60.99163464873586,0.02960876158771391,2
mixed_cp_1001,29,9,1.644969317100901,51.92633615119713,0.03167890205677408,2
mixed_cp_1001,29,10,1.6732936233030393,72.98622236703388,0.022926157417606337,0
mixed_cp_1001,29,11,1.7992353612991667,65.34662842911848,0.027533713743943165,1
mixed_cp_1001,29,12,2.3110914084136835,53.83857223708134,0.04292631309457197,5
mixed_cp_1001,29,13,3.4638953111981396,26.54406968729571,0.1304960148162962,0
mixed_cp_1001,29,14,5.687933365699223,243.55958621917634,0.023353354528122414,3
mixed_cp_1001,29,15,8.4225827650645,270.6925118021281,0.031114945548332253,3
mixed_cp_1001,29,16,2.633585229647971,106.25429951629627,0.02478568153605922,2
mixed_cp_1001,29,17,2.350354854562175,61.72865231721936,0.038075589962402887,0
mixed_cp_1001,29,18,5.260085999990148,148.2897986259043,0.0354716645968341,0
mixed_cp_1001,29,19,1.4919603150684235,32.6751062361534,0.04566045797328251,0
mixed_cp_1001,29,20,3.891737278912132,53.59061014532272,0.07261976059535115,0
mixed_cp_1001,29,21,7.231928946725802,25.248781951636015,0.2864268446920943,0
mixed_cp_1001,29,22,4.629875942461543,73.39087619876112,0.06308517055883982,0
mixed_cp_1001,29,23,6.136471093182234,58.74229208834307,0.10446427735495133,0
mixed_cp_1001,29,24,3.103883514126415,84.52268914129968,0.03672248890398576,0
mixed_cp_1001,29,25,4.051526742938893,79.65622952598528,0.05086264774329059,0
mixed_cp_1001,29,26,3.5723469271853667,82.85339637553332,0.0431164814414329,0
mixed_cp_1001,29,27,4.284311316064771,39.38571800076554,0.10877829663995198,2
mixed_cp_1001,29,28,9.720045461173479,58.054702524328924,0.16742908047974425,0
mixed_cp_1001,29,29,2.13074995715759,104.91894188294842,0.020308534559324246,0
mixed_cp_1001,29,30,1.5731962950320009,136.084394984509,0.011560445965983709,2
mixed_cp_1001,29,31,1.8929405858442174,44.99013979662532,0.04207456554705361,5
mixed_cp_1001,29,32,5.083726689221323,75.42725870889484,0.06739906469147365,0
mixed_cp_1001,29,33,5.486395652480186,89.32524172529038,0.06142044002917979,0
mixed_cp_1001,29,34,4.7764301550206865,81.67699237893973,0.058479505866970205,5
mixed_cp_1001,29,35,3.977796137525395,102.84225739103077,0.038678615565592524,0
mixed_cp_1001,29,36,4.53407520690594,71.30922270457197,0.06358329308524688,0
mixed_cp_1001,29,37,3.6120358810340094,57.967626764585795,0.062311260312639075,0
mixed_cp_1001,29,38,4.362310871801455,36.2368198139556,0.12038338061116038,0
mixed_cp_1001,29,39,5.105357962886784,59.48424083861415,0.0858270676554158,0
mixed_cp_1001,29,40,1.8751391702752551,49.531637763062406,0.03785740296424473,4
mixed_cp_1001,29,41,2.497583427087322,59.40685179496277,0.042042009492566604,0
mixed_cp_1001,29,42,5.869235812732329,47.11559163063287,0.12457098827803666,0
mixed_cp_1001,29,43,1.9921433851636337,54.942570760956826,0.03625864894147411,2
mixed_cp_1001,29,44,1.7364568142933916,65.64981942384571,0.026450290793376737,2
mixed_cp_1001,29,45,3.135733591359829,90.00824399156183,0.03483829316405507,0
mixed_cp_1001,29,46,3.4014295439350732,69.92242852460735,0.04864575810232377,0
mixed_cp_1001,29,47,5.58437838561094,90.98715462582173,0.061375459080749394,5
mixed_cp_1001,29,48,3.8328778409662854,103.91624175687502,0.03688430004939728,0
mixed_cp_1001,29,49,4.153226618215397,67.44886747547118,0.061575928161073754,0
mixed_cp_1001,29,50,4.416148298260161,70.40455853889326,0.06272531764858051,0
mixed_cp_1001,29,51,3.938773286757758,68.8234683040527,0.057230090023315805,0
mixed_cp_1001,29,52,3.8419554600874433,44.315001243698006,0.08669649897919847,0
mixed_cp_1001,29,53,3.4153996969494185,96.94043101806236,0.03523194255566128,0
mixed_cp_1001,29,54,4.7730110643049,71.28518548823018,0.0669565637181791,0
mixed_cp_1001,29,55,2.0545357140273266,69.83728802795166,0.029418893144948867,2
mixed_cp_1001,29,56,3.0097147339813373,74.21534207689758,0.040553808009977876,0
mixed_cp_1001,29,57,3.207599629508722,49.54315051476158,0.06474355377446182,0
mixed_cp_1001,29,58,3.164230472683651,65.82601186061525,0.04806960627333494,0
mixed_cp_1001,29,59,2.579980336133102,67.95944662145698,0.03796352772711542,1
mixed_cp_1001,29,60,3.8690272407412194,282.08162423086844,0.013715984695176852,3
mixed_cp_1001,29,61,18.994547733293018,105.74707533798352,0.17962244036143404,1
mixed_cp_1001,29,62,5.900167351494163,191.7414715069618,0.03077147215530751,2
mixed_cp_1001,29,63,5.975707993888804,43.12960212818874,0.13855235613182684,0
mixed_cp_1001,30,0,1.7520232688157336,28.281689531548697,0.06194903125788586,0
mixed_cp_1001,30,1,2.544404917970982,49.9069215352495,0.05098300675937017,3
mixed_cp_1001,30,2,3.3889531722533586,54.33445611926552,0.06237208236362061,3
mixed_cp_1001,30,3,5.067770096342919,78.37097359981883,0.06466386550485108,0
mixed_cp_1001,30,4,4.667063386612452,64.2015826165781,0.0726938993776039,3
mixed_cp_1001,30,5,1.6012825894643739,54.98212577932202,0.02912369368713265,6
mixed_cp_1001,30,6,2.691627308088712,95.8306961479778,0.02808731874317611,0
mixed_cp_1001,30,7,2.090539485647325,57.88159568476109,0.03611751647333587,0
mixed_cp_1001,30,8,3.101530384203912,152.32552606442135,0.0203611992312583,1
mixed_cp_1001,30,9,4.436011997141462,51.889578856926754,0.08548945847821808,2
mixed_cp_1001,30,10,3.284806343543065,50.436273383560625,0.06512785586997247,2
mixed_cp_1001,30,11,5.314898182105712,61.43152096950723,0.08651744411055472,0
mixed_cp_1001,30,12,8.413310293330637,67.55709616388113,0.12453629257423215,0
mixed_cp_1001,30,13,4.67947700022199,53.12283752265412,0.08808785860180071,0
mixed_cp_1001,30,14,1.6801981053628816,31.884328560925265,0.052696675175465044,1
mixed_cp_1001,30,15,4.56174193432226,50.20831446501598,0.09085630503491167,0
mixed_cp_1001,30,16,4.520183631265603,41.50159368612138,0.10891590490360385,0
mixed_cp_1001,30,17,2.313726485371106,55.9146689103573,0.041379597348246575,0
mixed_cp_1001,30,18,2.7959430588172123,67.19400284587492,0.041610008935326535,3
mixed_cp_1001,30,19,1.0640272969887217,42.081596436972376,0.025284860534755767,11
mixed_cp_1001,30,20,1.5696081845973058,63.7662452194437,0.024615032282294374,3
mixed_cp_1001,30,21,1.9090461687874631,73.67215946521759,0.025912721747877773,3
mixed_cp_1001,30,22,5.05258769577414,53.96909172911826,0.09362002460842021,2
mixed_cp_1001,30,23,3.001549753192368,37.26087487162169,0.08055499940712296,1
mixed_cp_1001,30,24,2.0984437915107104,54.007147687339675,0.03885492719702778,0
mixed_cp_1001,30,25,6.526442939935634,299.5699323873782,0.021786041369119102,0
mixed_cp_1001,30,26,1.7939985560561889,48.15357048156575,0.03725577435100002,0
mixed_cp_1001,30,27,1.8826356290744177,27.6581480394637,0.06806802922553605,0
mixed_cp_1001,30,28,7.864286190828171,47.75805024079731,0.164669331163568,1
mixed_cp_1001,30,29,1.512658862653037,27.652160523111927,0.054703098565797165,5
mixed_cp_1001,30,30,2.265786564810805,63.253683786389985,0.03582062623360324,2
mixed_cp_1001,30,31,5.52474036471388,68.00175367567086,0.08124408660199714,0
mixed_cp_1001,30,32,2.8552828512449486,73.91067506712051,0.03863153527757635,0
mixed_cp_1001,30,33,5.2698012303784445,65.70049973973991,0.08020945428503229,0
mixed_cp_1001,30,34,3.4476495088873382,75.54374927228783,0.045637786608402564,0
mixed_cp_1001,30,35,3.563480647633329,97.91005237237394,0.03639545236969756,2
mixed_cp_1001,30,36,2.789402731730529,58.97732946397843,0.047296185790070604,0
mixed_cp_1001,30,37,2.6311994164484838,80.5843572959117,0.032651490993301904,3
mixed_cp_1001,30,38,3.4790082607491044,71.83274674748684,0.04843206501595767,3
mixed_cp_1001,30,39,5.678859439372574,42.47595450335531,0.13369586406643275,0
mixed_cp_1001,30,40,2.350505407101127,70.59381679649779,0.03329619382781039,2
mixed_cp_1001,30,41,4.870408498558019,40.274309674453086,0.12093089957163017,0
mixed_cp_1001,30,42,5.476709753481043,33.8447328926141,0.16181867266785907,0
mixed_cp_1001,30,43,2.0305702595175927,55.51407858914087,0.036577572953084975,0
mixed_cp_1001,30,44,1.2995674185026478,58.283691128945996,0.022297273788434293,2
mixed_cp_1001,30,45,4.073570547338851,60.372966111251166,0.06747342079950741,2
mixed_cp_1001,30,46,3.1498215724116743,59.543411990205584,0.05289958145041797,0
mixed_cp_1001,30,47,6.433161155361384,42.99070332275229,0.14964075156120357,0
mixed_cp_1001,30,48,2.430343408826878,59.199713365638104,0.04105329689379116,2
mixed_cp_1001,30,49,7.492336177937257,275.80004377504935,0.02716582664522065,0
mixed_cp_1001,30,50,2.5336755502947135,112.92406097957432,0.022436985778903257,1
mixed_cp_1001,30,51,2.56527169893381,45.21171166582198,0.05673909711480886,0
mixed_cp_1001,30,52,4.231876862118792,81.06406434152997,0.052204104204416964,0
mixed_cp_1001,30,53,5.799232783633901,46.300300577131985,0.12525259472069558,0
mixed_cp_1001,30,54,2.2789851322042503,162.08537035593824,0.01406039994355824,1
mixed_cp_1001,30,55,2.2874970696401853,48.335925102145545,0.04732498788025984,2
mixed_cp_1001,30,56,4.509669951980557,67.58597928757919,0.06672493318165673,0
mixed_cp_1001,30,57,5.026676226104107,141.968898999763,0.035406883208360294,0
mixed_cp_1001,30,58,2.6049991769288514,68.13045624610777,0.03823545768604291,0
mixed_cp_1001,30,59,2.185015498464267,70.13386875788387,0.031154926102927204,2
mixed_cp_1001,30,60,5.627594966798914,53.58299824967661,0.10502575724815619,0
mixed_cp_1001,30,61,6.157898543034219,39.01255296440766,0.15784402903989023,0
mixed_cp_1001,30,62,1.6489874978751178,37.298206776578475,0.04421090557390026,2
mixed_cp_1001,30,63,3.58685436801715,33.018308471059456,0.10863228717973325,0
mixed_cp_1001,31,0,1.1173450655441979,35.35177813009524,0.03160647426085177,2
mixed_cp_1001,31,1,3.9002350576759803,96.14421469937297,0.040566508030372594,0
mixed_cp_1001,31,2,1.447749387480329,44.93471222370451,0.03221895313967527,2
mixed_cp_1001,31,3,1.7343685993907314,62.483222485334494,0.027757348779471273,1
mixed_cp_1001,31,4,1.7197914347728551,75.60988788193487,0.022745589008917936,0
mixed_cp_1001,31,5,1.4488134619842978,42.32612202564946,0.034229770946327724,2
mixed_cp_1001,31,6,2.367463621099535,82.1570756635975,0.028816308296967786,0
mixed_cp_1001,31,7,3.6662774923619357,64.80262105208676,0.056576067955878995,0
mixed_cp_1001,31,8,1.8162770866948734,48.81311013780706,0.037208796603355916,0
mixed_cp_1001,31,9,4.432109075406852,227.30367456534694,0.019498624841336108,0
mixed_cp_1001,31,10,1.5842318034298566,81.99786118089986,0.019320403979011087,7
mixed_cp_1001,31,11,3.565665513407573,29.61904730077531,0.12038420673018196,0
mixed_cp_1001,31,12,4.9925669450897265,79.20218020707101,0.06303572618881015,0
mixed_cp_1001,31,13,6.260299658204288,43.46284935161865,0.14403794853756272,0
mixed_cp_1001,31,14,11.566854127003971,42.955135852360016,0.26927755895732947,0
mixed_cp_1001,31,15,4.0753187433027485,19.830968792106187,0.20550275611975893,0
mixed_cp_1001,31,16,6.567983326843659,31.96201060637541,0.20549343430646236,0
mixed_cp_1001,31,17,8.35297397421811,51.241979933048725,0.16301036738103916,0
mixed_cp_1001,31,18,7.107859139981929,38.75924366844438,0.18338487718656782,0
mixed_cp_1001,31,19,2.1413018700761075,30.272554310052957,0.0707340995459052,0
mixed_cp_1001,31,20,6.960647019794202,39.150093397344556,0.1777938803146335,0
mixed_cp_1001,31,21,1.7615154178434003,47.16533030287587,0.03734767479696825,0
mixed_cp_1001,31,22,6.234328160590436,60.40247848243434,0.10321311835578803,0
mixed_cp_1001,31,23,4.826044051708333,21.789553813298813,0.22148429899298144,0
mixed_cp_1001,31,24,6.5117778177828995,71.36481759431835,0.09124633169806251,0
mixed_cp_1001,31,25,7.264680457874196,59.533871050347685,0.1220260051917415,0
mixed_cp_1001,31,26,3.900124288668553,49.6815028379739,0.07850254251341819,0
mixed_cp_1001,31,27,1.104961410028728,26.340555895307347,0.04194905431838591,2
mixed_cp_1001,31,28,7.001928236703409,76.76051196805018,0.09121784179367906,0
mixed_cp_1001,31,29,1.5835780622742357,34.441926393602486,0.04597820819245412,0
mixed_cp_1001,31,30,4.31662788905535,234.80073791631096,0.01838421773015853,0
mixed_cp_1001,31,31,3.4643815420016937,71.9693070363987,0.04813693065364061,0
mixed_cp_1001,31,32,3.9567296458061105,59.39767162575464,0.06661422135763459,3
mixed_cp_1001,31,33,4.276062619070038,46.91280030880887,0.0911491659189468,2
mixed_cp_1001,31,34,3.585021495807451,48.50814548488715,0.07390555668479172,2
mixed_cp_1001,31,35,7.623206073775701,75.1042682632384,0.1015016356601275,0
mixed_cp_1001,31,36,3.931728317934729,113.54306636286003,0.03462763904375933,0
mixed_cp_1001,31,37,4.956072898975454,74.10714455360255,0.06687712674438116,0
mixed_cp_1001,31,38,4.2891468579907785,72.35353212123837,0.05928040735874122,2
mixed_cp_1001,31,39,4.289309867789693,52.64021168766668,0.08148352239234356,0
mixed_cp_1001,31,40,4.949143327535538,74.76734947045098,0.06619391168188332,0
mixed_cp_1001,31,41,1.390451038273028,59.648597595154094,0.02331070795176565,4
mixed_cp_1001,31,42,4.3936911821288005,249.8505933023352,0.01758527415947399,0
mixed_cp_1001,31,43,4.710101083783197,227.6701690842981,0.020688266287706827,3
mixed_cp_1001,31,44,2.044019616861584,95.40867821919561,0.021423833292874825,0
mixed_cp_1001,31,45,1.9938666377525676,59.629990638409105,0.033437312607395756,0
mixed_cp_1001,31,46,7.5303498558606625,68.61146465382329,0.1097535214246595,0
mixed_cp_1001,31,47,8.028207528748373,50.63891865183117,0.15853828917529744,0
mixed_cp_1001,31,48,3.2397956907530485,73.36453768262714,0.044160241352140875,8
mixed_cp_1001,31,49,3.2374711697018674,29.76393510833404,0.1087716109418395,0
mixed_cp_1001,31,50,3.24738779216215,32.95782328548517,0.09853162218975546,0
mixed_cp_1001,31,51,1.2430231415864494,47.658730750278956,0.026081750856933466,7
mixed_cp_1001,31,52,4.903824059937479,126.42998394105287,0.03878687560558304,2
mixed_cp_1001,31,53,2.3396482892446713,54.324065630901096,0.043068357680390766,2
mixed_cp_1001,31,54,8.30826956395323,93.64351131813775,0.08872231985969974,0
mixed_cp_1001,31,55,2.5554538869238264,62.56772117426929,0.040843007208239926,0
mixed_cp_1001,31,56,5.225790698161753,207.22414187672985,0.025218059299627296,3
mixed_cp_1001,31,57,7.957508786963017,277.89353987455866,0.02863509814065862,3
mixed_cp_1001,31,58,2.690716315351971,64.44695765061411,0.04175086634716156,0
mixed_cp_1001,31,59,3.8890528974458802,136.0720495856624,0.02858083573583256,0
mixed_cp_1001,31,60,3.6499833372041204,137.6348995532085,0.02651931558821727,0
mixed_cp_1001,31,61,1.5448621884784468,71.40616387500103,0.02163485761793312,2
mixed_cp_1001,31,62,3.2479031585028397,149.3138003684535,0.021752196719179114,2
mixed_cp_1001,31,63,2.888546396101909,86.02084638157031,0.03357960910183245,0
mixed_cp_1002,0,0,4.094239735929287,42.36299599829007,0.09664660488352964,1
mixed_cp_1002,0,1,3.0292125687583966,48.01835829925902,0.06308446760882162,0
mixed_cp_1002,0,2,4.024720424663979,52.58935172489037,0.07653109028075529,0
mixed_cp_1002,0,3,2.129449029084413,59.69560147258585,0.03567179116307798,0
mixed_cp_1002,0,4,2.9587706878326427,156.91273936382282,0.018856153425327333,2
mixed_cp_1002,0,5,2.9808781896308147,125.89394628469496,0.023677692832742687,0
mixed_cp_1002,0,6,1.8504012623548607,46.10905010558437,0.040130977717338714,3
mixed_cp_1002,0,7,3.069745996056849,82.42148851080603,0.03724448625620713,3
mixed_cp_1002,0,8,11.306027142376967,244.29528017789968,0.04628017018643889,3
mixed_cp_1002,0,9,4.063014794949354,68.48928351886623,0.05932336544052393,0
mixed_cp_1002,0,10,1.659909943576975,35.71597845439881,0.046475275644381496,2
mixed_cp_1002,0,11,3.5661921835142443,144.83540444348284,0.02462237874238706,2
mixed_cp_1002,0,12,2.7042082692829754,117.51502537748904,0.023011595841436874,3
mixed_cp_1002,0,13,3.7669268501378266,183.3974549561333,0.02053968988304028,3
mixed_cp_1002,0,14,2.642403380550772,192.62016451076025,0.013718207474603008,2
mixed_cp_1002,0,15,1.8086245363377813,37.08627154936188,0.04876803358165836,7
mixed_cp_1002,0,16,4.479365623879899,40.04241148170505,0.11186553102393629,3
mixed_cp_1002,0,17,4.997417762854352,190.02033106706963,0.026299384570014572,0
mixed_cp_1002,0,18,2.789349802680723,190.41323635419243,0.014648928068698877,3
mixed_cp_1002,0,19,7.833021060155436,17.38024129734885,0.450685403392545,0
mixed_cp_1002,0,20,9.383566769985515,54.547758231838245,0.17202479211159494,0
mixed_cp_1002,0,21,6.989612695893773,53.997502636782706,0.12944325856900835,0
mixed_cp_1002,0,22,4.752172101908776,51.67843342393767,0.09195658202184492,0
mixed_cp_1002,0,23,2.402430048424653,49.73385609108488,0.04830572646578483,2
mixed_cp_1002,0,24,4.643574860085897,70.1803311590278,0.06616632870488472,3
mixed_cp_1002,0,25,9.211693572552603,145.93634876458387,0.0631213104242616,0
mixed_cp_1002,0,26,7.499416474738117,92.71023141528666,0.08089092606343733,0
mixed_cp_1002,0,27,1.9237714118222458,49.458888533283535,0.03889637371304123,0
mixed_cp_1002,0,28,8.943967128770161,182.84323852223363,0.0489160397784279,0
mixed_cp_1002,0,29,8.035969295278386,69.69284064084854,0.11530552093134691,0
mixed_cp_1002,0,30,11.802758517992867,12.820656161919446,0.9206048714612604,0
mixed_cp_1002,0,31,1.6915833085541216,33.49291561332069,0.05050570479093647,2
mixed_cp_1002,0,32,2.1390796060607227,67.31295048735478,0.03177812873412174,3
mixed_cp_1002,0,33,1.9165802484330372,139.04290812996453,0.013784092077832507,1
mixed_cp_1002,0,34,3.506282180859145,80.60839360747156,0.043497730496072674,0
mixed_cp_1002,0,35,4.118826893941684,29.813960034696006,0.13815094972785893,0
mixed_cp_1002,0,36,5.306886461134484,102.40500723720517,0.05182252903749045,0
mixed_cp_1002,0,37,6.98875286929851,144.61789174574568,0.04832564480739018,0
mixed_cp_1002,0,38,1.9776500504136114,45.51538280280071,0.04345014649183441,0
mixed_cp_1002,0,39,2.4734644751918915,135.73919228397082,0.018222183538688833,1
mixed_cp_1002,0,40,7.65669708111191,127.87824916497178,0.05987489765545853,0
mixed_cp_1002,0,41,7.616430326586785,64.67383044255072,0.11776680419992137,0
mixed_cp_1002,0,42,10.742019875078821,61.642177754412195,0.17426412022423937,0
mixed_cp_1002,0,43,3.632033772698279,67.90998253290755,0.05348306150628566,0
mixed_cp_1002,0,44,5.55253788260302,110.66172903355664,0.05017577378462332,0
mixed_cp_1002,0,45,1.5532469697572342,52.87956160160212,0.02937329513923532,3
mixed_cp_1002,0,46,2.422653248386074,45.2447529658587,0.05354550725946469,0
mixed_cp_1002,0,47,1.6314703176108107,63.697040135660245,0.025612969050620705,3
mixed_cp_1002,0,48,10.624041520491284,140.4230335057465,0.07565739932584863,2
mixed_cp_1002,0,49,1.5256047796038428,19.802911814138497,0.0770394169262836,3
mixed_cp_1002,0,50,2.450313634002745,83.69528280526889,0.029276603792639192,5
mixed_cp_1002,0,51,4.47039255701018,86.38075160961682,0.05175218406541959,0
mixed_cp_1002,0,52,2.4809449038931723,38.80713068018448,0.06393012986038624,2
mixed_cp_1002,0,53,5.887682341789156,43.17582285487494,0.13636526075204572,0
mixed_cp_1002,0,54,2.5939336373876363,67.0839998844202,0.03866694952383213,1
mixed_cp_1002,0,55,3.035743455360842,90.5594193525764,0.03352211704827451,2
mixed_cp_1002,0,56,7.974477829391528,77.78246519240203,0.10252282194535657,0
mixed_cp_1002,0,57,3.199469575091281,54.9926047550603,0.058179996916710386,0
mixed_cp_1002,0,58,5.616517315523805,71.30714961622097,0.0787651356946984,0
mixed_cp_1002,0,59,9.048526093151722,38.93766876403537,0.23238489566456424,0
mixed_cp_1002,0,60,1.5635079187814767,42.08160298754421,0.037154191090207796,0
mixed_cp_1002,0,61,2.9817504750552954,66.92200541726385,0.04455560553608416,0
mixed_cp_1002,0,62,15.982367329251923,103.4530211923646,0.15448913086388927,0
mixed_cp_1002,0,63,1.3531218775531142,49.39988116495848,0.027391197015934187,2
mixed_cp_1002,1,0,2.975288830804202,38.73868791611882,0.07680406825462488,0
mixed_cp_1002,1,1,1.439858180107436,23.12140325781232,0.06227382326463827,3
mixed_cp_1002,1,2,2.3565423142453636,59.365595504899325,0.03969542113076054,0
mixed_cp_1002,1,3,6.247675117752425,197.45663780190154,0.03164074496204279,0
mixed_cp_1002,1,4,2.576344486134842,82.09956470529578,0.03138073259441602,1
mixed_cp_1002,1,5,2.098911475805339,44.59773266520516,0.0470631879777802,0
mixed_cp_1002,1,6,2.4604610911813665,57.566366854139396,0.04274129540632011,3
mixed_cp_1002,1,7,2.0937318935602742,76.57186772823532,0.027343356714129435,3
mixed_cp_1002,1,8,3.3524571382179187,114.7370892109186,0.029218600203942534,6
mixed_cp_1002,1,9,2.1406801234376767,50.471621655401904,0.0424135395936612,6
mixed_cp_1002,1,10,2.0295091460914585,65.35815855229971,0.031052116385247325,3
mixed_cp_1002,1,11,3.3123726854854114,87.03165022146229,0.0380594034130881,1
mixed_cp_1002,1,12,3.9525855359403175,75.40480707012836,0.05241821694821544,0
mixed_cp_1002,1,13,5.505311578056235,148.92281330614819,0.03696755020829943,0
mixed_cp_1002,1,14,1.974855468541898,55.598088440031134,0.035520204452208895,6
mixed_cp_1002,1,15,1.9643854127875795,51.68036055678156,0.03801028846595016,1
mixed_cp_1002,1,16,4.287583536063048,301.268090802201,0.014231787789560763,3
mixed_cp_1002,1,17,2.1208637085997433,50.80458303006951,0.0417455194415133,2
mixed_cp_1002,1,18,2.164515089914073,38.075828084232526,0.056847485631190096,2
mixed_cp_1002,1,19,3.979977452975891,77.23531484896442,0.05153053963408883,0
mixed_cp_1002,1,20,8.686303469223308,180.34059307117718,0.0481661023804828,0
mixed_cp_1002,1,21,6.044490598237679,96.39630256504782,0.06270458967198334,0
mixed_cp_1002,1,22,2.2517642369750415,61.77713210208418,0.03644980206031729,0
mixed_cp_1002,1,23,16.43573076839018,132.1089095649862,0.12441046423371784,0
mixed_cp_1002,1,24,1.18630249438297,43.69529416207665,0.02714943375784772,6
mixed_cp_1002,1,25,2.4044226475671064,82.92075316108469,0.028996633000862797,0
mixed_cp_1002,1,26,7.2665211787621695,150.06356632781444,0.04842295406260322,0
mixed_cp_1002,1,27,4.830284765887568,71.68665906740412,0.06738052559187956,0
mixed_cp_1002,1,28,8.42909458834049,73.84804161253311,0.11414107137148438,0
mixed_cp_1002,1,29,4.879928466454611,61.07733409642533,0.07989753545481315,0
mixed_cp_1002,1,30,7.085510902194366,68.47112397216527,0.10348173786477861,0
mixed_cp_1002,1,31,7.7929516572594375,118.86868978228455,0.06555932997606617,0
mixed_cp_1002,1,32,6.630429052810207,78.76346997749901,0.08418152545468571,0
mixed_cp_1002,1,33,4.232540949369526,68.58129335675406,0.06171567700469293,0
mixed_cp_1002,1,34,4.1189886997914025,114.27711490749923,0.03604386322778176,1
mixed_cp_1002,1,35,4.26820997179272,101.0341206313746,0.04224523304721368,2
mixed_cp_1002,1,36,4.633715835104228,136.36157688822937,0.0339810960011288,0
mixed_cp_1002,1,37,3.708426589784009,82.28276499139534,0.045069299630023554,3
mixed_cp_1002,1,38,2.597821224647447,69.30061518365308,0.03748626498860045,2
mixed_cp_1002,1,39,5.8699817721808,351.5816019798883,0.016695929875524554,3
mixed_cp_1002,1,40,3.532546079895618,63.9932214930976,0.05520187915960198,0
mixed_cp_1002,1,41,5.753943432588425,62.83636910784962,0.09157027234836893,0
mixed_cp_1002,1,42,7.9625135028158525,169.70270108205807,0.046920369870634276,0
mixed_cp_1002,1,43,1.9953340976859277,83.01017604311801,0.02403722281771202,0
mixed_cp_1002,1,44,5.680256390178375,131.14364449426873,0.04331324184319595,0
mixed_cp_1002,1,45,3.240848409697559,164.6558683904311,0.019682556360596133,0
mixed_cp_1002,1,46,2.227253012226356,87.29242863771097,0.0255148475874134,2
mixed_cp_1002,1,47,4.640485854322462,39.463797945665455,0.1175884252375196,0
mixed_cp_1002,1,48,2.9945986672940306,95.96842897222693,0.03120399801647958,0
mixed_cp_1002,1,49,6.099549701111646,158.68331709964568,0.03843850640758546,0
mixed_cp_1002,1,50,3.3380009944250477,89.59801811580616,0.03725529944323829,0
mixed_cp_1002,1,51,6.96523472510826,45.78139964458891,0.15214114857083688,0
mixed_cp_1002,1,52,5.571436882464998,63.27636155317048,0.08804926114127748,6
mixed_cp_1002,1,53,3.336155419485095,34.60926753735684,0.09639485770347747,5
mixed_cp_1002,1,54,10.178930892460148,104.74375021551494,0.09717936269721623,0
mixed_cp_1002,1,55,2.7487616827072676,71.3081728323569,0.03854763870011805,1
mixed_cp_1002,1,56,3.267465199522644,100.83606701819237,0.03240373505377935,0
mixed_cp_1002,1,57,3.171542570658894,79.73562550374348,0.03977572823467716,1
mixed_cp_1002,1,58,4.074423033334389,58.413209251445245,0.06975174083991252,0
mixed_cp_1002,1,59,6.411534562524205,50.991855668937184,0.12573644317145205,0
mixed_cp_1002,1,60,3.5209064943501156,86.24100261932728,0.04082636318470923,0
mixed_cp_1002,1,61,5.223665242132298,128.51624840538437,0.040645951830581485,0
mixed_cp_1002,1,62,1.3624323270084124,57.40504055969159,0.023733670662451876,0
mixed_cp_1002,1,63,3.9579790381460542,91.76980988650948,0.04312942396895924,0
mixed_cp_1002,2,0,3.8854079411273443,91.81174135953533,0.04231929253919783,0
mixed_cp_1002,2,1,2.2766616240568895,85.8952216058249,0.026505102163942727,1
mixed_cp_1002,2,2,1.693226609189076,48.38355837452837,0.03499590906650799,1
mixed_cp_1002,2,3,1.4265629163732916,62.836885877574275,0.02270263550540487,1
mixed_cp_1002,2,4,4.2916635570605255,88.40628405954772,0.04854477939791921,0
mixed_cp_1002,2,5,2.1985763068501343,80.36299542180112,0.027358068166952597,0
mixed_cp_1002,2,6,2.04742944666377,78.91180657738344,0.0259457936076523,0
mixed_cp_1002,2,7,3.4341256608499804,226.12442585617703,0.015186885042813568,2
mixed_cp_1002,2,8,1.4096862923510918,43.351436011313744,0.032517637754449366,0
mixed_cp_1002,2,9,1.1547320323765964,54.983795773013505,0.021001315317400265,11
mixed_cp_1002,2,10,6.605094215696633,102.04985439795989,0.06472419049162972,0
mixed_cp_1002,2,11,3.3513018938278103,51.331458827378455,0.06528748588848482,0
mixed_cp_1002,2,12,1.9918758107131411,69.36699195692539,0.02871503801044206,1
mixed_cp_1002,2,13,2.4457771011873777,93.6443042631918,0.026117734767011607,1
mixed_cp_1002,2,14,2.8740664876873123,35.82219746726966,0.08023144002579168,0
mixed_cp_1002,2,15,1.6756033754536501,71.76562894217574,0.02334827131249343,2
mixed_cp_1002,2,16,3.2956103072516263,82.92029917711011,0.039744312791401136,2
mixed_cp_1002,2,17,2.6417780277804,73.84568707449982,0.03577430358411075,1
mixed_cp_1002,2,18,3.209089491818853,43.00714762458645,0.07461758496125587,2
mixed_cp_1002,2,19,6.138870122735175,38.155551643891116,0.1608906137704351,0
mixed_cp_1002,2,20,6.248467041407216,85.7212643377153,0.07289284741286814,0
mixed_cp_1002,2,21,9.03504956174519,71.14089058125258,0.12700219926858988,2
mixed_cp_1002,2,22,3.7025825295763655,62.217225913068994,0.05951056922321929,0
mixed_cp_1002,2,23,4.6354612934937895,157.41342993665873,0.02944768623210258,3
mixed_cp_1002,2,24,6.537869676216026,63.531918068632606,0.10290685178359105,0
mixed_cp_1002,2,25,2.860309522163256,68.84136733320446,0.041549283998367575,3
mixed_cp_1002,2,26,4.585480171038832,103.20454130203476,0.044430992213987254,0
mixed_cp_1002,2,27,5.285784430344749,66.16220778280726,0.07989129455438607,0
mixed_cp_1002,2,28,5.3327763522109155,39.63382227996551,0.13455114963530984,0
mixed_cp_1002,2,29,3.5821729651501024,59.48430018394583,0.06022047757261659,0
mixed_cp_1002,2,30,3.206819424799957,269.76013023496387,0.011887670064537647,0
mixed_cp_1002,2,31,3.045492684279939,81.22692450681488,0.03749363530345685,0
mixed_cp_1002,2,32,2.8816578130146873,153.77576195432565,0.018739349923498315,0
mixed_cp_1002,2,33,2.5034318454668827,88.3194246733498,0.028345201010149784,1
mixed_cp_1002,2,34,1.939756593644252,27.153009588386748,0.0714379961208381,0
mixed_cp_1002,2,35,4.076902032532151,85.48200399860512,0.04769310313079086,0
mixed_cp_1002,2,36,3.9747425818516136,41.406103933028696,0.09599412174302767,0
mixed_cp_1002,2,37,6.775165266660938,90.686367732001,0.07470985370902829,0
mixed_cp_1002,2,38,4.173258591145553,64.93913901878494,0.06426415031370149,0
mixed_cp_1002,2,39,3.4382135432961682,140.62044746548509,0.024450310074145287,2
mixed_cp_1002,2,40,4.094570738278049,76.57056467021101,0.05347447489663087,0
mixed_cp_1002,2,41,2.3732173620930426,31.63304762763309,0.07502335500610809,0
mixed_cp_1002,2,42,1.3061180678495163,76.28016356682727,0.017122643774947557,4
mixed_cp_1002,2,43,6.609652763644032,48.51703172451011,0.13623365916478625,2
mixed_cp_1002,2,44,10.766366329779304,42.75776430422223,0.2517990943861429,0
mixed_cp_1002,2,45,5.365735253814731,48.4248891628932,0.11080531822727148,0
mixed_cp_1002,2,46,6.407634801974691,42.31028569088491,0.15144390299768445,0
mixed_cp_1002,2,47,1.9471245970182451,40.82452050669286,0.0476949777450302,2
mixed_cp_1002,2,48,6.130216734791426,40.288167862320805,0.15215923334465312,0
mixed_cp_1002,2,49,7.575640666546435,58.16301201146587,0.13024842429159314,0
mixed_cp_1002,2,50,5.647668696261125,61.11900569291865,0.09240445966409877,0
mixed_cp_1002,2,51,2.5626576631487596,42.95736763965603,0.05965583563325808,0
mixed_cp_1002,2,52,2.9810349088470165,72.0850384878766,0.04135441932722797,1
mixed_cp_1002,2,53,1.7686730375082818,47.067069879594776,0.037577717117994285,10
mixed_cp_1002,2,54,7.8465106978735335,73.09761286536283,0.10734291299396985,0
mixed_cp_1002,2,55,1.841837392297652,47.807996064575846,0.03852571837166781,0
mixed_cp_1002,2,56,3.611769601878282,45.873562523153296,0.07873313959549905,0
mixed_cp_1002,2,57,3.3102368907877175,252.48217634443878,0.01311077454541527,3
mixed_cp_1002,2,58,3.57764628111417,25.980764189717277,0.1377036585602104,3
mixed_cp_1002,2,59,3.0109378328915097,40.09314632880052,0.07509856692710175,0
mixed_cp_1002,2,60,6.487757514947907,58.41680152941942,0.11105978665539556,0
mixed_cp_1002,2,61,10.814368112076851,101.02449020752908,0.1070469951381243,0
mixed_cp_1002,2,62,2.6037564661951853,50.03533518501382,0.052038353626839326,0
mixed_cp_1002,2,63,3.3964819185667796,54.61282684363652,0.06219201815520995,2
mixed_cp_1002,3,0,5.1363287196332195,46.90991283812706,0.10949346116581474,1
mixed_cp_1002,3,1,0.9041157931370437,46.38323535012002,0.019492296867874792,7
mixed_cp_1002,3,2,4.768658773585191,48.31574478053404,0.09869782190559212,0
mixed_cp_1002,3,3,2.3133626923838997,23.34144463425591,0.09910966217527119,1
mixed_cp_1002,3,4,7.094810900040307,93.01241626965302,0.07627810548939709,0
mixed_cp_1002,3,5,5.827927073642625,105.00589877395765,0.05550094939131172,0
mixed_cp_1002,3,6,8.072760150284152,184.74021278786654,0.043697904362348765,0
mixed_cp_1002,3,7,2.851549602618662,50.87061668043368,0.056054944655613954,2
mixed_cp_1002,3,8,9.936874718723463,84.0424363052548,0.11823639527335018,0
mixed_cp_1002,3,9,12.111336214102451,91.75460181723875,0.13199704400904486,0
mixed_cp_1002,3,10,3.752497328220708,22.503144845558303,0.16675435162394114,0
mixed_cp_1002,3,11,3.5830331895939964,80.10235494357082,0.04473068478596057,0
mixed_cp_1002,3,12,4.494641419264887,189.2251523107353,0.023752875156279597,2
mixed_cp_1002,3,13,1.8692244762591765,35.107814257927885,0.05324240530972608,2
mixed_cp_1002,3,14,5.255574893969153,100.36561210235887,0.05236429872623307,0
mixed_cp_1002,3,15,4.481372829134805,74.01088227391578,0.060550187910869004,0
mixed_cp_1002,3,16,4.118964172220627,91.39578710844616,0.04506733080960557,6
mixed_cp_1002,3,17,1.4018935663010321,54.569552318034,0.0256900323852893,1
mixed_cp_1002,3,18,6.146249469179294,73.46079065238374,0.08366707483810418,0
mixed_cp_1002,3,19,5.644578182817012,163.56238398838443,0.034510246458732644,2
mixed_cp_1002,3,20,3.2679919678279714,95.31956531864236,0.03428458739717758,2
mixed_cp_1002,3,21,6.0669451316444345,180.75174515003056,0.033565070846805094,3
mixed_cp_1002,3,22,2.8965723429901247,26.808320951284575,0.10804751063125904,0
mixed_cp_1002,3,23,4.6169026751057975,61.383312776440484,0.07521429630102679,0
mixed_cp_1002,3,24,10.324002127808779,95.84898715198273,0.10771112386861792,0
mixed_cp_1002,3,25,3.4604258661558966,72.08449661316936,0.04800513326361635,3
mixed_cp_1002,3,26,3.0059219313392287,91.0107727464294,0.03302819919696989,2
mixed_cp_1002,3,27,5.028364728314562,71.86007536411405,0.06997438706870128,0
mixed_cp_1002,3,28,4.555095067897754,111.71235380102425,0.04077521342009347,2
mixed_cp_1002,3,29,5.557709004269458,76.5510947898731,0.0726013000797042,1
mixed_cp_1002,3,30,2.066187064496249,48.85247187054425,0.04229442207083206,3
mixed_cp_1002,3,31,4.8289853115137324,66.84779225648295,0.07223851601539487,1
mixed_cp_1002,3,32,3.0009315121537434,46.588330051867814,0.06441380295908311,0
mixed_cp_1002,3,33,6.917876891979648,56.36707017747025,0.12272904854197483,0
mixed_cp_1002,3,34,5.124315903923859,30.94024991728238,0.16561973214901396,0
mixed_cp_1002,3,35,4.293445807571752,46.20892299155324,0.09291378222246324,0
mixed_cp_1002,3,36,1.7547395153873022,62.648722805753785,0.0280091825786773,6
mixed_cp_1002,3,37,9.669638989487202,83.12889399741873,0.11632103501566445,0
mixed_cp_1002,3,38,8.780588261410312,60.79439010618215,0.144430896437555,0
mixed_cp_1002,3,39,3.369728935970679,37.38445031235992,0.09013718023979053,0
mixed_cp_1002,3,40,6.036128343737118,37.31446096280597,0.1617637824047295,0
mixed_cp_1002,3,41,5.84231460596197,52.54594207636976,0.11118488650314437,0
mixed_cp_1002,3,42,6.215616311789378,50.975711913497015,0.12193289859957106,0
mixed_cp_1002,3,43,3.6522099598194564,53.03628186159505,0.06886248114734674,2
mixed_cp_1002,3,44,9.692042389700129,56.176603767849656,0.17252809425348292,0
mixed_cp_1002,3,45,10.030307657837263,45.06809054557488,0.22255896658621832,0
mixed_cp_1002,3,46,7.471562410849969,39.89921151529698,0.18726090383980248,0
mixed_cp_1002,3,47,4.91087121593486,48.99323218349319,0.10023570597551701,0
mixed_cp_1002,3,48,5.099113324314039,273.09997539530787,0.01867123318826065,2
mixed_cp_1002,3,49,11.516173047967952,262.1884756338388,0.04392326176857196,1
mixed_cp_1002,3,50,2.47608657999442,74.66623072243927,0.03316206745722719,2
mixed_cp_1002,3,51,5.465158048314331,161.60722208891252,0.033817535984298576,2
mixed_cp_1002,3,52,7.672447922218267,107.57057793395178,0.07132478108399809,0
mixed_cp_1002,3,53,7.370037451257682,82.94372050234881,0.08885588211646446,0
mixed_cp_1002,3,54,8.847201185317159,107.84524682732065,0.08203607897048162,0
mixed_cp_1002,3,55,6.137360992378235,65.99037788478806,0.09300387706664436,0
mixed_cp_1002,3,56,11.813843308610254,238.23029975733587,0.04959001151677168,0
mixed_cp_1002,3,57,2.7539665212907343,19.622261256499787,0.14034909051975317,1
mixed_cp_1002,3,58,3.6473714480383355,40.944148597659435,0.08908162882758873,2
mixed_cp_1002,3,59,4.501631704883234,85.93268341362268,0.05238555955730346,2
mixed_cp_1002,3,60,3.19146423407023,56.78672332838035,0.05620088723230188,3
mixed_cp_1002,3,61,6.900860485430413,72.74031642159149,0.09486981669744335,0
mixed_cp_1002,3,62,1.1662113971268826,20.810928577102793,0.05603841235657335,2
mixed_cp_1002,3,63,3.0914614980611725,12.921494350316875,0.23924953370314792,0
mixed_cp_1002,4,0,3.135342628770307,42.480199603553864,0.07380715387476679,0
mixed_cp_1002,4,1,5.251999331194353,56.94299113290249,0.09223258607782674,1
mixed_cp_1002,4,2,3.3770670024422405,40.76547401862454,0.0828413524861592,0
mixed_cp_1002,4,3,6.086625683293142,65.38437599131589,0.09308991010484745,0
mixed_cp_1002,4,4,3.8351979184954836,60.149387902719646,0.06376121274414624,0
mixed_cp_1002,4,5,3.8037775731390693,55.8908331601568,0.06805727089877574,5
mixed_cp_1002,4,6,1.7342981099588601,60.1837293276083,0.028816727200773173,2
mixed_cp_1002,4,7,6.099717526079419,227.57460549921888,0.026803155443019568,2
mixed_cp_1002,4,8,6.684179420914687,284.00931046515933,0.023535071473421522,2
mixed_cp_1002,4,9,3.040706962427519,46.359580020839125,0.06558961407891721,2
mixed_cp_1002,4,10,3.51791804215913,48.45299790197565,0.07260475500971403,1
mixed_cp_1002,4,11,15.246986962720483,188.3029076674602,0.08097053386794434,0
mixed_cp_1002,4,12,4.757373947123166,36.374682803006664,0.1307880531326566,0
mixed_cp_1002,4,13,2.730294735950657,36.01915015798801,0.07580119808421289,0
mixed_cp_1002,4,14,2.2590502570558755,79.10055347649921,0.028559221873549086,0
mixed_cp_1002,4,15,3.9599197891985742,75.31972598355598,0.052574803446086824,2
mixed_cp_1002,4,16,3.542831518026577,177.91291565246678,0.019913290190505938,1
mixed_cp_1002,4,17,4.425158335592665,94.70812214792159,0.04672416932394829,2
mixed_cp_1002,4,18,2.923292193248075,80.66078166192493,0.0362418034268565,3
mixed_cp_1002,4,19,3.4627467787001627,174.9162948631624,0.0197965934586545,1
mixed_cp_1002,4,20,4.14173205705341,99.61548845644543,0.04157718966427883,2
mixed_cp_1002,4,21,4.037242351007535,85.64644908824695,0.047138467431938814,1
mixed_cp_1002,4,22,4.128005691424511,64.6002417558592,0.06390077775599197,3
mixed_cp_1002,4,23,2.931295403863651,50.78971666030182,0.057714348427440734,3
mixed_cp_1002,4,24,6.080813398803245,120.83631666835495,0.05032273050404647,0
mixed_cp_1002,4,25,4.428277834148253,78.75740390816733,0.05622681315539186,0
mixed_cp_1002,4,26,5.5720853724601636,171.69649343015593,0.032453111074902764,0
mixed_cp_1002,4,27,4.904268087828808,89.2938123671243,0.05492282116553951,0
mixed_cp_1002,4,28,1.3640564028793252,25.238155650412676,0.05404738847693972,3
mixed_cp_1002,4,29,2.937580148560007,51.64703398126915,0.056878002899941556,0
mixed_cp_1002,4,30,3.0047814598243505,67.45480817898599,0.04454510421038336,1
mixed_cp_1002,4,31,8.172703109586658,85.41255669005338,0.09568503070624511,0
mixed_cp_1002,4,32,5.245671575444447,58.266008383306165,0.09002970550059833,0
mixed_cp_1002,4,33,3.8199672668647224,57.247594764822345,0.06672712246789494,2
mixed_cp_1002,4,34,3.8785106942000414,48.47714098162156,0.08000700156121925,2
mixed_cp_1002,4,35,2.0914231785301403,57.73755577263439,0.03622292545195346,1
mixed_cp_1002,4,36,4.800248731596277,213.4041126366826,0.02249370301390878,3
mixed_cp_1002,4,37,13.829158193245396,230.62993492108754,0.05996254648373026,2
mixed_cp_1002,4,38,2.876375200875269,107.01768241283392,0.026877569538268423,2
mixed_cp_1002,4,39,3.533722687940502,57.00176020593116,0.061993220475546125,0
mixed_cp_1002,4,40,8.378026135324703,70.98052612836743,0.1180327421097604,0
mixed_cp_1002,4,41,4.956972559399191,65.05073501306524,0.07620163797386147,2
mixed_cp_1002,4,42,9.264939374363713,72.25920689494451,0.12821811603653124,2
mixed_cp_1002,4,43,7.467705240653632,150.18599433520194,0.04972304690400338,0
mixed_cp_1002,4,44,2.932293852003072,52.59770600476946,0.05574946275674413,0
mixed_cp_1002,4,45,6.479434753960496,34.8732898906189,0.18579935458580002,0
mixed_cp_1002,4,46,12.425348300507034,24.353060833004104,0.5102171092870501,0
mixed_cp_1002,4,47,11.247846935549296,19.591424816225377,0.5741209248974055,0
mixed_cp_1002,4,48,8.304506933744113,14.849873763994653,0.5592308100207163,0
mixed_cp_1002,4,49,7.057692769041999,11.945875456229013,0.5908058220514816,0
mixed_cp_1002,4,50,2.3144778928197667,48.08895533848887,0.04812909485200091,3
mixed_cp_1002,4,51,10.732471361926459,53.24947696917725,0.2015507376370815,0
mixed_cp_1002,4,52,8.174608946322815,159.18283855659567,0.05135358195925389,0
mixed_cp_1002,4,53,3.7065173908477695,48.075611498215736,0.07709766501847475,0
mixed_cp_1002,4,54,10.634332388430476,77.39226877787821,0.13740820053940828,0
mixed_cp_1002,4,55,4.388848436031001,32.17239823821742,0.13641657682881445,0
mixed_cp_1002,4,56,7.748260487596687,72.95974368346201,0.10619911880738976,0
mixed_cp_1002,4,57,12.221970847953289,196.74062666315245,0.062122252303684164,0
mixed_cp_1002,4,58,6.291859226981892,96.7388859532829,0.06503960806433468,2
mixed_cp_1002,4,59,5.5878583160028485,75.17387020052537,0.07433245489552827,0
mixed_cp_1002,4,60,8.617280982130803,45.516565099096624,0.1893218647621947,0
mixed_cp_1002,4,61,2.5574423588014525,37.09948247535509,0.06893471790341935,1
mixed_cp_1002,4,62,2.773590329946871,105.13734189491582,0.026380639646749478,1
mixed_cp_1002,4,63,4.22374310373646,92.0177262355061,0.04590140700636743,1
mixed_cp_1002,5,0,1.2245238378576357,54.051809596192584,0.02265463167664032,0
mixed_cp_1002,5,1,2.2133904749690037,78.96786471021629,0.028029002469439335,3
mixed_cp_1002,5,2,2.731491617414158,87.20368686619457,0.03132312079425451,1
mixed_cp_1002,5,3,2.776132958682287,129.6534759521278,0.021411943939762354,0
mixed_cp_1002,5,4,2.1880695339179823,68.41093224085047,0.031984208696565784,0
mixed_cp_1002,5,5,7.034994301439515,241.92485017611196,0.02907925455495089,0
mixed_cp_1002,5,6,14.81196342469398,286.4407815784295,0.051710386150578075,2
mixed_cp_1002,5,7,1.7599428917555273,35.81588924356539,0.049138606605215455,0
mixed_cp_1002,5,8,2.9809606784772464,61.59167989890456,0.048398755860696446,0
mixed_cp_1002,5,9,3.8980440389709266,68.0915448647747,0.05724710823806661,1
mixed_cp_1002,5,10,4.300020405830428,53.05921137221074,0.08104192080175777,0
mixed_cp_1002,5,11,4.411305741725835,37.58287139011482,0.11737543137499899,0
mixed_cp_1002,5,12,4.592222585351177,82.51929192886593,0.05565029071395582,2
mixed_cp_1002,5,13,6.510853968253391,41.018612432794505,0.15872925928249937,0
mixed_cp_1002,5,14,4.252391486736738,48.03448495938343,0.08852788762765829,0
mixed_cp_1002,5,15,7.482442520996013,32.31410459200011,0.2315534536843832,0
mixed_cp_1002,5,16,4.39571455037711,41.86708192080717,0.10499214057219786,0
mixed_cp_1002,5,17,4.714404751408922,65.33304498479144,0.07215957487526205,1
mixed_cp_1002,5,18,3.04443580068169,55.61656146561865,0.05473973436066729,0
mixed_cp_1002,5,19,3.6580845423722574,53.54215720898751,0.06832157561552668,0
mixed_cp_1002,5,20,11.522345828299372,44.612704681308124,0.25827498939168814,0
mixed_cp_1002,5,21,10.323658228123643,34.41610909647261,0.29996587351536896,0
mixed_cp_1002,5,22,8.521524660416153,45.906719947053986,0.18562695549244992,0
mixed_cp_1002,5,23,3.1187937899922145,62.73973331930177,0.04971002624636154,0
mixed_cp_1002,5,24,3.4875894255461213,70.34925444700686,0.04957535730777752,0
mixed_cp_1002,5,25,4.6910808010829985,70.33282803895828,0.06669831047437118,0
mixed_cp_1002,5,26,7.357628281969518,65.10268045499154,0.11301575035848459,0
mixed_cp_1002,5,27,5.155418733133645,57.271333876800306,0.09001743776779787,0
mixed_cp_1002,5,28,2.3666981886313865,91.24059920552156,0.025939090813074824,2
mixed_cp_1002,5,29,4.142824133805053,77.77280129375373,0.05326829000484751,2
mixed_cp_1002,5,30,3.0443873336249143,77.54078100715945,0.0392617574143833,2
mixed_cp_1002,5,31,10.53094061948006,264.8641005381873,0.03975978850316765,2
mixed_cp_1002,5,32,10.12878397096041,63.03625600956034,0.16068187757572777,2
mixed_cp_1002,5,33,4.058142111320499,29.90495343891757,0.13570133521891167,0
mixed_cp_1002,5,34,3.90083534240276,80.05737615103098,0.04872549576248541,2
mixed_cp_1002,5,35,3.216276405365014,100.76351019402067,0.03191905878598371,1
mixed_cp_1002,5,36,4.589061853396686,218.25521435215973,0.021026126990909506,3
mixed_cp_1002,5,37,8.57639650664406,244.43600186004852,0.03508647024735114,3
mixed_cp_1002,5,38,3.725360537193488,40.000422575395156,0.09313302953666824,3
mixed_cp_1002,5,39,2.271526527449681,117.11081471401184,0.019396385662560862,1
mixed_cp_1002,5,40,2.2420076493322934,87.69325980683678,0.02556647630924881,1
mixed_cp_1002,5,41,3.4542616319072788,63.578362850167565,0.05433077350619724,0
mixed_cp_1002,5,42,3.0818684741879374,97.34583226874463,0.031658966823353674,0
mixed_cp_1002,5,43,4.487740727528772,79.15217261968499,0.056697631650513655,1
mixed_cp_1002,5,44,3.582784851986531,39.79831507207002,0.09002353103387753,0
mixed_cp_1002,5,45,3.608237681101666,54.71798519782392,0.06594244411698774,0
mixed_cp_1002,5,46,6.045853252310302,51.267588469979614,0.11792739687474334,0
mixed_cp_1002,5,47,8.397610353042616,28.15742318061595,0.2982378855897465,0
mixed_cp_1002,5,48,4.640282413826386,79.1246377917391,0.05864522787503803,0
mixed_cp_1002,5,49,5.015843424396167,212.38478544126198,0.0236167737438206,3
mixed_cp_1002,5,50,17.07639689282481,268.88440220414844,0.06350832087262423,2
mixed_cp_1002,5,51,3.172833209646488,91.05142785379904,0.03484660575275211,0
mixed_cp_1002,5,52,3.1098034882349483,40.69118078923083,0.07642450840497549,2
mixed_cp_1002,5,53,4.071169658407951,216.04954011555648,0.018843685833491896,0
mixed_cp_1002,5,54,3.7637904219833374,28.607816244085306,0.13156510758703943,4
mixed_cp_1002,5,55,19.678633086130052,44.32499786137487,0.4439624147907328,0
mixed_cp_1002,5,56,10.927624583590752,30.522775124081143,0.35801543402157204,0
mixed_cp_1002,5,57,2.880166733021289,49.92601239031141,0.057688699640274316,1
mixed_cp_1002,5,58,1.9619567409235332,58.89567535950909,0.033312407557047605,2
mixed_cp_1002,5,59,4.084841176106547,159.22596467009814,0.025654366011033252,0
mixed_cp_1002,5,60,1.9733880942272644,52.844151876323906,0.037343547472306275,1
mixed_cp_1002,5,61,9.309443880329013,50.60842884691652,0.18395046225380343,0
mixed_cp_1002,5,62,3.1955820809111595,45.12050727709219,0.07082327468719674,0
mixed_cp_1002,5,63,15.235336444640131,95.97451310584991,0.15874356588646757,0
mixed_cp_1002,6,0,3.8854079411273443,91.81174135953533,0.04231929253919783,0
mixed_cp_1002,6,1,2.274434809259761,49.43736398094337,0.0460063932643433,2
mixed_cp_1002,6,2,3.0971620413667473,82.92417278575236,0.03734932694919674,2
mixed_cp_1002,6,3,3.1381090412149923,56.5828805487878,0.05546039739898363,5
mixed_cp_1002,6,4,2.2203222043012647,52.02618512249452,0.042677013489910216,2
mixed_cp_1002,6,5,3.12195260968313,44.85529283766786,0.06960054014097143,0
mixed_cp_1002,6,6,2.9860448010303506,66.36941044065658,0.04499128109176572,3
mixed_cp_1002,6,7,2.017783977823447,56.051371659227236,0.035998833179156954,0
mixed_cp_1002,6,8,2.996751661010315,134.58296292171244,0.0222669466918598,6
mixed_cp_1002,6,9,2.8197377947534403,80.01642001526231,0.035239489522470566,2
mixed_cp_1002,6,10,1.9463304273322257,85.12691483279718,0.02286386662966852,2
mixed_cp_1002,6,11,1.4735493045488037,50.234620021178266,0.029333342303128288,1
mixed_cp_1002,6,12,2.9329333108890125,65.98962678254354,0.044445368975247354,2
mixed_cp_1002,6,13,2.056124503131251,59.32555438267782,0.03465832767222499,0
mixed_cp_1002,6,14,2.1061747773977335,104.8797836340008,0.020081799412817784,3
mixed_cp_1002,6,15,3.3599298349392206,80.21087266557679,0.04188870814244569,2
mixed_cp_1002,6,16,2.6801150124802633,50.442828486177746,0.05313173533111181,2
mixed_cp_1002,6,17,2.396652087342575,88.53219378294216,0.027070966898420486,0
mixed_cp_1002,6,18,8.535281721879924,57.20951512106076,0.14919339385797029,0
mixed_cp_1002,6,19,3.983582681876939,23.550429315743333,0.16915117038711205,0
mixed_cp_1002,6,20,2.4968140002504917,75.39865951201827,0.03311483276241149,10
mixed_cp_1002,6,21,6.18914368370133,72.62416223491176,0.08522155014582868,0
mixed_cp_1002,6,22,2.5238639768433826,94.54091383481445,0.026695997261600154,0
mixed_cp_1002,6,23,3.774032213945072,268.34976711814795,0.014063854999670845,3
mixed_cp_1002,6,24,2.057992597013121,45.68470482368895,0.045047737639009267,5
mixed_cp_1002,6,25,2.4736458299246236,40.933899713893375,0.06043025089752305,3
mixed_cp_1002,6,26,2.4274624244461314,96.73968747220349,0.025092725518093304,3
mixed_cp_1002,6,27,2.379786308520142,133.04316328812652,0.01788732505830705,0
mixed_cp_1002,6,28,3.175067663001721,77.24375386227716,0.04110452307461329,2
mixed_cp_1002,6,29,4.366222738000146,79.18748843303312,0.05513778532946592,0
mixed_cp_1002,6,30,2.8094631376788626,69.75599179761365,0.04027558157054222,1
mixed_cp_1002,6,31,1.9831103915344197,96.06765955476298,0.020642851098125855,2
mixed_cp_1002,6,32,1.8162225437251942,77.18206942727792,0.023531664247956784,2
mixed_cp_1002,6,33,1.7793379662932975,66.06597492634657,0.026932743644167614,13
mixed_cp_1002,6,34,2.0235508706059195,103.86377759879518,0.01948273900091029,0
mixed_cp_1002,6,35,3.552172416776622,71.44357931216346,0.04971996715416322,0
mixed_cp_1002,6,36,3.182585152582871,94.69768997141378,0.03360784358671887,3
mixed_cp_1002,6,37,2.1884455196015487,69.98339107493146,0.031270927086947994,0
mixed_cp_1002,6,38,2.379534822349616,76.59657279254573,0.031065813202822423,1
mixed_cp_1002,6,39,2.554502159709552,61.21071129538445,0.0417329272222029,0
mixed_cp_1002,6,40,3.9837436231728725,64.36208736077751,0.0618958114400836,0
mixed_cp_1002,6,41,5.539885093787927,72.50407765387835,0.07640791074171523,2
mixed_cp_1002,6,42,1.998289801830249,107.12494693414605,0.018653823026476522,3
mixed_cp_1002,6,43,3.514071228789618,110.69300516330222,0.031746100158771634,0
mixed_cp_1002,6,44,3.9330096475498744,82.59290254994869,0.04761922061246554,0
mixed_cp_1002,6,45,5.101081372980877,39.15181810876757,0.13028976991080146,0
mixed_cp_1002,6,46,3.2612192067042622,54.43842174582746,0.05990657153748629,0
mixed_cp_1002,6,47,6.558446327666267,53.06080954646457,0.1236024550647523,0
mixed_cp_1002,6,48,1.9968210984149428,64.29888725695561,0.031055297900181536,6
mixed_cp_1002,6,49,5.497578283035994,241.45740366652998,0.022768315237202436,0
mixed_cp_1002,6,50,12.63727896368789,260.4446897608969,0.048521929839650924,1
mixed_cp_1002,6,51,3.3541275066089997,100.5432775144026,0.03336003748364507,2
mixed_cp_1002,6,52,2.5511215806967042,81.0917075012842,0.031459709744751686,0
mixed_cp_1002,6,53,2.508415139085568,33.42627788486528,0.07504320845191459,0
mixed_cp_1002,6,54,2.1393086080400496,67.49424885750418,0.03169616143971941,2
mixed_cp_1002,6,55,3.657922734944041,37.015939615928204,0.09882020483332571,0
mixed_cp_1002,6,56,7.156436626582042,47.82454048702202,0.14963942264168872,0
mixed_cp_1002,6,57,5.524731287364149,53.90234462429668,0.1024951943347165,0
mixed_cp_1002,6,58,5.359556997959999,38.60383991679569,0.1388348156429944,0
mixed_cp_1002,6,59,7.100621123380804,93.62793998083522,0.07583869862814706,0
mixed_cp_1002,6,60,4.33927150660178,60.73357040531406,0.07144766029138479,0
mixed_cp_1002,6,61,2.371110519423281,68.19274429119633,0.03477071562479105,2
mixed_cp_1002,6,62,3.062108289771576,57.26656016940978,0.05347114058733477,0
mixed_cp_1002,6,63,3.6232783686019645,48.7655125910403,0.07430001605822699,0
mixed_cp_1002,7,0,4.67539110916762,79.96207524628308,0.058470107169772946,0
mixed_cp_1002,7,1,1.9093226095389346,45.808417503181026,0.04168060617694003,0
mixed_cp_1002,7,2,1.88149211786516,34.15754689909162,0.05508276467931004,2
mixed_cp_1002,7,3,1.7970498537271007,100.26829835807891,0.01792241299747067,5
mixed_cp_1002,7,4,2.4488323868456634,84.56136404756403,0.02895923468628351,5
mixed_cp_1002,7,5,1.6695927083665985,37.38917451278594,0.044654441562908785,2
mixed_cp_1002,7,6,3.228939175992251,92.16898002465436,0.035032818797913784,0
mixed_cp_1002,7,7,2.7371989927791534,71.14276589812212,0.03847473398347877,1
mixed_cp_1002,7,8,2.4848925675614555,69.62995274884767,0.0356871212669691,0
mixed_cp_1002,7,9,8.632815508124043,304.6716093207983,0.028334820981085508,0
mixed_cp_1002,7,10,3.7403678808839906,62.98340633461895,0.059386560660313004,2
mixed_cp_1002,7,11,2.665498230117305,100.81320613555576,0.026439970836094777,0
mixed_cp_1002,7,12,4.448654620765356,107.89029704857063,0.04123312978518019,0
mixed_cp_1002,7,13,5.8372996576218465,81.86738042257355,0.07130189860102461,2
mixed_cp_1002,7,14,1.7783787304138208,45.86744545627907,0.03877213375898543,0
mixed_cp_1002,7,15,3.7483203827030627,74.76157771110724,0.05013698877767502,2
mixed_cp_1002,7,16,1.6356844375330832,37.88567155045976,0.04317422314540531,0
mixed_cp_1002,7,17,2.689137565704879,59.380453783516074,0.04528657823176453,2
mixed_cp_1002,7,18,2.591493572376723,61.636309522444485,0.0420449178812863,0
mixed_cp_1002,7,19,2.694228846991237,72.65826654738093,0.037080830234703065,3
mixed_cp_1002,7,20,5.621378269139036,30.300830496297284,0.18551895037418067,0
mixed_cp_1002,7,21,10.00837485549965,58.99214702362681,0.16965605356745564,0
mixed_cp_1002,7,22,1.173756819801036,42.09206212760182,0.02788546724659865,0
mixed_cp_1002,7,23,1.9601356319994285,65.6955694970789,0.02983664875736535,0
mixed_cp_1002,7,24,2.897720358325974,43.202682948394006,0.0670726945774948,0
mixed_cp_1002,7,25,3.7822134509829364,55.27858872329348,0.06842094811637574,0
mixed_cp_1002,7,26,3.5935054715681884,41.2865144063938,0.08703823810836604,0
mixed_cp_1002,7,27,8.519232820996717,84.46792844690177,0.10085760332517302,0
mixed_cp_1002,7,28,6.992705149312931,68.5447085094734,0.10201670269480373,0
mixed_cp_1002,7,29,2.0623447397124757,69.51263100773417,0.029668633021285203,1
mixed_cp_1002,7,30,2.702324564488655,77.01312984677246,0.03508914090188618,0
mixed_cp_1002,7,31,1.621319530829292,46.46009828087109,0.03489703187943609,0
mixed_cp_1002,7,32,4.881702338673335,78.18142239983189,0.062440694845733995,0
mixed_cp_1002,7,33,2.9790204186648293,71.00946534030307,0.041952441190597406,3
mixed_cp_1002,7,34,2.3570220652893217,64.04471300262432,0.03680275786687871,1
mixed_cp_1002,7,35,3.6883911623317913,86.15922253560628,0.04280901166218767,1
mixed_cp_1002,7,36,2.2754253807617766,25.841251821485358,0.08805399198462611,0
mixed_cp_1002,7,37,2.2442995937587256,49.430977547630555,0.04540269493145609,2
mixed_cp_1002,7,38,3.0256698368761175,67.57346228516424,0.04477600724538283,0
mixed_cp_1002,7,39,8.703002659690974,50.9810479445333,0.17071054853873785,0
mixed_cp_1002,7,40,2.5127347480959195,49.20153277647776,0.051070253431153394,0
mixed_cp_1002,7,41,2.781706516534125,108.55515652430411,0.025624821570878916,1
mixed_cp_1002,7,42,2.563511153154812,109.7595582670245,0.023355698525300807,2
mixed_cp_1002,7,43,5.777869222716154,57.93598200823494,0.09972851106407234,0
mixed_cp_1002,7,44,7.4924978639279685,49.90795588326651,0.15012632217301664,0
mixed_cp_1002,7,45,3.3679016885162367,94.82045418770156,0.03551872554680361,0
mixed_cp_1002,7,46,9.923142419483359,61.85618306429757,0.1604228054157264,0
mixed_cp_1002,7,47,3.6013125264167387,82.28774016879673,0.04376487334600964,2
mixed_cp_1002,7,48,3.2725317749102345,62.64780992635502,0.052236970115271786,0
mixed_cp_1002,7,49,1.2480758113105666,53.056120879478215,0.023523691340829152,2
mixed_cp_1002,7,50,5.9482167618787285,255.48714946961238,0.023281862802990837,0
mixed_cp_1002,7,51,3.294592550516842,128.08789923567744,0.025721341127274654,6
mixed_cp_1002,7,52,6.493848679722068,68.09160913143552,0.09536929384628222,0
mixed_cp_1002,7,53,4.2175244242444085,60.52044911788964,0.06968759296595707,0
mixed_cp_1002,7,54,5.363277722330964,60.94777442400877,0.08799792565055899,0
mixed_cp_1002,7,55,5.983281723311953,108.45635987784387,0.05516764282012617,0
mixed_cp_1002,7,56,3.7627554374877166,75.72201572000681,0.04969169668437055,0
mixed_cp_1002,7,57,1.8140929778343569,106.26729395693552,0.017071037666297518,9
mixed_cp_1002,7,58,3.743844981834886,42.36353758946682,0.08837422922786664,0
mixed_cp_1002,7,59,3.0816655970086817,89.50546649956176,0.034429914926188,2
mixed_cp_1002,7,60,2.429948754928421,101.85223594592668,0.02385758871526866,1
mixed_cp_1002,7,61,3.188449931458738,76.73404069466709,0.04155196184892595,0
mixed_cp_1002,7,62,2.0117395635816733,50.66898126703333,0.03970357234891888,1
mixed_cp_1002,7,63,6.899393906429313,61.443477105634265,0.11228846789656456,0
mixed_cp_1002,8,0,1.7070063544189369,33.82935653836532,0.05045932081158709,5
mixed_cp_1002,8,1,6.858366145847801,99.98242532561785,0.06859571693236897,0
mixed_cp_1002,8,2,5.217823535904969,48.814654791548534,0.10689051388740643,0
mixed_cp_1002,8,3,6.772373189830953,83.37870094180442,0.08122425887347232,0
mixed_cp_1002,8,4,1.9669619427613418,51.653188817464766,0.03808016480284138,3
mixed_cp_1002,8,5,1.496547730807736,24.877774902141162,0.06015601221148328,6
mixed_cp_1002,8,6,9.187859049200807,69.793300887954,0.13164385309631613,0
mixed_cp_1002,8,7,5.709554239971472,73.67507074072101,0.0774964201943513,0
mixed_cp_1002,8,8,4.1570634921710745,71.94976860086352,0.057777301762179434,0
mixed_cp_1002,8,9,4.536496276212393,56.42255948795057,0.08040217100008008,0
mixed_cp_1002,8,10,7.095744858620189,150.05360111247768,0.047288067770538456,0
mixed_cp_1002,8,11,3.195012225748256,75.07469234601109,0.04255777980444851,0
mixed_cp_1002,8,12,2.585569231725922,66.1228314206119,0.03910251839155129,1
mixed_cp_1002,8,13,1.7545625329632695,30.53497896341708,0.05746074150125832,1
mixed_cp_1002,8,14,1.8895530893267813,66.8157497509601,0.028280055172165898,5
mixed_cp_1002,8,15,4.648675225613595,66.24449096685635,0.07017451802806418,0
mixed_cp_1002,8,16,5.787324690036915,246.594771196484,0.02346896757768492,0
mixed_cp_1002,8,17,2.6278391752706645,126.42273169448738,0.02078612872897802,8
mixed_cp_1002,8,18,1.6392574223833256,33.359075775155155,0.049139773338810415,1
mixed_cp_1002,8,19,3.273775954364246,34.7534705808199,0.09419997196398022,1
mixed_cp_1002,8,20,3.345140283279658,110.51986027165015,0.030267322769478133,2
mixed_cp_1002,8,21,6.957752944675099,266.3614800687666,0.026121468250134422,3
mixed_cp_1002,8,22,3.6376058375979445,137.52565711629327,0.026450379615506534,0
mixed_cp_1002,8,23,5.676478026322887,79.20985139859047,0.07166378835579913,0
mixed_cp_1002,8,24,8.338863679855546,146.26412699167784,0.0570123642164836,0
mixed_cp_1002,8,25,5.587430311633681,73.33285440221714,0.0761927291277612,0
mixed_cp_1002,8,26,2.8590635612218342,56.89299215560038,0.05025335200163833,0
mixed_cp_1002,8,27,1.8835088568107603,55.63729154394549,0.03385335275213852,1
mixed_cp_1002,8,28,6.896541000242739,80.03013851737398,0.08617429793334105,0
mixed_cp_1002,8,29,5.303608610252756,92.43395426713667,0.05737727713049235,0
mixed_cp_1002,8,30,5.856169669505016,120.51228294889451,0.048593965081455096,0
mixed_cp_1002,8,31,2.131211145757574,78.25284170918748,0.027234936127659547,4
mixed_cp_1002,8,32,4.890124122577013,49.52273947016907,0.09874502450581653,0
mixed_cp_1002,8,33,2.7991451966406484,82.41314719481295,0.033964789501654,0
mixed_cp_1002,8,34,7.237645113863411,202.09645559352262,0.035812825576815234,3
mixed_cp_1002,8,35,7.135695006237648,111.89126995344006,0.06377347409862215,2
mixed_cp_1002,8,36,4.801204448171452,174.21269751226365,0.027559440366471986,1
mixed_cp_1002,8,37,1.4915208644148081,58.205709233584955,0.025624992531732504,7
mixed_cp_1002,8,38,5.449711515323266,120.31063741294332,0.045297004757926515,0
mixed_cp_1002,8,39,5.547028501884073,56.788362983828996,0.09767896467562624,0
mixed_cp_1002,8,40,5.554785132035948,31.33448340876841,0.17727386979935142,0
mixed_cp_1002,8,41,5.736070297779274,46.29456403049826,0.12390375453153475,1
mixed_cp_1002,8,42,8.491536870224683,36.14271695123976,0.23494461917958848,0
mixed_cp_1002,8,43,3.4390615970678047,67.69374508935559,0.05080324027763941,2
mixed_cp_1002,8,44,3.845619754166104,147.98419646095428,0.025986692134256195,1
mixed_cp_1002,8,45,3.7827616432780706,37.36420537231931,0.1012402540234529,2
mixed_cp_1002,8,46,3.2026567054367767,27.927232177997695,0.11467862926853062,2
mixed_cp_1002,8,47,5.968095979699461,24.527536353781784,0.24332227638424309,0
mixed_cp_1002,8,48,8.635467819167866,58.62348299265669,0.14730390243530164,0
mixed_cp_1002,8,49,5.007814658974997,102.77602997137599,0.048725511779057006,0
mixed_cp_1002,8,50,5.103386996433945,49.93631623918792,0.10219790686981074,0
mixed_cp_1002,8,51,3.9770476525066214,52.87683054598564,0.07521342734504262,0
mixed_cp_1002,8,52,5.26470076397563,75.48087245189116,0.06974880645863181,0
mixed_cp_1002,8,53,6.396720873213718,325.0176281681664,0.01968115055563697,3
mixed_cp_1002,8,54,4.117707933534676,37.0282439726344,0.11120451557405352,2
mixed_cp_1002,8,55,8.822004233129508,52.756662121647025,0.16722066708442646,2
mixed_cp_1002,8,56,10.880099464860955,297.0552232910612,0.03662652130577214,0
mixed_cp_1002,8,57,7.575223218385119,95.33736063492789,0.07945702679343793,0
mixed_cp_1002,8,58,7.22573432723479,49.869283700901285,0.14489348534806004,0
mixed_cp_1002,8,59,5.075710047291153,39.14784213569273,0.1296549125159421,0
mixed_cp_1002,8,60,8.584981623153096,219.54799780044715,0.03910298298851356,0
mixed_cp_1002,8,61,7.388999191338704,100.30930020252532,0.07366215471965464,0
mixed_cp_1002,8,62,6.71358441946251,86.20818967582917,0.07787641110093797,0
mixed_cp_1002,8,63,4.715766136797046,61.919550550268525,0.0761595666455721,0
mixed_cp_1002,9,0,4.479797771672435,73.91875639547173,0.06060434441977257,0
mixed_cp_1002,9,1,1.6618690323551542,56.85550481858331,0.02922969442726625,5
mixed_cp_1002,9,2,3.0258633150811054,94.68469279251282,0.03195725967777946,0
mixed_cp_1002,9,3,1.9195323722204145,28.944715232184432,0.06631719665654313,1
mixed_cp_1002,9,4,5.176159908346071,48.11640678038179,0.10757577829890065,0
mixed_cp_1002,9,5,2.5579501449239834,89.18741084951247,0.0286806189411649,0
mixed_cp_1002,9,6,10.335852145068094,191.22796455159389,0.05404989886967839,0
mixed_cp_1002,9,7,2.9512840812034766,52.4976747086155,0.0562174248208966,3
mixed_cp_1002,9,8,1.759472934532499,79.63247199612478,0.022094917945258835,1
mixed_cp_1002,9,9,5.064221717617771,77.84210147649657,0.06505761819838393,3
mixed_cp_1002,9,10,6.832404229509001,86.23699210627521,0.07922822981915932,3
mixed_cp_1002,9,11,3.530554124494903,139.13567401151548,0.02537490222818555,0
mixed_cp_1002,9,12,3.306248725730246,160.708061131901,0.02057301110127043,0
mixed_cp_1002,9,13,2.3693806939580795,82.5306280718046,0.028709107749630033,4
mixed_cp_1002,9,14,4.957028503917039,111.32854037531115,0.04452612499190134,0
mixed_cp_1002,9,15,1.8052715485801754,23.065485597190264,0.0782672248964091,0
mixed_cp_1002,9,16,8.707717378687866,204.65590216696785,0.042548088212885755,2
mixed_cp_1002,9,17,6.745929851427703,165.55452007409374,0.040747482149134734,2
mixed_cp_1002,9,18,1.2429712785754123,38.08998735685045,0.03263249386066979,4
mixed_cp_1002,9,19,3.6171882419583676,56.25988301353427,0.06429427236967755,0
mixed_cp_1002,9,20,2.489504283897573,120.26229187182874,0.020700622324334197,3
mixed_cp_1002,9,21,7.2740643798103966,102.20055634294604,0.07117441078697667,0
mixed_cp_1002,9,22,2.421449651048647,70.4092047143147,0.03439109504039532,2
mixed_cp_1002,9,23,8.153982745210003,205.90691333324338,0.03960033499221784,4
mixed_cp_1002,9,24,1.944810533909012,46.80866769256554,0.04154808563837632,0
mixed_cp_1002,9,25,2.624061545619426,69.0537501533349,0.03800027572423883,3
mixed_cp_1002,9,26,4.602088649533645,83.29688010891256,0.055249231946218266,3
mixed_cp_1002,9,27,7.630256786950778,340.0633067653318,0.02243775389802995,0
mixed_cp_1002,9,28,2.146304279553408,61.55261818778806,0.03486942298709938,7
mixed_cp_1002,9,29,2.9907735483058273,21.609441647516995,0.13840124132265483,1
mixed_cp_1002,9,30,5.28011058025065,103.47162548017653,0.051029550910671954,0
mixed_cp_1002,9,31,12.35105428002529,85.26130877120912,0.14486118566591805,0
mixed_cp_1002,9,32,2.134522367061683,42.591211237959556,0.050116498334268615,3
mixed_cp_1002,9,33,4.565550702337321,118.05752069402533,0.03867225633316535,0
mixed_cp_1002,9,34,4.571371016088531,58.0212791526859,0.07878783582241851,0
mixed_cp_1002,9,35,8.397221381956047,155.73206589199995,0.05392095284846162,0
mixed_cp_1002,9,36,8.682672586973395,101.53169419287984,0.08551686895403236,1
mixed_cp_1002,9,37,17.123792261497695,329.36599654167657,0.05199016425889891,4
mixed_cp_1002,9,38,6.470708986015455,118.50132168214147,0.05460453009437288,1
mixed_cp_1002,9,39,2.743209803505437,29.736038708136697,0.09225202557847123,0
mixed_cp_1002,9,40,9.352866163306011,74.45392316828512,0.1256195209776403,1
mixed_cp_1002,9,41,3.464054451223511,70.71761004461881,0.048984325814148535,0
mixed_cp_1002,9,42,7.140501629578681,82.45748852256237,0.08659615709281354,0
mixed_cp_1002,9,43,3.5271990198460013,76.88580137934312,0.04587581785671096,6
mixed_cp_1002,9,44,3.47614309659771,147.79630428282474,0.02351982421661723,2
mixed_cp_1002,9,45,3.624798408731146,86.8749389874698,0.041724327533098585,0
mixed_cp_1002,9,46,7.469963969941149,57.716642374343834,0.12942478395558388,0
mixed_cp_1002,9,47,3.054127050349599,88.24207090516526,0.03461078167161221,1
mixed_cp_1002,9,48,2.3783386564195887,42.71390998053884,0.05568065900553705,0
mixed_cp_1002,9,49,7.356234338354055,83.96585185725873,0.08760983394606171,0
mixed_cp_1002,9,50,5.0750964434851,31.38949183930925,0.16168138272087365,0
mixed_cp_1002,9,51,3.1175976935064815,27.70688600007636,0.11252068144712797,0
mixed_cp_1002,9,52,4.637962711906885,35.931983820440315,0.1290761660999226,0
mixed_cp_1002,9,53,8.342564821761004,48.51145229172889,0.17197103833527977,0
mixed_cp_1002,9,54,6.406346259451932,48.93714854203461,0.1309096759887674,0
mixed_cp_1002,9,55,1.4605422260760588,62.13330701223843,0.023506590849709238,2
mixed_cp_1002,9,56,6.516543543925849,139.37672099802455,0.046754892045553366,1
mixed_cp_1002,9,57,8.337091738793172,100.94932058880401,0.08258690291490495,0
mixed_cp_1002,9,58,6.625271043877921,71.98757891269138,0.0920335305610603,0
mixed_cp_1002,9,59,3.8109655766818924,57.00927431056897,0.06684816852642125,0
mixed_cp_1002,9,60,3.47326423017693,41.47970917029101,0.08373405454502521,0
mixed_cp_1002,9,61,5.383948724105409,66.49214728146758,0.08097119651309563,0
mixed_cp_1002,9,62,1.8077991349565823,62.05972211046181,0.029129990813346388,1
mixed_cp_1002,9,63,5.411601480897821,292.2991134637027,0.018513916846243962,3
mixed_cp_1002,10,0,1.097677937172693,36.00619169451684,0.030485810509636637,2
mixed_cp_1002,10,1,2.435092925812519,20.979198373203182,0.11607178131853091,2
mixed_cp_1002,10,2,7.876630626457535,32.48350164281605,0.2424809588900803,3
mixed_cp_1002,10,3,2.307476106957681,50.69069572862321,0.045520703036133946,6
mixed_cp_1002,10,4,2.75932293530946,42.23981399139248,0.06532516776403768,0
mixed_cp_1002,10,5,4.919605211812208,41.6548752680107,0.11810394774102878,1
mixed_cp_1002,10,6,6.1547771351833065,33.44802260444275,0.18401019420400044,0
mixed_cp_1002,10,7,1.624723232544574,28.948875346444613,0.05612388091422405,7
mixed_cp_1002,10,8,4.454295722898782,115.07245505362077,0.03870861815560636,0
mixed_cp_1002,10,9,9.936324321768133,246.61267004955224,0.04029121585590721,1
mixed_cp_1002,10,10,2.475726891931106,73.77919904029369,0.0335558927737751,2
mixed_cp_1002,10,11,3.868806526402729,64.7215384543085,0.059776182995618876,0
mixed_cp_1002,10,12,5.2257449137699306,77.75112494028517,0.06721118077434166,0
mixed_cp_1002,10,13,2.9238150217024685,90.40051129678201,0.032342903593804644,2
mixed_cp_1002,10,14,3.2911733542244637,137.1878162595494,0.023990274384117334,0
mixed_cp_1002,10,15,1.6353558849129959,159.99438330054744,0.01022133309418119,13
mixed_cp_1002,10,16,5.7701739415689435,76.13618607187944,0.07578753598349908,0
mixed_cp_1002,10,17,2.2245895864563368,50.96685935819426,0.04364776669525499,2
mixed_cp_1002,10,18,1.8670998942391746,19.130610369802135,0.09759750777144105,1
mixed_cp_1002,10,19,3.9077656732025163,95.66785680216171,0.04084721664961785,0
mixed_cp_1002,10,20,6.835629916682223,72.56166946348468,0.09420441904416392,0
mixed_cp_1002,10,21,2.423830121043654,31.35420134251728,0.07730479544241697,1
mixed_cp_1002,10,22,6.068567692065466,75.46521371409969,0.08041543107604866,0
mixed_cp_1002,10,23,4.726542782447132,81.40715586140948,0.058060532055606656,0
mixed_cp_1002,10,24,1.2443747506240277,40.755305115498004,0.0305328287224828,4
mixed_cp_1002,10,25,1.2455143509613058,24.60037461712577,0.050629893664067616,1
mixed_cp_1002,10,26,2.566236934701607,66.347841768966,0.03867852919221792,0
mixed_cp_1002,10,27,14.42128694271619,84.84298684709798,0.16997618163426864,0
mixed_cp_1002,10,28,1.7266193075674052,52.99094103169685,0.03258329204862804,1
mixed_cp_1002,10,29,7.690701327110004,82.70134024608582,0.09299367222133982,2
mixed_cp_1002,10,30,2.157513490506661,47.3993612957865,0.04551777558864385,2
mixed_cp_1002,10,31,11.77483357654713,230.7859857777876,0.05102057448100221,0
mixed_cp_1002,10,32,2.201052336400869,40.53300944184724,0.05430271195526998,2
mixed_cp_1002,10,33,6.5986586179617674,49.67824813050505,0.13282792502318225,1
mixed_cp_1002,10,34,1.86481887281205,44.44718187399997,0.04195584048722115,6
mixed_cp_1002,10,35,6.385086013865409,117.67097679266209,0.054262199464155204,0
mixed_cp_1002,10,36,12.945090021820802,21.91168460402461,0.5907847915738584,0
mixed_cp_1002,10,37,9.886318054458867,18.123028448762142,0.5455113687212764,0
mixed_cp_1002,10,38,7.753679345171411,21.225900533353197,0.36529330442247726,0
mixed_cp_1002,10,39,5.5308146641823575,19.50042995024099,0.28362526766308593,0
mixed_cp_1002,10,40,9.71242477017811,59.68865815386731,0.16271809537317986,0
mixed_cp_1002,10,41,9.768352303935623,49.63434900978957,0.19680629440730601,0
mixed_cp_1002,10,42,4.9633385647527195,67.10240817163984,0.07396662355331719,2
mixed_cp_1002,10,43,3.791300479184328,270.11464706529694,0.01403589372281551,3
mixed_cp_1002,10,44,12.264424777595954,227.87310181841264,0.053821292112700606,2
mixed_cp_1002,10,45,3.1791082277818843,115.45933656338333,0.027534440456763405,3
mixed_cp_1002,10,46,4.866018717667286,77.73798186346575,0.0625951253302879,0
mixed_cp_1002,10,47,6.9029958236050355,64.62410401246309,0.10681766392109293,0
mixed_cp_1002,10,48,4.211764944477397,64.71215729498705,0.06508460110946823,0
mixed_cp_1002,10,49,6.0725875828058875,79.25981511886809,0.07661622189881043,0
mixed_cp_1002,10,50,3.1707717099718935,77.98142706518928,0.040660601239334314,0
mixed_cp_1002,10,51,2.7919254233323993,107.13843759573618,0.02605904553011244,0
mixed_cp_1002,10,52,3.5317650664962787,75.41345251182442,0.046832029947740654,2
mixed_cp_1002,10,53,7.808913108963834,171.6252078378301,0.045499802781550205,1
mixed_cp_1002,10,54,2.5147856677157288,47.01044132785591,0.053494193985062624,2
mixed_cp_1002,10,55,2.4611721064844807,50.21260981200524,0.04901502064320193,1
mixed_cp_1002,10,56,2.0593329034650454,77.21703647069964,0.026669411280067303,0
mixed_cp_1002,10,57,1.8434141794803152,90.99494374631637,0.020258424299041778,0
mixed_cp_1002,10,58,1.793849365920685,49.08103789621016,0.036548725186172124,1
mixed_cp_1002,10,59,2.8843152102942216,95.14385338143201,0.0303153079025609,3
mixed_cp_1002,10,60,5.48112482995288,215.8924243070699,0.025388222155293978,0
mixed_cp_1002,10,61,4.239481728344918,120.96300817977622,0.03504775378968887,5
mixed_cp_1002,10,62,7.566289998952642,171.67413962167225,0.04407355712180583,0
mixed_cp_1002,10,63,4.127140541817139,218.70528173527075,0.01887078587710007,2
mixed_cp_1002,11,0,3.8854079411273443,91.81174135953533,0.04231929253919783,0
mixed_cp_1002,11,1,1.3478599316336746,33.12724417102974,0.04068735463399633,2
mixed_cp_1002,11,2,4.0784200817398,98.56935773246279,0.041376145442780086,0
mixed_cp_1002,11,3,4.729860356677613,80.17483625652501,0.058994325121464464,0
mixed_cp_1002,11,4,3.366228358180268,35.94197237322323,0.0936573074851092,0
mixed_cp_1002,11,5,3.9514023516628254,30.573465730884923,0.1292428665576886,0
mixed_cp_1002,11,6,1.9643444090956748,47.42664491939516,0.041418582580197545,1
mixed_cp_1002,11,7,9.718998117601242,60.847244639024915,0.15972782621890289,1
mixed_cp_1002,11,8,1.763628660878731,36.28887726126367,0.04859970310410527,3
mixed_cp_1002,11,9,4.121852883162738,63.003637299036505,0.06542245908119614,0
mixed_cp_1002,11,10,4.543511848872444,44.893011801976506,0.10120755250090854,0
mixed_cp_1002,11,11,4.6719686765347745,63.65925860156255,0.07339024643337738,0
mixed_cp_1002,11,12,3.4335269811326157,52.25648764932749,0.0657052767146091,2
mixed_cp_1002,11,13,9.33367675777846,27.783979701696886,0.33593735879415476,0
mixed_cp_1002,11,14,5.241102407771432,57.735945984468884,0.09077711152738889,0
mixed_cp_1002,11,15,5.9819079517838665,46.94895423779761,0.12741301800856641,0
mixed_cp_1002,11,16,2.1393695923030793,71.60798254559091,0.029876132747365128,1
mixed_cp_1002,11,17,6.529787069086621,75.74028964427985,0.08621286107769421,2
mixed_cp_1002,11,18,5.500550366745646,48.4747315397212,0.11347252871815043,2
mixed_cp_1002,11,19,3.0821897569827374,58.20313888051383,0.052955730846582255,3
mixed_cp_1002,11,20,6.021235559181093,248.88654261895016,0.024192692364246125,3
mixed_cp_1002,11,21,2.7660605763235946,42.17172952557459,0.06559039924236797,0
mixed_cp_1002,11,22,3.4205675248100755,90.63254686170453,0.03774105046423877,1
mixed_cp_1002,11,23,2.4973394455558586,84.1834747960352,0.029665435545474492,7
mixed_cp_1002,11,24,1.676363102111617,62.78945502006893,0.026698162957073182,0
mixed_cp_1002,11,25,4.357353194821734,66.30364068467503,0.06571815890992035,0
mixed_cp_1002,11,26,3.656734265426307,84.33298862981383,0.0433606625928772,2
mixed_cp_1002,11,27,3.6731174762047427,82.77521996962557,0.04437460241788057,1
mixed_cp_1002,11,28,1.9406234083256415,65.17767074238682,0.02977435962687143,10
mixed_cp_1002,11,29,2.9924699135343547,66.26202872384758,0.0451611574708302,0
mixed_cp_1002,11,30,4.968846495651375,97.48508444324366,0.05097032560446992,1
mixed_cp_1002,11,31,4.909736499088327,75.09095245478109,0.06538386235072613,3
mixed_cp_1002,11,32,1.9747203826632458,49.0942817125443,0.040223022188726226,3
mixed_cp_1002,11,33,6.475125664676842,57.4990943763454,0.11261265477149236,0
mixed_cp_1002,11,34,7.299574710262335,45.284397877544194,0.16119403265560647,0
mixed_cp_1002,11,35,8.543299574694059,28.79369523042739,0.2967073002032066,0
mixed_cp_1002,11,36,3.593804079298239,67.23885382536365,0.053448324515350296,1
mixed_cp_1002,11,37,9.541329718076188,42.30718041387268,0.2255250674882496,0
mixed_cp_1002,11,38,5.449690836875568,58.31254458692686,0.09345657740508445,0
mixed_cp_1002,11,39,6.226895573824738,60.677053048654805,0.1026235662571089,0
mixed_cp_1002,11,40,4.845704740536172,39.621457674010514,0.12230001178666092,0
mixed_cp_1002,11,41,6.368663691730725,280.1946106852172,0.02272942964947159,3
mixed_cp_1002,11,42,12.770124788247525,295.3510042959448,0.04323711313827708,1
mixed_cp_1002,11,43,4.2411385329121725,79.7239738593061,0.05319778139003427,0
mixed_cp_1002,11,44,5.087577780317856,66.2823397303857,0.07675615859386398,0
mixed_cp_1002,11,45,4.476983583078011,80.02180973860115,0.055947042408844586,0
mixed_cp_1002,11,46,7.997612777930274,187.08705850021465,0.04274808125181517,2
mixed_cp_1002,11,47,6.542093171107449,137.70113372528238,0.047509363170234374,2
mixed_cp_1002,11,48,6.029378760999203,53.09538887091098,0.11355748378937815,0
mixed_cp_1002,11,49,3.547266725677958,51.64368821444252,0.06868732362701276,0
mixed_cp_1002,11,50,8.729060061411323,105.23433643198214,0.08294878228317923,0
mixed_cp_1002,11,51,2.023485412583934,21.170998130756658,0.09557817728226374,0
mixed_cp_1002,11,52,1.3970500536944404,31.34267492581596,0.04457341490479279,1
mixed_cp_1002,11,53,5.400885407338902,55.21164320948334,0.09782149368108695,0
mixed_cp_1002,11,54,4.978591740197755,89.41562981433108,0.05567921123561568,0
mixed_cp_1002,11,55,9.701313010413674,116.72265478335223,0.08311422515552089,0
mixed_cp_1002,11,56,6.982709576570709,31.40445311618611,0.22234775274503232,0
mixed_cp_1002,11,57,3.8975220182577957,80.46863053990982,0.04843529698600688,0
mixed_cp_1002,11,58,3.0901075665887197,99.52124459847704,0.03104972791544055,2
mixed_cp_1002,11,59,3.8140740470192536,84.31827364526355,0.04523425210370757,1
mixed_cp_1002,11,60,3.004805688713418,173.68934756884371,0.017299884712402583,2
mixed_cp_1002,11,61,4.346002693665207,80.09702097128847,0.05425923013070702,2
mixed_cp_1002,11,62,26.19445286753209,249.33794505931476,0.10505602290618347,0
mixed_cp_1002,11,63,5.654050478889699,40.50478197878336,0.13958970281215988,1
mixed_cp_1002,12,0,3.629001301521523,52.6022258618218,0.06898950076854862,3
mixed_cp_1002,12,1,4.648747118031847,42.1996267351279,0.11016085870167489,0
mixed_cp_1002,12,2,9.190174963904528,101.421845961979,0.09061336713738911,2
mixed_cp_1002,12,3,2.610238360066656,22.721318730725407,0.11488058378129713,0
mixed_cp_1002,12,4,6.224720506914849,71.37789630755273,0.0872079569296047,1
mixed_cp_1002,12,5,9.236726539908314,241.30454385818976,0.03827829510469794,3
mixed_cp_1002,12,6,1.7534600276375234,28.11690674457155,0.06236319107101135,0
mixed_cp_1002,12,7,2.7920121881803643,39.945192755208986,0.06989607498680243,0
mixed_cp_1002,12,8,7.473023488922043,51.21961860658133,0.14590158404580186,0
mixed_cp_1002,12,9,4.878923877468652,37.08277477402872,0.13156846830366248,0
mixed_cp_1002,12,10,7.148894725183557,149.30713556519387,0.04788046263242418,3
mixed_cp_1002,12,11,6.8283143012811065,55.57686776200454,0.12286252493612684,5
mixed_cp_1002,12,12,5.121710373011875,161.89746051684276,0.0316355201413369,3
mixed_cp_1002,12,13,5.561311815450538,45.12072138905335,0.12325405366412774,1
mixed_cp_1002,12,14,7.290050633822483,89.90725452016963,0.08108412021620622,0
mixed_cp_1002,12,15,10.393090249134783,50.22012768784631,0.20695069342983766,0
mixed_cp_1002,12,16,6.117259357966148,42.94450943320789,0.14244566857796792,0
mixed_cp_1002,12,17,4.65746053844165,37.590049486923725,0.12390142077524582,3
mixed_cp_1002,12,18,7.139504960063282,79.61644719408126,0.08967374470578031,0
mixed_cp_1002,12,19,7.351242523392801,127.36456279631948,0.05771811532183294,3
mixed_cp_1002,12,20,7.837644602606515,49.448539277847225,0.15850103394495524,0
mixed_cp_1002,12,21,11.396067469040233,56.83534204795587,0.20051022934681365,0
mixed_cp_1002,12,22,6.970705059743849,80.40541885502066,0.08669446859437119,0
mixed_cp_1002,12,23,3.976326547859122,80.44414378115103,0.0494296584059214,0
mixed_cp_1002,12,24,10.911929760381764,49.930837372854626,0.21854089245284994,0
mixed_cp_1002,12,25,5.578897389258086,58.86008064832754,0.09478236060515159,0
mixed_cp_1002,12,26,7.850563850675808,44.903199027045886,0.17483306358523126,0
mixed_cp_1002,12,27,7.030728629276123,31.744263442992445,0.2214802886166243,0
mixed_cp_1002,12,28,5.954766975989128,82.66761750927482,0.07203264295503664,0
mixed_cp_1002,12,29,10.300521418307339,51.14626863517019,0.20139340939574027,0
mixed_cp_1002,12,30,5.522224360870728,40.942773151376954,0.13487665675340335,0
mixed_cp_1002,12,31,6.964752348237429,73.66236182904868,0.09454967469548181,0
mixed_cp_1002,12,32,7.444487680148306,64.80991042599585,0.11486650160778888,0
mixed_cp_1002,12,33,6.19038020179569,58.884795423691834,0.10512697135575068,0
mixed_cp_1002,12,34,15.935323221908158,176.55337278262064,0.09025782385663256,0
mixed_cp_1002,12,35,5.327897388382859,41.21106340927961,0.12928318144741593,3
mixed_cp_1002,12,36,6.290731601266656,38.4072098041138,0.16379038293463472,0
mixed_cp_1002,12,37,6.2183852704106775,50.70344741058715,0.12264225783417333,0
mixed_cp_1002,12,38,8.5446682215213,58.70568505233424,0.14555094985952385,0
mixed_cp_1002,12,39,6.683375222599678,48.47610006692224,0.13786949060203157,0
mixed_cp_1002,12,40,4.479045018738706,59.559095192656486,0.07520337581103756,2
mixed_cp_1002,12,41,16.534891498170033,185.05702911789206,0.0893502482828488,0
mixed_cp_1002,12,42,7.192627468740098,22.907695677923062,0.3139830199364785,0
mixed_cp_1002,12,43,11.595826940018718,38.79833699212572,0.2988743291335435,0
mixed_cp_1002,12,44,9.449797484195425,45.35154537758063,0.20836770622742437,0
mixed_cp_1002,12,45,5.231070618332611,47.8829619419241,0.10924701409819278,0
mixed_cp_1002,12,46,11.445510124129575,58.56459955720997,0.19543393467497042,2
mixed_cp_1002,12,47,5.232011830138347,35.36534655071634,0.1479417661759735,0
mixed_cp_1002,12,48,4.52658237297963,17.10884846974011,0.2645755137165225,0
mixed_cp_1002,12,49,6.512745062004523,63.94234982596698,0.10185338949429254,0
mixed_cp_1002,12,50,12.44221908447187,182.26976434562542,0.06826266072785697,0
mixed_cp_1002,12,51,2.4861998913914207,39.067159071597644,0.06363912683886251,0
mixed_cp_1002,12,52,6.583048233710867,47.54957682529417,0.13844598991697002,0
mixed_cp_1002,12,53,8.748735611534002,90.7220967565562,0.0964344511901039,0
mixed_cp_1002,12,54,7.72301360444366,69.85602006525659,0.11055616391012747,0
mixed_cp_1002,12,55,4.725484044527724,27.36138840617953,0.17270629598096277,0
mixed_cp_1002,12,56,5.4994182219951195,44.32990035459446,0.12405663396500612,0
mixed_cp_1002,12,57,6.954381945427666,52.14157734717555,0.13337498210157958,2
mixed_cp_1002,12,58,4.983018311115961,54.18627135443079,0.0919609005484468,0
mixed_cp_1002,12,59,4.224667867182022,47.24059229521418,0.08942876585419131,0
mixed_cp_1002,12,60,4.1766925196602145,40.382961034331274,0.10342709926866013,0
mixed_cp_1002,12,61,4.602573410933188,36.3970057920613,0.12645472644722536,0
mixed_cp_1002,12,62,2.221582919209179,49.33270327780116,0.04503266133013335,0
mixed_cp_1002,12,63,2.250541644767878,78.89400668386868,0.028526142090689915,0
mixed_cp_1002,13,0,1.8983718566186873,34.324776534742,0.05530616797161783,0
mixed_cp_1002,13,1,2.9568172138750293,28.121062331704387,0.10514599978470372,2
mixed_cp_1002,13,2,13.812145138026189,43.100422252261,0.32046426499456443,0
mixed_cp_1002,13,3,10.117379634775274,94.74314101230013,0.10678746267723775,0
mixed_cp_1002,13,4,2.5140274573135715,44.340270345355314,0.05669851441437858,0
mixed_cp_1002,13,5,14.46762834018714,182.64751487996634,0.07921064981198941,3
mixed_cp_1002,13,6,6.023618585469421,58.88277955463334,0.10229847556500818,3
mixed_cp_1002,13,7,5.462019244085495,98.75273079924015,0.055310057756170136,3
mixed_cp_1002,13,8,8.06053210159425,93.38170989581934,0.0863181035192751,0
mixed_cp_1002,13,9,25.938264160773283,106.89086534504366,0.24266118603347983,4
mixed_cp_1002,13,10,10.941155551276827,101.82372393612441,0.1074519289644168,0
mixed_cp_1002,13,11,14.06811782495998,291.77843944213987,0.04821506980384584,3
mixed_cp_1002,13,12,4.261682491891069,149.2967651289241,0.028545042407388563,0
mixed_cp_1002,13,13,5.071160869143674,112.1599071519464,0.0452136685729743,0
mixed_cp_1002,13,14,6.24147581980075,126.74485606005501,0.04924441128280091,0
mixed_cp_1002,13,15,5.200982888329336,91.50656070345632,0.056837267714432725,3
mixed_cp_1002,13,16,9.43857777688564,117.67256401311093,0.08021052193469674,0
mixed_cp_1002,13,17,10.293209248251152,85.40576449426425,0.12052124712193674,0
mixed_cp_1002,13,18,8.016045017791221,100.39704946801207,0.07984343225490155,0
mixed_cp_1002,13,19,5.197674877334045,75.15095988561896,0.06916312027477751,0
mixed_cp_1002,13,20,4.899277707611116,102.96056210280297,0.04758402253786588,5
mixed_cp_1002,13,21,3.3084299500797716,75.124036747418,0.04403956567461055,0
mixed_cp_1002,13,22,9.154517125272445,92.75128721780563,0.09869962347557627,0
mixed_cp_1002,13,23,5.063357772259581,95.87499811290486,0.05281207689096213,0
mixed_cp_1002,13,24,8.849079822664317,44.46001077059558,0.19903458567123905,0
mixed_cp_1002,13,25,3.166208989985542,20.220612716946817,0.15658323683396372,0
mixed_cp_1002,13,26,4.468414594384638,28.90865684642641,0.15457012126583833,0
mixed_cp_1002,13,27,6.01854811624239,62.16180736901135,0.09682067447805148,0
mixed_cp_1002,13,28,3.432322502500629,69.45539413187579,0.049417652083056894,1
mixed_cp_1002,13,29,10.02427341418828,84.550388722471,0.11855975549789664,0
mixed_cp_1002,13,30,12.765698871747686,86.37709914273807,0.14779031709148255,0
mixed_cp_1002,13,31,9.720609128639062,49.68163086828414,0.19565801200065927,0
mixed_cp_1002,13,32,13.934852498107508,73.55630510677945,0.1894447046773041,0
mixed_cp_1002,13,33,8.11798713006292,59.36890342302601,0.13673803392020187,0
mixed_cp_1002,13,34,8.610333895886884,43.305554574508605,0.19882747099041362,0
mixed_cp_1002,13,35,8.670060948747553,49.3569784640204,0.17566028591210744,0
mixed_cp_1002,13,36,3.518747854133173,72.30646743215313,0.04866435851585334,3
mixed_cp_1002,13,37,13.296614187236827,241.32795240395396,0.055097696121748446,0
mixed_cp_1002,13,38,9.426775090580856,141.0473468170124,0.06683411849505168,0
mixed_cp_1002,13,39,7.049176765544307,145.86880369771373,0.04832545812984406,2
mixed_cp_1002,13,40,10.486686698259362,121.41522865896023,0.08637043980467324,0
mixed_cp_1002,13,41,6.474080472791384,125.00424492660211,0.0517908849942874,0
mixed_cp_1002,13,42,6.598820465601367,114.25336106446471,0.057756029267954236,0
mixed_cp_1002,13,43,8.184316540711164,85.92633799630362,0.09524805468915988,0
mixed_cp_1002,13,44,11.979619229977642,67.00474611701286,0.1787876221343663,0
mixed_cp_1002,13,45,9.053404116260294,52.49234182308106,0.17247095103460372,0
mixed_cp_1002,13,46,10.48126865876605,76.85088121615294,0.13638449543976133,0
mixed_cp_1002,13,47,12.885847088420672,100.22762527962142,0.1285658225710817,0
mixed_cp_1002,13,48,11.59562192958584,91.73719433039979,0.12640044220039215,0
mixed_cp_1002,13,49,5.522131177320298,71.95587268596384,0.0767433007368345,0
mixed_cp_1002,13,50,8.111481738330838,95.73723998678335,0.08472650495722081,2
mixed_cp_1002,13,51,15.228969937766365,71.61908588572652,0.2126384293994662,0
mixed_cp_1002,13,52,17.1405327792158,100.2182506949152,0.17103204915634657,3
mixed_cp_1002,13,53,17.91545783214947,74.21751022594198,0.24139125359512942,0
mixed_cp_1002,13,54,12.095944199271587,73.50148934081918,0.1645673347268364,0
mixed_cp_1002,13,55,5.659234459054164,82.09709315626493,0.0689334328595811,0
mixed_cp_1002,13,56,14.511007495295074,78.58118554716454,0.1846626185931688,0
mixed_cp_1002,13,57,8.604957502094386,66.91387060345603,0.1285975153505759,3
mixed_cp_1002,13,58,6.870451871078349,56.02494377760149,0.12263201723774193,3
mixed_cp_1002,13,59,6.593782209118246,52.58291438113505,0.12539780814210386,0
mixed_cp_1002,13,60,11.719098155763573,124.75268900606667,0.09393864171692266,2
mixed_cp_1002,13,61,6.578330929790461,64.44481299129646,0.10207696514968384,0
mixed_cp_1002,13,62,12.426337952793126,96.21144531806216,0.12915654589444442,0
mixed_cp_1002,13,63,12.130652768397546,84.89801050467817,0.14288500633037926,0
mixed_cp_1002,14,0,1.9003363537814941,34.41867324379698,0.05521236511125476,3
mixed_cp_1002,14,1,2.2215796633849814,56.506185554447825,0.03931568980610676,0
mixed_cp_1002,14,2,2.722538668335922,58.28796050253191,0.04670842220011558,0
mixed_cp_1002,14,3,6.394259988678208,54.47734531218412,0.11737466192663579,0
mixed_cp_1002,14,4,6.05446115883145,35.00046266134445,0.1729823179028481,0
mixed_cp_1002,14,5,11.663909153810685,46.09626034989738,0.25303373994495093,0
mixed_cp_1002,14,6,9.69987047987859,24.5950478578945,0.3943830699546752,0
mixed_cp_1002,14,7,10.182955115351229,41.73618243409572,0.2439838653530617,0
mixed_cp_1002,14,8,7.559885348302334,54.26990876238817,0.13930160416156295,0
mixed_cp_1002,14,9,5.390200169260835,50.65339047198142,0.10641341317996053,0
mixed_cp_1002,14,10,4.899180747080408,49.96725368670579,0.09804782904015948,0
mixed_cp_1002,14,11,7.89325389766787,65.89007203552532,0.11979428241347406,0
mixed_cp_1002,14,12,9.639345198311574,35.03915999313479,0.27510206295471146,0
mixed_cp_1002,14,13,4.909648713372355,45.46824064899368,0.10797973801700236,0
mixed_cp_1002,14,14,11.83610618068002,210.81060992812434,0.05614568538422012,0
mixed_cp_1002,14,15,11.321084447350469,263.89692264367784,0.04289964556591879,3
mixed_cp_1002,14,16,9.588201664570269,67.5438321933813,0.1419552511785055,0
mixed_cp_1002,14,17,9.233000773777603,26.99438799987143,0.3420340840407857,0
mixed_cp_1002,14,18,7.140349060114839,45.523959990703425,0.15684815340258162,0
mixed_cp_1002,14,19,21.75444080968998,67.51749743267598,0.32220448975292787,0
mixed_cp_1002,14,20,2.5094677501457894,20.70951364140384,0.12117463469198494,0
mixed_cp_1002,14,21,11.032628442667557,59.99875235146619,0.18388096435805223,0
mixed_cp_1002,14,22,23.244984796722708,67.22656419887814,0.3457708284474639,0
mixed_cp_1002,14,23,18.259586189902482,63.877424613104544,0.2858535124184782,0
mixed_cp_1002,14,24,14.514305010107252,70.58641777581832,0.20562461543528848,0
mixed_cp_1002,14,25,13.829159895177694,45.61408845654438,0.3031773814432893,0
mixed_cp_1002,14,26,11.927878449677165,71.79721115275423,0.16613289371783066,0
mixed_cp_1002,14,27,6.2455608360738415,21.978427935544637,0.2841677691593766,0
mixed_cp_1002,14,28,6.5389979672841765,36.64947123110451,0.17841998117927851,0
mixed_cp_1002,14,29,14.023118686246143,55.520832257026235,0.25257399999567726,0
mixed_cp_1002,14,30,2.833080934490979,40.65412008418731,0.06968742475852834,0
mixed_cp_1002,14,31,7.955590686662832,69.64921021001787,0.11422370279108426,0
mixed_cp_1002,14,32,7.922640003611083,40.60269453249927,0.1951259662648653,0
mixed_cp_1002,14,33,15.069702082231649,45.500761784413584,0.33119669849997585,0
mixed_cp_1002,14,34,2.0512594645076474,33.59094728567511,0.06106584155137563,0
mixed_cp_1002,14,35,11.085099747506339,258.38380918401,0.042901680962571465,3
mixed_cp_1002,14,36,6.569440025030804,85.82846729615882,0.07654150460781692,0
mixed_cp_1002,14,37,9.633490109133676,54.171170325079174,0.17783426223438523,0
mixed_cp_1002,14,38,7.235347657233428,70.38557729488167,0.10279588426078834,0
mixed_cp_1002,14,39,6.01319900490591,68.27400900356287,0.08807449705483256,0
mixed_cp_1002,14,40,3.5108427658737162,52.84341048041955,0.06643861049003667,0
mixed_cp_1002,14,41,13.667114008225303,44.025458279970216,0.31043660968415815,0
mixed_cp_1002,14,42,16.355797801706707,69.22337908236553,0.2362756343091218,0
mixed_cp_1002,14,43,17.338940956674442,72.17819524544112,0.2402240856496006,0
mixed_cp_1002,14,44,3.5779027859208523,33.94688803291659,0.10539707741256106,0
mixed_cp_1002,14,45,4.931365142041403,40.60322343904655,0.12145255288522486,0
mixed_cp_1002,14,46,8.37331720971128,65.0571493040055,0.12870710289784773,0
mixed_cp_1002,14,47,4.920162472788687,52.38678097865962,0.09391992370733704,0
mixed_cp_1002,14,48,6.777756366959421,59.10727810058402,0.11466872751991015,0
mixed_cp_1002,14,49,8.143041221669812,44.615162702647254,0.1825173489995284,0
mixed_cp_1002,14,50,7.0916389223120335,63.758065906137276,0.11122732193213221,0
mixed_cp_1002,14,51,5.297000665233663,67.40898144794076,0.07858004306628606,0
mixed_cp_1002,14,52,7.589566193411004,61.966690756376636,0.12247815884261991,0
mixed_cp_1002,14,53,4.5920424877116455,60.30243275496933,0.07615020286778115,0
mixed_cp_1002,14,54,12.075780161248025,59.01069316029238,0.204637151582786,0
mixed_cp_1002,14,55,11.78824995302605,90.80907001761878,0.1298135742469215,0
mixed_cp_1002,14,56,8.795348641268848,83.44501180121406,0.10540292884398493,0
mixed_cp_1002,14,57,9.81630453811491,57.5576979112498,0.17054720557536907,0
mixed_cp_1002,14,58,17.922653989554473,55.8440903102957,0.32094092481349207,0
mixed_cp_1002,14,59,8.384601255518614,62.15432802837769,0.13489971690612554,0
mixed_cp_1002,14,60,13.569056384595962,58.535510048589664,0.23180897156841107,0
mixed_cp_1002,14,61,10.861210768025238,45.93461284694566,0.2364493808669911,0
mixed_cp_1002,14,62,4.536848180253944,62.00846296184678,0.07316498367400953,0
mixed_cp_1002,14,63,13.024885992675644,66.45225375806535,0.19600367566306667,0
mixed_cp_1002,15,0,4.7912370339345465,100.41865921394296,0.047712617071761214,0
mixed_cp_1002,15,1,16.040246483621623,313.28583089863486,0.051200038117304836,1
mixed_cp_1002,15,2,1.8123540679816803,35.91526736236572,0.05046194003502753,0
mixed_cp_1002,15,3,2.726334795535644,72.65516030071007,0.03752431051355067,0
mixed_cp_1002,15,4,3.1018932057125106,68.44580457375662,0.04531896768588551,0
mixed_cp_1002,15,5,1.479856330770381,54.93470126782982,0.02693846142086871,3
mixed_cp_1002,15,6,3.2742292769832497,36.70016251407408,0.08921566153086165,0
mixed_cp_1002,15,7,3.4449288713288504,79.64488465507056,0.04325361115466856,0
mixed_cp_1002,15,8,4.41710907691215,74.53981471514682,0.05925838551909594,0
mixed_cp_1002,15,9,5.493515342507636,66.12484162296892,0.08307793572997271,0
mixed_cp_1002,15,10,2.4755533110247634,92.05926949149686,0.02689086416499775,2
mixed_cp_1002,15,11,4.943313849100904,76.17485292751252,0.06489430119156159,0
mixed_cp_1002,15,12,8.173864942986174,20.514501070502284,0.3984432726340755,0
mixed_cp_1002,15,13,6.954071715612815,53.18098332972647,0.1307623755750622,0
mixed_cp_1002,15,14,2.5984801166706424,63.4570354586327,0.04094865286236981,1
mixed_cp_1002,15,15,2.9171483887454874,57.58481059457399,0.05065829614833117,5
mixed_cp_1002,15,16,3.7810344962063853,98.22598829972893,0.03849321917402199,0
mixed_cp_1002,15,17,5.835961852738691,119.56034886284311,0.048811850318650145,0
mixed_cp_1002,15,18,4.48975137013102,134.02361245495345,0.03349970417817283,2
mixed_cp_1002,15,19,5.284463334499183,72.23119793696124,0.07316040001317885,0
mixed_cp_1002,15,20,4.699691759523576,91.39171657346078,0.0514236074748192,0
mixed_cp_1002,15,21,10.409890924035246,97.88231905238437,0.10635108592455916,0
mixed_cp_1002,15,22,3.8217924018342333,43.822739493587264,0.08721025764246185,0
mixed_cp_1002,15,23,11.535989099742636,56.077905532957395,0.20571362268447868,0
mixed_cp_1002,15,24,10.732128962657624,56.145577265162395,0.19114825219397596,0
mixed_cp_1002,15,25,4.8064698801899945,38.27195281659238,0.12558726499334005,0
mixed_cp_1002,15,26,9.94317971357407,59.23951898030717,0.16784707041391497,2
mixed_cp_1002,15,27,10.775048435640908,67.71499476539549,0.15912352165088403,0
mixed_cp_1002,15,28,3.0948050146470365,79.29217030056037,0.039030398624681925,0
mixed_cp_1002,15,29,7.2579782055090085,234.29005328306746,0.030978601540288073,3
mixed_cp_1002,15,30,3.9997680804211937,34.49568731214081,0.11594980103537375,1
mixed_cp_1002,15,31,5.477347212369745,55.21337233061218,0.09920327234445914,0
mixed_cp_1002,15,32,7.018435012271045,83.6485623581787,0.08390383306551617,0
mixed_cp_1002,15,33,2.265646336057149,50.370559730600505,0.04497957434212809,2
mixed_cp_1002,15,34,4.1182484374770985,68.05365739960862,0.060514726097598136,0
mixed_cp_1002,15,35,2.7373116138667113,129.8050854528683,0.021087861113581855,0
mixed_cp_1002,15,36,5.3746023069692095,130.60574524305298,0.041151346726495466,0
mixed_cp_1002,15,37,3.161008455563148,32.889513687310995,0.09610991775724209,3
mixed_cp_1002,15,38,7.129998769095263,93.80817517781561,0.07600615570636761,0
mixed_cp_1002,15,39,8.133548540512454,48.0951747897365,0.16911360809209808,0
mixed_cp_1002,15,40,12.659882687411748,52.62901367413315,0.24054949548929142,0
mixed_cp_1002,15,41,7.598714787554954,31.4615971160557,0.2415234916245598,0
mixed_cp_1002,15,42,11.044323693524797,115.03028248531034,0.09601231480010654,0
mixed_cp_1002,15,43,6.677933697583288,118.12846447754922,0.056531114047050496,0
mixed_cp_1002,15,44,5.530371695386457,97.3093155782334,0.05683291124311963,1
mixed_cp_1002,15,45,2.797469254150733,51.42462502718558,0.054399409867779365,0
mixed_cp_1002,15,46,5.036954959385176,135.08360773795775,0.03728768459572182,0
mixed_cp_1002,15,47,5.7465562743530905,128.64914580585034,0.04466843707633669,0
mixed_cp_1002,15,48,8.867612125367968,37.35807322712501,0.237368026757048,0
mixed_cp_1002,15,49,7.79051796243228,20.874429351353086,0.37320866747082104,0
mixed_cp_1002,15,50,9.194248027645674,92.2485593576033,0.09966820177650684,0
mixed_cp_1002,15,51,5.5047684517519295,56.20635025539278,0.09793855012359157,3
mixed_cp_1002,15,52,11.159677120771544,75.22175262263039,0.14835704741894257,3
mixed_cp_1002,15,53,13.475395957754417,93.63102323174343,0.14392020393071916,0
mixed_cp_1002,15,54,13.389638541181398,116.41953846408587,0.11501195347301563,0
mixed_cp_1002,15,55,17.954651332388792,59.884513565558024,0.2998212770440742,0
mixed_cp_1002,15,56,8.375140759500766,119.55560592481915,0.07005226308473862,0
mixed_cp_1002,15,57,5.736474364852646,83.11685425219044,0.06901698117023562,0
mixed_cp_1002,15,58,5.425156797794029,58.281128383355245,0.09308599452826351,2
mixed_cp_1002,15,59,9.11441795194473,72.84636893476102,0.12511835641536678,0
mixed_cp_1002,15,60,3.1959380162294337,49.735069817021106,0.06425924459315166,0
mixed_cp_1002,15,61,6.800293929561428,210.2234739684729,0.032347928617054746,3
mixed_cp_1002,15,62,6.856563721243078,100.91714534027535,0.067942505687452,0
mixed_cp_1002,15,63,4.025025709635608,89.92331406126291,0.044760646909581654,0
mixed_cp_1002,16,0,1.9770081171509941,65.35998832672504,0.030247987610833388,1
mixed_cp_1002,16,1,3.1634854329405364,77.45866424410586,0.0408409499932896,1
mixed_cp_1002,16,2,2.943365735614697,38.07798765843977,0.07729835310670145,3
mixed_cp_1002,16,3,5.9191843825300365,83.64861863477847,0.0707624881215794,3
mixed_cp_1002,16,4,7.798947745792624,186.48729108096262,0.041820264000761026,3
mixed_cp_1002,16,5,4.204512873144273,87.13093430262623,0.04825511061939277,2
mixed_cp_1002,16,6,3.5068619284986493,84.91325188603358,0.04129934787099413,0
mixed_cp_1002,16,7,2.0951525884786664,65.50291919131422,0.031985636889851565,3
mixed_cp_1002,16,8,6.306009244654814,65.95367187152188,0.09561270912920444,0
mixed_cp_1002,16,9,6.989292386005507,58.34037318872953,0.11980198281206285,0
mixed_cp_1002,16,10,5.9757260408532105,72.63764065303465,0.08226762305506624,0
mixed_cp_1002,16,11,4.794050441632606,83.43224090024091,0.05746040607209393,3
mixed_cp_1002,16,12,4.606231559256881,56.64153380850443,0.0813225075230092,2
mixed_cp_1002,16,13,3.0132079408861374,97.9500758273935,0.030762691253000945,2
mixed_cp_1002,16,14,2.810472376141376,96.35611000703076,0.02916755746922853,2
mixed_cp_1002,16,15,4.3265178566666025,67.05390683655031,0.06452297950681476,0
mixed_cp_1002,16,16,5.594229517879209,88.28517333395654,0.06336544752217797,0
mixed_cp_1002,16,17,7.541054578642258,226.85007077951545,0.03324246077036364,0
mixed_cp_1002,16,18,3.122827615368047,102.21152319626215,0.0305525983540205,2
mixed_cp_1002,16,19,3.250083072063303,73.06631763349165,0.04448127642569949,0
mixed_cp_1002,16,20,5.968268046032989,40.9828349024289,0.145628482271715,0
mixed_cp_1002,16,21,2.546589205623404,66.4759410071546,0.038308434104743584,0
mixed_cp_1002,16,22,2.012333777243799,80.58981748729273,0.024970074880255193,3
mixed_cp_1002,16,23,4.350993427972229,71.47185919726316,0.060877014769735276,0
mixed_cp_1002,16,24,3.403935500786853,57.06295457386993,0.05965228274992917,0
mixed_cp_1002,16,25,1.3206832302512144,16.75751602377605,0.07881139593585296,1
mixed_cp_1002,16,26,5.958085649513757,74.7382150812936,0.07971939981484813,0
mixed_cp_1002,16,27,7.253910232269161,70.7486651045655,0.10253070106054986,0
mixed_cp_1002,16,28,6.533505002626145,79.59037662277828,0.08208913288087515,0
mixed_cp_1002,16,29,4.872955067926565,52.32733437948566,0.09312446593566501,0
mixed_cp_1002,16,30,5.848614477227011,76.98020576767206,0.07597556305419938,0
mixed_cp_1002,16,31,2.5495766217541145,22.159015100174187,0.11505821040458034,1
mixed_cp_1002,16,32,8.21159398987496,50.0588379626872,0.16403884556800355,0
mixed_cp_1002,16,33,2.083959468275299,26.74138094318076,0.07793013654392905,0
mixed_cp_1002,16,34,6.727346576949029,57.59648183420071,0.11680134554597639,0
mixed_cp_1002,16,35,8.524648489392591,29.052000085177895,0.2934272499104735,0
mixed_cp_1002,16,36,5.19088925472076,248.0235738050205,0.02092901563785017,3
mixed_cp_1002,16,37,7.120198212604122,104.4046499611818,0.06819809477117589,0
mixed_cp_1002,16,38,10.734320684405207,105.12320481252954,0.10211180969556774,0
mixed_cp_1002,16,39,2.4147617922801192,35.03760193783236,0.068919151389546,0
mixed_cp_1002,16,40,6.536337436408289,78.21756907708975,0.08356610303199527,0
mixed_cp_1002,16,41,5.882336743239272,90.64010506108166,0.06489772644543176,0
mixed_cp_1002,16,42,7.377586036064719,101.48748069335474,0.07269454306739721,0
mixed_cp_1002,16,43,4.045796281041298,72.05738676573169,0.05614686380724198,0
mixed_cp_1002,16,44,5.949963244791084,101.65017225044484,0.058533725158198595,0
mixed_cp_1002,16,45,4.875271970701922,91.23433596361788,0.053436811034017574,1
mixed_cp_1002,16,46,5.676491840756365,66.55573677715674,0.08528929459172709,0
mixed_cp_1002,16,47,3.0968578709579817,60.257300176903335,0.051393903508226035,0
mixed_cp_1002,16,48,8.024175615980347,61.60365875356728,0.13025485463581643,0
mixed_cp_1002,16,49,8.602412202763253,56.17114121344133,0.15314647373952162,0
mixed_cp_1002,16,50,5.285078778359489,40.88516434914775,0.12926641882190837,0
mixed_cp_1002,16,51,4.230141671757714,126.92134640479942,0.03332884334732959,0
mixed_cp_1002,16,52,4.796450290501955,97.30017458404113,0.049295392438983905,0
mixed_cp_1002,16,53,4.1464011769730895,74.90178695248512,0.05535784052259542,0
mixed_cp_1002,16,54,2.177719542621067,70.70573086627401,0.03079976001860154,0
mixed_cp_1002,16,55,4.523485497477321,77.50256380299523,0.05836562399375106,3
mixed_cp_1002,16,56,6.55078472889701,58.39967767296837,0.11217159049371243,0
mixed_cp_1002,16,57,3.3359886775985936,56.751650289934105,0.058782232068241534,0
mixed_cp_1002,16,58,2.625367181144401,61.55943872982463,0.042647678980095215,3
mixed_cp_1002,16,59,6.251402225022582,88.971344510775,0.07026309717355678,0
mixed_cp_1002,16,60,5.567614887659229,93.0030760911696,0.059864846644441895,0
mixed_cp_1002,16,61,3.274697870045446,56.021094882311765,0.058454728114916,0
mixed_cp_1002,16,62,6.084466701284917,75.55656678202484,0.08052862855505541,0
mixed_cp_1002,16,63,8.093034484176334,57.971358218719786,0.13960401710172415,0
mixed_cp_1002,17,0,1.1041117886181162,38.301162087304,0.028827109373376042,0
mixed_cp_1002,17,1,2.5115306336817724,60.79604547190047,0.04131075654982502,3
mixed_cp_1002,17,2,2.6458480370301833,29.71601798689781,0.08903777209304332,3
mixed_cp_1002,17,3,2.503082513192106,85.37379984950388,0.029319094588790895,0
mixed_cp_1002,17,4,3.232129599348368,63.17241978689868,0.05116361871606949,0
mixed_cp_1002,17,5,4.100343120358453,18.977631413185343,0.2160619010394312,0
mixed_cp_1002,17,6,3.4117173701357983,75.29725851142506,0.045309981234152495,2
mixed_cp_1002,17,7,5.580433828369446,259.36933330953786,0.021515395660556432,3
mixed_cp_1002,17,8,3.5500925423901357,39.7599908438446,0.089288062372372,0
mixed_cp_1002,17,9,2.1851286169081128,91.98810331883429,0.023754469741966232,8
mixed_cp_1002,17,10,2.6000080799271963,51.84772654800088,0.0501470026370413,0
mixed_cp_1002,17,11,2.361270408665114,69.83021963020306,0.03381444911915778,2
mixed_cp_1002,17,12,3.6401689678762024,70.77538084083312,0.051432700532725986,2
mixed_cp_1002,17,13,2.6481591598040093,101.77515049770308,0.026019702715780062,1
mixed_cp_1002,17,14,2.1276911124946216,116.55623201942018,0.01825463191140319,6
mixed_cp_1002,17,15,2.1910906441865152,71.73607978753853,0.030543774495008516,2
mixed_cp_1002,17,16,5.305118253235701,108.8273942523359,0.04874800402676949,0
mixed_cp_1002,17,17,2.908854518222029,90.89238192359768,0.0320032818665392,3
mixed_cp_1002,17,18,7.65523490340065,24.23504837487647,0.3158745460288222,0
mixed_cp_1002,17,19,5.5823165784481015,63.16486034772634,0.08837693216951821,0
mixed_cp_1002,17,20,3.2943864761783543,72.09575021243185,0.04569460011819512,3
mixed_cp_1002,17,21,5.954468640455932,30.700776735161295,0.1939517261019764,0
mixed_cp_1002,17,22,6.363269620158001,45.8416691403539,0.13880972790662388,0
mixed_cp_1002,17,23,8.128041431184666,108.00337781218623,0.07525728913144755,0
mixed_cp_1002,17,24,4.643473616589369,52.325964593393174,0.0887412903454754,0
mixed_cp_1002,17,25,5.737849043052968,102.40964439685622,0.05602840510623928,3
mixed_cp_1002,17,26,5.3190929111669245,164.08063324023047,0.03241755474809291,0
mixed_cp_1002,17,27,6.717629591968653,83.17903187549781,0.08076109375766222,0
mixed_cp_1002,17,28,8.015297785834921,59.98131030124874,0.13362992148019234,0
mixed_cp_1002,17,29,4.011012288701989,12.527308076436414,0.3201814998264961,0
mixed_cp_1002,17,30,2.884020312404804,13.573782284141853,0.21246991089389897,0
mixed_cp_1002,17,31,2.941450920266152,32.368201547191106,0.09087470973565441,1
mixed_cp_1002,17,32,9.869458858791202,46.54900323593124,0.21202299024037863,0
mixed_cp_1002,17,33,4.647648751807147,48.41012365130153,0.09600571949132365,0
mixed_cp_1002,17,34,2.9905301851840718,77.15096761692836,0.03876205675128686,2
mixed_cp_1002,17,35,4.615349408121436,263.10598856147413,0.017541787753884857,3
mixed_cp_1002,17,36,13.497863420094331,271.6363620461429,0.049690929882949354,2
mixed_cp_1002,17,37,4.4686488522805075,126.66001997426491,0.03528065804180718,0
mixed_cp_1002,17,38,6.993605340357859,39.357589500845755,0.17769394490502458,0
mixed_cp_1002,17,39,6.240938218465892,21.940556743060174,0.28444757767780476,0
mixed_cp_1002,17,40,6.550365229518786,80.09183782107164,0.08178567763861985,0
mixed_cp_1002,17,41,4.53299956405226,48.82192535712319,0.09284761981208692,3
mixed_cp_1002,17,42,10.778471275703216,77.42065735784334,0.13921957838570678,3
mixed_cp_1002,17,43,10.661451810540244,82.8638784931546,0.12866223503430374,0
mixed_cp_1002,17,44,10.08019260923277,103.4760782558549,0.09741568079443917,0
mixed_cp_1002,17,45,5.546431144765749,92.62065703686552,0.0598833059730738,0
mixed_cp_1002,17,46,6.273040917843041,83.23385161937274,0.07536646203193348,0
mixed_cp_1002,17,47,3.6200640314400934,62.314503768347244,0.058093442337238205,0
mixed_cp_1002,17,48,4.2630840495324644,79.38087518905967,0.053704170423659,0
mixed_cp_1002,17,49,5.884580526972125,82.09375386171389,0.07168122116677283,2
mixed_cp_1002,17,50,15.529590427110245,65.1235475783585,0.2384635205633508,0
mixed_cp_1002,17,51,19.936872701732007,108.44578826559261,0.1838418348982348,4
mixed_cp_1002,17,52,12.780932475763821,50.15489459290222,0.2548292161613384,0
mixed_cp_1002,17,53,5.203235881471163,53.48267948504451,0.09728824231639623,0
mixed_cp_1002,17,54,4.652763300947483,75.1414831082234,0.061920035491531175,0
mixed_cp_1002,17,55,10.24752196983787,88.77199484522801,0.11543642775747233,0
mixed_cp_1002,17,56,10.212960344561827,85.22238831124012,0.1198389360699813,0
mixed_cp_1002,17,57,8.156198323839062,104.46446915246365,0.07807629129800359,0
mixed_cp_1002,17,58,3.964692420763767,29.411519508953077,0.13480066609808738,0
mixed_cp_1002,17,59,6.861492145667349,83.23917428704243,0.0824310452913209,0
mixed_cp_1002,17,60,9.817291513133524,102.83722758610604,0.09546437358896577,0
mixed_cp_1002,17,61,3.475810183656761,149.65592822043072,0.023225342457113905,4
mixed_cp_1002,17,62,6.224247285518301,89.70279329945582,0.0693874410882594,0
mixed_cp_1002,17,63,4.705585578595595,149.17200661888938,0.03154469585314095,3
mixed_cp_1002,18,0,2.2843361614359026,47.365065784952215,0.04822829069439679,0
mixed_cp_1002,18,1,2.9964244334400862,58.00806113333427,0.05165531091536852,0
mixed_cp_1002,18,2,3.1033727236239,33.45310827267633,0.09276784382271162,0
mixed_cp_1002,18,3,5.278648178430776,127.65796796850995,0.04134993108877377,0
mixed_cp_1002,18,4,2.7503823597640027,51.30044108910438,0.053613230244684035,0
mixed_cp_1002,18,5,3.226951512708718,62.693018027612425,0.05147226300841736,0
mixed_cp_1002,18,6,2.9075100495162736,164.5469581279912,0.017669789114270324,6
mixed_cp_1002,18,7,2.844336521449401,121.31101618064669,0.023446646570117278,2
mixed_cp_1002,18,8,7.618426518741876,145.37858559188444,0.052404048971344264,0
mixed_cp_1002,18,9,2.664855051512482,101.08894200461624,0.02636148918633248,0
mixed_cp_1002,18,10,4.790464246293309,143.34182266412233,0.033419864190776305,0
mixed_cp_1002,18,11,4.400171717400494,123.60841299942028,0.035597671797801746,0
mixed_cp_1002,18,12,4.148162715947567,72.54976618746896,0.05717678958783539,2
mixed_cp_1002,18,13,1.2558492120678446,61.917399544406926,0.020282654331552706,5
mixed_cp_1002,18,14,7.806072065942012,283.4491386994595,0.02753958647310893,3
mixed_cp_1002,18,15,16.42056930746126,309.9809979913449,0.052972825475965934,2
mixed_cp_1002,18,16,4.176652696362692,123.73992139784144,0.03375347785242371,2
mixed_cp_1002,18,17,6.010330297643565,116.45256266885856,0.051611833693470374,0
mixed_cp_1002,18,18,4.3076842453136965,110.44044596829806,0.03900458937435129,3
mixed_cp_1002,18,19,4.071838001316741,104.3542239830262,0.03901938844352911,3
mixed_cp_1002,18,20,3.973681802266012,100.54940401963933,0.03951969522852539,0
mixed_cp_1002,18,21,7.619972612968112,107.34178750511764,0.07098794225505907,0
mixed_cp_1002,18,22,4.277877125474857,44.24806779109351,0.09667941085409229,0
mixed_cp_1002,18,23,9.03437687465679,37.013748302718895,0.24408165314057526,0
mixed_cp_1002,18,24,4.939986743013648,16.438141768023335,0.3005197797127695,0
mixed_cp_1002,18,25,4.612584049676567,24.47724654196294,0.18844374679843637,0
mixed_cp_1002,18,26,8.251900845104128,53.327148767376784,0.15474108471653897,0
mixed_cp_1002,18,27,4.971990381776293,82.87574379458476,0.059993312326702415,2
mixed_cp_1002,18,28,8.537853014224325,64.94506628602232,0.13146268842998884,2
mixed_cp_1002,18,29,8.529157084159648,61.73752062527668,0.13815192119438022,0
mixed_cp_1002,18,30,3.4852566948370254,78.96729812182774,0.04413544312305208,5
mixed_cp_1002,18,31,2.111893849367882,76.72465957016405,0.02752562033118665,0
mixed_cp_1002,18,32,6.177688912261596,95.7178205762282,0.06454063491073514,0
mixed_cp_1002,18,33,10.172297239654569,139.8616853229362,0.072731121580346,0
mixed_cp_1002,18,34,5.2513117439721295,16.846777028593166,0.31171017073825746,0
mixed_cp_1002,18,35,2.701477235312293,18.10321018430684,0.1492264193924085,0
mixed_cp_1002,18,36,3.057809458652114,39.269200197899764,0.07786788229049939,1
mixed_cp_1002,18,37,7.970017833724033,51.19299109635815,0.15568572304600145,0
mixed_cp_1002,18,38,3.6080183462551814,62.82380531842671,0.05743075141608656,0
mixed_cp_1002,18,39,6.747327579174041,246.35115499146832,0.027389064116251922,3
mixed_cp_1002,18,40,6.063032062839747,83.867405919677,0.07229306780570445,0
mixed_cp_1002,18,41,12.318050105111165,52.19137632276786,0.23601696243709835,0
mixed_cp_1002,18,42,15.82772813252495,94.11658734889163,0.16817150492135163,0
mixed_cp_1002,18,43,4.812227400129094,65.36220713831261,0.0736240040050356,0
mixed_cp_1002,18,44,2.3311036800765623,23.18142477170258,0.10055912020222872,0
mixed_cp_1002,18,45,7.802904922760499,38.7025223955515,0.20161230947720793,0
mixed_cp_1002,18,46,5.056808990893125,34.7706485308339,0.14543326640597026,0
mixed_cp_1002,18,47,8.599366263446557,73.54471275225785,0.11692704943201444,0
mixed_cp_1002,18,48,10.995232616196118,86.78593356296189,0.12669371826506012,0
mixed_cp_1002,18,49,13.403443111873605,55.076615628362894,0.24335996246238506,0
mixed_cp_1002,18,50,3.5963377059535433,47.90277463830352,0.0750757703099285,0
mixed_cp_1002,18,51,13.921411669493311,52.9650110801403,0.26284166444200496,0
mixed_cp_1002,18,52,6.657328668071388,62.246704240458406,0.10695070123478655,0
mixed_cp_1002,18,53,12.614956356400535,60.92721886936767,0.20704960099110886,0
mixed_cp_1002,18,54,5.463602574892532,31.33788218255987,0.17434498422912353,0
mixed_cp_1002,18,55,7.698459482338367,50.32426945516152,0.15297707379930525,0
mixed_cp_1002,18,56,9.208723885407169,78.18455727183589,0.11778187671242836,0
mixed_cp_1002,18,57,3.9352710028447366,43.65843671280614,0.09013769844146573,0
mixed_cp_1002,18,58,5.738390202530925,66.30337113905696,0.0865474877664349,0
mixed_cp_1002,18,59,1.8954039522389248,57.38754504187241,0.03302814139994936,0
mixed_cp_1002,18,60,6.325318689396814,264.63739485403113,0.023901832516473105,3
mixed_cp_1002,18,61,5.959182062144371,82.2446324936739,0.072456789962588,0
mixed_cp_1002,18,62,4.531731589325377,86.58409391288961,0.05233907735853486,5
mixed_cp_1002,18,63,8.26918047564589,105.09562465157609,0.07868244280445294,0
mixed_cp_1002,19,0,3.8854079411273443,91.81174135953533,0.04231929253919783,0
mixed_cp_1002,19,1,2.0819502568249524,48.66850125276676,0.042778187189534536,2
mixed_cp_1002,19,2,1.1318421153074172,40.96515613457307,0.027629386095569752,2
mixed_cp_1002,19,3,1.8369430116450458,106.34290003281566,0.01727377202500774,6
mixed_cp_1002,19,4,2.8488546046913608,79.70408402616522,0.035742893723691,2
mixed_cp_1002,19,5,2.0060399265355326,46.147104418490976,0.043470548191789034,2
mixed_cp_1002,19,6,4.673296220126753,53.939449474720824,0.08663967218124709,0
mixed_cp_1002,19,7,5.2952696798368635,36.11638300998691,0.14661683254307648,0
mixed_cp_1002,19,8,4.4635372574480625,142.5581551557223,0.031310290544741916,6
mixed_cp_1002,19,9,6.172782976086798,56.912151060130505,0.10846160022250691,0
mixed_cp_1002,19,10,2.862040355241027,41.91585526042903,0.06828061451827173,0
mixed_cp_1002,19,11,4.201821207073784,63.4978222178771,0.06617268215366932,0
mixed_cp_1002,19,12,1.2866062454279765,57.67021734470722,0.022309717297190956,13
mixed_cp_1002,19,13,1.9546743548294043,13.680708234203326,0.14287815523632733,0
mixed_cp_1002,19,14,1.5944875937147647,58.09760103339763,0.027444981640432405,2
mixed_cp_1002,19,15,2.278908517736838,47.12624364817421,0.04835752526236257,3
mixed_cp_1002,19,16,6.398396642813416,65.11501189431837,0.09826300351749931,0
mixed_cp_1002,19,17,3.809967989820496,41.996223961550996,0.09072167996124257,0
mixed_cp_1002,19,18,5.18046678639381,60.62708185075377,0.08544806426848336,0
mixed_cp_1002,19,19,3.281111508233537,62.366019906140814,0.05261056442549199,0
mixed_cp_1002,19,20,3.6525597142430115,32.91112245927912,0.11098253238741151,0
mixed_cp_1002,19,21,3.909786904630103,62.75205299171748,0.06230532258675502,0
mixed_cp_1002,19,22,5.137944251002188,62.223499110934675,0.08257240953039373,0
mixed_cp_1002,19,23,2.003566160544201,26.113837834405572,0.0767243088989569,2
mixed_cp_1002,19,24,7.999116045962788,45.525014644484536,0.17570814877117014,0
mixed_cp_1002,19,25,10.997106919794534,47.8288867906548,0.22992604799539762,0
mixed_cp_1002,19,26,3.5551367896458514,38.22086377399591,0.09301560557782679,0
mixed_cp_1002,19,27,7.601813443811504,60.331886571943286,0.1259999293200728,0
mixed_cp_1002,19,28,5.716984469989105,59.958926232265625,0.09534834643040406,0
mixed_cp_1002,19,29,2.8906405461759372,58.44687613461085,0.04945757134253697,1
mixed_cp_1002,19,30,7.032476885680292,88.7958471020425,0.0791982633782265,0
mixed_cp_1002,19,31,2.3662522273893143,36.74000589329865,0.06440533064315368,2
mixed_cp_1002,19,32,4.519700250107382,177.81743385119464,0.025417644109574002,3
mixed_cp_1002,19,33,4.054653776049671,63.31636916987431,0.06403800200815779,0
mixed_cp_1002,19,34,1.5084391958025785,41.95454069421827,0.03595413442365383,8
mixed_cp_1002,19,35,2.8570870004285784,66.8139333824591,0.04276184406138645,0
mixed_cp_1002,19,36,2.726991069669099,92.66916825719623,0.02942716678000759,1
mixed_cp_1002,19,37,3.581625816047797,62.38575926760828,0.05741095176359321,0
mixed_cp_1002,19,38,4.146102341590644,69.65219600700878,0.05952579501116433,0
mixed_cp_1002,19,39,6.873133535825009,45.58710395879389,0.1507692513662992,0
mixed_cp_1002,19,40,4.983555368948749,99.34690918283708,0.050163164711818684,0
mixed_cp_1002,19,41,5.014542540513224,85.80203846115182,0.05844316324470117,0
mixed_cp_1002,19,42,1.3931856793870858,40.17140049794103,0.034681033325151135,2
mixed_cp_1002,19,43,2.2925296298987323,86.87682975753194,0.026388274483507813,0
mixed_cp_1002,19,44,3.1144064148695207,89.20380067670624,0.03491338251558137,0
mixed_cp_1002,19,45,1.140584710499606,63.08655592178523,0.01807967947899556,1
mixed_cp_1002,19,46,5.00539945606385,217.41076186074855,0.023022776854394196,3
mixed_cp_1002,19,47,2.126481576494043,107.67993820810086,0.01974816861785741,0
mixed_cp_1002,19,48,4.762494687576595,71.94301851410535,0.06619814939573111,0
mixed_cp_1002,19,49,2.4033555501653217,39.38799276404645,0.06101746703780032,3
mixed_cp_1002,19,50,3.7720446350316643,41.88125780295868,0.09006521849888639,0
mixed_cp_1002,19,51,2.283844323083352,63.42469591408838,0.03600875479445612,5
mixed_cp_1002,19,52,3.5766166960120835,86.73902615541198,0.041234227020300995,0
mixed_cp_1002,19,53,5.053257792071628,80.74492061423881,0.06258298049748186,0
mixed_cp_1002,19,54,2.3884748751708313,66.65605016569661,0.03583282941658639,0
mixed_cp_1002,19,55,2.5824292942459377,89.25489121448466,0.02893319636724682,0
mixed_cp_1002,19,56,2.8815291214035237,53.827347351811284,0.05353280930918028,0
mixed_cp_1002,19,57,4.494808178722659,61.237185117057976,0.07339998025922657,0
mixed_cp_1002,19,58,4.901801555938996,70.03886921791211,0.06998687458371164,0
mixed_cp_1002,19,59,4.553523703033681,86.57011186705445,0.0525992586220348,0
mixed_cp_1002,19,60,2.966768137343082,74.34798092496638,0.03990381581898249,2
mixed_cp_1002,19,61,5.614717280693032,102.87655997547566,0.05457722616338943,0
mixed_cp_1002,19,62,2.335695023121912,76.40610454194777,0.03056948181201399,2
mixed_cp_1002,19,63,4.876789695261833,208.5884118055889,0.02337996465406313,3
mixed_cp_1002,20,0,5.844376735180822,48.64102595693871,0.12015323731770737,1
mixed_cp_1002,20,1,1.737984006351102,52.949262331777575,0.03282357354595379,2
mixed_cp_1002,20,2,2.9113815636662244,72.73046595773963,0.040029738917909535,2
mixed_cp_1002,20,3,2.113339416339387,65.62468567723852,0.0322034215406899,2
mixed_cp_1002,20,4,4.037868886309644,75.41605005123765,0.05354124067179754,0
mixed_cp_1002,20,5,2.92980460996403,57.02696459299879,0.05137577689561479,0
mixed_cp_1002,20,6,13.107714672705452,95.20461971161065,0.13767939741170884,0
mixed_cp_1002,20,7,8.432781329815361,71.84153330562658,0.11738030832305345,0
mixed_cp_1002,20,8,3.82119653442842,47.95537240371354,0.07968234512412037,0
mixed_cp_1002,20,9,7.887380669338043,122.46810119100697,0.06440355155859334,0
mixed_cp_1002,20,10,10.784995539009055,49.02743571676704,0.2199787808873851,2
mixed_cp_1002,20,11,8.407936365638415,64.03145182192146,0.13130947567801232,0
mixed_cp_1002,20,12,10.921179283027199,67.30487536523148,0.16226431181639017,2
mixed_cp_1002,20,13,7.156530788613854,88.1397370925657,0.08119528177282803,0
mixed_cp_1002,20,14,11.1330510944349,88.80217521508644,0.12536912600924136,0
mixed_cp_1002,20,15,9.885463572341461,68.18521868946374,0.14497956833375975,0
mixed_cp_1002,20,16,5.2559135354345745,47.983291486534796,0.109536327596649,0
mixed_cp_1002,20,17,9.52792538492744,74.78413167168357,0.12740570990055522,0
mixed_cp_1002,20,18,2.8406592558971195,43.57275542193469,0.06519347304042931,0
mixed_cp_1002,20,19,3.811171121973426,11.007593591006556,0.34623108951689824,0
mixed_cp_1002,20,20,9.59693834635019,55.77676491754396,0.17205978798766042,0
mixed_cp_1002,20,21,5.963799687551974,88.11260278450082,0.06768384429793531,0
mixed_cp_1002,20,22,7.717269543180492,104.25847210563593,0.07402055091850245,0
mixed_cp_1002,20,23,5.509005195375926,27.750704984401985,0.19851766643306568,0
mixed_cp_1002,20,24,3.2169299363179893,13.025135481505504,0.24697861614458708,0
mixed_cp_1002,20,25,1.0393041163205412,24.941029692896997,0.041670457439715355,7
mixed_cp_1002,20,26,10.896772254584931,47.88957699826722,0.2275395386135736,0
mixed_cp_1002,20,27,8.860149650728859,140.58523324737155,0.06302333073018189,0
mixed_cp_1002,20,28,5.097364324958655,29.097692605398304,0.17518104937341233,0
mixed_cp_1002,20,29,3.285379180478008,22.900103327992472,0.14346569242166032,0
mixed_cp_1002,20,30,23.438805430568287,95.83428562952678,0.2445764089188007,0
mixed_cp_1002,20,31,13.001340998735419,40.21840333278616,0.3232684522842976,0
mixed_cp_1002,20,32,6.033633672747548,23.650700251121147,0.25511437753144445,0
mixed_cp_1002,20,33,6.120398422684237,55.75595571657572,0.10977120460092302,0
mixed_cp_1002,20,34,8.111526353758427,78.1261751117543,0.10382597563691588,0
mixed_cp_1002,20,35,13.197672793716578,233.93090051474837,0.05641697084342442,0
mixed_cp_1002,20,36,12.487243197237081,236.86956712777555,0.05271780308738874,0
mixed_cp_1002,20,37,12.170248568367581,256.4256916786805,0.04746111237409769,3
mixed_cp_1002,20,38,5.2617061954753765,40.47244721678851,0.13000711736780649,1
mixed_cp_1002,20,39,7.356075093928357,77.93997229517007,0.09438128956563939,0
mixed_cp_1002,20,40,8.748823283332012,77.34942221206528,0.11310780395160255,2
mixed_cp_1002,20,41,6.894103422642607,44.04083956836933,0.1565388736956331,0
mixed_cp_1002,20,42,8.022286288092976,80.56164267483908,0.09957947754953721,0
mixed_cp_1002,20,43,14.234743022181137,63.31258073001321,0.22483277190805118,0
mixed_cp_1002,20,44,4.131376961528481,46.927225703673294,0.08803795450462976,0
mixed_cp_1002,20,45,6.9524756711238895,66.46365510767879,0.10460567749185742,2
mixed_cp_1002,20,46,1.7182829038386633,36.25897857359196,0.047389170115512254,3
mixed_cp_1002,20,47,12.631232732251128,77.22488424509002,0.1635642818468093,0
mixed_cp_1002,20,48,9.402755927670702,68.51180532858801,0.13724285738164896,0
mixed_cp_1002,20,49,3.62557463402781,52.356814348018574,0.06924742613117024,0
mixed_cp_1002,20,50,10.19340432117922,84.12251061659818,0.12117332502874638,0
mixed_cp_1002,20,51,1.550544905876974,47.95567711770088,0.03233287483505584,0
mixed_cp_1002,20,52,3.2534228297792374,92.07485026060644,0.035334543803990204,1
mixed_cp_1002,20,53,8.668378139915362,63.13280051408486,0.1373038748373194,0
mixed_cp_1002,20,54,1.1934231617526072,54.417425443946236,0.021930900846860474,13
mixed_cp_1002,20,55,3.271516074354863,109.90943896601027,0.02976556067551747,0
mixed_cp_1002,20,56,4.8296271902870025,45.24678162884462,0.10673968438029494,0
mixed_cp_1002,20,57,3.497391086488142,55.278194977984576,0.06326890897723839,3
mixed_cp_1002,20,58,11.372420645554298,145.09593685571784,0.07837862928486368,0
mixed_cp_1002,20,59,7.140201420867847,102.54348034900504,0.06963096431451604,0
mixed_cp_1002,20,60,6.969035082773873,89.20773348464401,0.07812142300390924,0
mixed_cp_1002,20,61,7.92710780854677,65.12886480086233,0.12171420203291816,0
mixed_cp_1002,20,62,10.40306618303976,200.284182944449,0.05194152643559059,0
mixed_cp_1002,20,63,11.313410755859595,223.01609270280957,0.050729122812387374,0
mixed_cp_1002,21,0,1.7057815597176569,30.223038942225536,0.05643977638974144,0
mixed_cp_1002,21,1,6.782156613904514,204.1138962033854,0.03322731445558495,0
mixed_cp_1002,21,2,16.09049088858621,303.4086575674579,0.053032405263547085,1
mixed_cp_1002,21,3,4.035528432166583,99.55989960197503,0.040533673178659246,0
mixed_cp_1002,21,4,2.4662200171266537,27.63677394971041,0.08923689941576904,0
mixed_cp_1002,21,5,2.0775386855216125,149.85636472011893,0.013863533186606741,6
mixed_cp_1002,21,6,2.9111126817125834,90.99706432143884,0.03199128129484862,3
mixed_cp_1002,21,7,4.105076638434866,48.64155860677535,0.0843944305243349,0
mixed_cp_1002,21,8,5.818705942303747,59.85479035419423,0.09721370516664102,0
mixed_cp_1002,21,9,9.077007875206512,41.241605408885015,0.220093465936003,0
mixed_cp_1002,21,10,9.890404812091226,41.44603993084058,0.2386332886952521,0
mixed_cp_1002,21,11,7.221058315508213,51.79008975931154,0.13942934544170993,0
mixed_cp_1002,21,12,6.824305290588133,42.10001988892693,0.1620974362623294,0
mixed_cp_1002,21,13,6.8168495236938025,109.90866573464912,0.06202285759843198,0
mixed_cp_1002,21,14,2.463316314025632,16.98562348639875,0.14502360281317517,0
mixed_cp_1002,21,15,5.968535175697551,40.226276904208895,0.14837403893754483,0
mixed_cp_1002,21,16,5.596844891770547,77.50505853035222,0.07221264002502151,2
mixed_cp_1002,21,17,5.619079955980521,241.30485912274438,0.023286227954167585,3
mixed_cp_1002,21,18,10.647091517493863,231.71895458009627,0.045948297741925014,0
mixed_cp_1002,21,19,4.7208106444867335,80.85174101395958,0.05838848471638545,6
mixed_cp_1002,21,20,4.665981345816839,186.80389414505353,0.024977966156282033,2
mixed_cp_1002,21,21,3.143527747243408,17.455711231688863,0.1800859160374222,0
mixed_cp_1002,21,22,6.964935541260969,26.205468142544124,0.26578176369051454,0
mixed_cp_1002,21,23,9.083435043866379,54.287215797862714,0.16732180699206153,0
mixed_cp_1002,21,24,1.9795179137596308,52.7996448243467,0.03749112177449432,2
mixed_cp_1002,21,25,10.031061322014548,61.64432864332064,0.1627248044188319,0
mixed_cp_1002,21,26,7.407151813563372,92.7205974669307,0.07988679986887674,0
mixed_cp_1002,21,27,21.87977092102139,153.34275351123208,0.14268539216898005,0
mixed_cp_1002,21,28,5.646074626829692,16.1263525380445,0.35011479586036265,0
mixed_cp_1002,21,29,4.9917744561939,25.48461682356367,0.1958740243478328,0
mixed_cp_1002,21,30,5.935153305400447,24.279851144383876,0.24444768092300662,0
mixed_cp_1002,21,31,5.7918221125842795,67.57280753220867,0.08571232014924939,0
mixed_cp_1002,21,32,4.751666023055379,76.53680172811252,0.06208341498165918,0
mixed_cp_1002,21,33,9.635234258794275,46.03563946771567,0.20929945516563028,0
mixed_cp_1002,21,34,9.486345634297948,48.11137456962255,0.19717469557162917,0
mixed_cp_1002,21,35,8.872399986782467,65.62531771614763,0.1351978214438319,0
mixed_cp_1002,21,36,5.159844534526544,65.23165974877952,0.07910031040752545,0
mixed_cp_1002,21,37,10.484338143071286,97.25368176376769,0.10780402297301278,0
mixed_cp_1002,21,38,5.517884585443573,57.332456358219,0.0962436451521852,0
mixed_cp_1002,21,39,14.001069404656818,129.48438061157566,0.1081294078755098,0
mixed_cp_1002,21,40,4.067820430640552,57.48684784283134,0.07076088850378344,0
mixed_cp_1002,21,41,17.125726162526387,80.60852410129587,0.21245552320255262,0
mixed_cp_1002,21,42,9.697132747281724,21.23380949262719,0.4566836087819647,0
mixed_cp_1002,21,43,10.233975583842316,45.76025184340965,0.22364334048821902,0
mixed_cp_1002,21,44,10.544703320545675,122.60866906173767,0.08600291807454541,0
mixed_cp_1002,21,45,9.34306534551066,98.44981190880515,0.09490181001224478,0
mixed_cp_1002,21,46,24.649677443399035,156.3702841168082,0.15763658410306264,0
mixed_cp_1002,21,47,6.5694251370716295,20.018835315828063,0.3281622049149611,0
mixed_cp_1002,21,48,17.903556326326672,57.25996378013199,0.3126714574091092,0
mixed_cp_1002,21,49,15.344619682395527,48.843431834504756,0.3141593271821563,0
mixed_cp_1002,21,50,11.397778433442044,52.15636864248459,0.21853090485593832,0
mixed_cp_1002,21,51,6.178745846812927,35.74713595983067,0.17284589886462598,0
mixed_cp_1002,21,52,4.571036946534161,66.13439834592954,0.06911738914784428,0
mixed_cp_1002,21,53,12.54053097435519,64.27885920629684,0.19509573021679738,2
mixed_cp_1002,21,54,6.946903129642371,55.359207306490575,0.1254877637821213,0
mixed_cp_1002,21,55,8.89537034957601,60.00952003700017,0.14823265282060874,0
mixed_cp_1002,21,56,9.312626758838613,89.08200295283915,0.10453993455635259,0
mixed_cp_1002,21,57,8.387365753714331,78.33202726063027,0.10707453958528948,0
mixed_cp_1002,21,58,5.9714968868908915,59.17272719290551,0.10091637093932763,0
mixed_cp_1002,21,59,3.9749358250563156,60.413096963407476,0.06579592877789323,0
mixed_cp_1002,21,60,13.365106219603863,98.71996395850022,0.135384026530057,0
mixed_cp_1002,21,61,9.409338199919802,22.99974215181028,0.4091062472706549,0
mixed_cp_1002,21,62,4.1122616778981556,54.9110853542852,0.07488946268983626,1
mixed_cp_1002,21,63,4.605127258012122,88.95627966364717,0.051768433610584676,0
mixed_cp_1002,22,0,1.5940418639451557,30.610891404915442,0.05207433664245358,0
mixed_cp_1002,22,1,2.7972588327941548,68.26281750305253,0.04097778168428323,1
mixed_cp_1002,22,2,2.117794761615113,68.0697944047211,0.031112107508704773,0
mixed_cp_1002,22,3,5.141203032741579,123.03657115068864,0.04178597456560219,1
mixed_cp_1002,22,4,4.810649924716108,46.67592981401604,0.10306489755821739,1
mixed_cp_1002,22,5,5.405037150290492,48.94488309319118,0.11043109736311532,0
mixed_cp_1002,22,6,2.4442394957541516,50.03898919334917,0.04884670004643145,3
mixed_cp_1002,22,7,4.802561700247702,44.36984158059141,0.10823932493706434,0
mixed_cp_1002,22,8,4.241948471022008,205.08564775502686,0.020683790004110775,3
mixed_cp_1002,22,9,7.249204445428183,163.96911753541323,0.04421079136357818,0
mixed_cp_1002,22,10,2.8006069048428825,59.643864383791914,0.04695549045618079,3
mixed_cp_1002,22,11,2.9413316695417366,56.63387602739894,0.05193590613714569,1
mixed_cp_1002,22,12,2.1691548869105484,90.25380655757442,0.02403394349386037,0
mixed_cp_1002,22,13,1.363112543227215,33.547967042067626,0.04063174801375994,3
mixed_cp_1002,22,14,5.910878621992622,67.4727276973429,0.08760396716887725,0
mixed_cp_1002,22,15,1.924900925451122,43.75340725364162,0.043994309158423575,0
mixed_cp_1002,22,16,2.3722843172765864,78.57501177241754,0.0301913326357189,1
mixed_cp_1002,22,17,3.641486820039932,75.60428241162025,0.048165086736941795,1
mixed_cp_1002,22,18,12.608691349367332,63.710817425502896,0.1979050318120731,3
mixed_cp_1002,22,19,7.70634962144814,204.8018661524946,0.03762831738901259,3
mixed_cp_1002,22,20,2.378622124315248,39.29364518056713,0.060534524434796066,5
mixed_cp_1002,22,21,3.293733147433494,23.327266482464413,0.14119670429064035,0
mixed_cp_1002,22,22,1.6112316551632138,50.28008260752482,0.03204512744619238,3
mixed_cp_1002,22,23,2.593595205062223,86.96510048628869,0.029823402612765806,1
mixed_cp_1002,22,24,8.015485080864186,53.98045300399776,0.14848865903868136,3
mixed_cp_1002,22,25,2.388067444260485,92.30139532852544,0.025872495597284436,3
mixed_cp_1002,22,26,6.405510014227754,103.16353479843897,0.06209083497131856,0
mixed_cp_1002,22,27,2.640768730970498,78.14429018299275,0.0337934956576678,2
mixed_cp_1002,22,28,2.7681988640519126,55.61247346128045,0.049776582334163565,2
mixed_cp_1002,22,29,4.458372516850019,31.41289662997532,0.14192809308122442,0
mixed_cp_1002,22,30,4.947494876855168,103.83313316939541,0.04764851763438292,0
mixed_cp_1002,22,31,3.100856351936018,190.4497976239561,0.016281751887490432,3
mixed_cp_1002,22,32,3.9921389592308483,62.706701056945896,0.06366367376917921,0
mixed_cp_1002,22,33,2.9097930524188493,102.58001842189508,0.028366080423687774,3
mixed_cp_1002,22,34,3.728886780450112,91.44852446304999,0.04077580040076839,0
mixed_cp_1002,22,35,5.766298524556823,94.22876578985684,0.06119467315762646,3
mixed_cp_1002,22,36,4.473385666685307,70.05982683677657,0.06385093810047913,0
mixed_cp_1002,22,37,3.9189567539688346,92.48901581828189,0.04237213164500116,3
mixed_cp_1002,22,38,3.9104976285669455,84.1750365171043,0.04645673813010268,0
mixed_cp_1002,22,39,5.190214931125768,78.07385898598056,0.06647826812374877,0
mixed_cp_1002,22,40,2.6130471347582525,71.92256829009608,0.03633139356507206,0
mixed_cp_1002,22,41,1.2906459872124079,72.58432714211011,0.017781331563293284,3
mixed_cp_1002,22,42,3.0009159783399704,82.23006420174293,0.03649414611883963,0
mixed_cp_1002,22,43,4.945785666047753,108.94843012281544,0.04539565793166974,0
mixed_cp_1002,22,44,7.12435084213753,73.30075269182561,0.09719341999242563,0
mixed_cp_1002,22,45,1.9155168039035502,90.66314056468327,0.021127845251918357,13
mixed_cp_1002,22,46,1.3476272390967619,72.39838941972427,0.018614049979537438,13
mixed_cp_1002,22,47,2.3968180742361263,123.51636625247846,0.01940486226203268,2
mixed_cp_1002,22,48,1.4091449359644532,23.750106563887336,0.05933215213893378,2
mixed_cp_1002,22,49,3.373235447960998,78.85975172735216,0.0427751213270813,0
mixed_cp_1002,22,50,6.79059606376285,115.04270012077403,0.05902674447517271,0
mixed_cp_1002,22,51,5.088989716349245,63.34287444807406,0.08034036599524692,0
mixed_cp_1002,22,52,5.260531911182089,62.356386329678784,0.08436235998939401,0
mixed_cp_1002,22,53,3.7634069462329025,75.73661456413366,0.049690720504097195,0
mixed_cp_1002,22,54,5.261029259456849,64.10911759895262,0.08206366670601001,2
mixed_cp_1002,22,55,7.226531224937482,87.98306167235043,0.08213548253013901,0
mixed_cp_1002,22,56,3.896226568767196,50.18867837822324,0.07763158335043467,0
mixed_cp_1002,22,57,9.134120632587834,90.39815705601984,0.10104321736257753,0
mixed_cp_1002,22,58,2.577244312579827,86.50305089051638,0.029793681101973467,3
mixed_cp_1002,22,59,3.611956802835364,218.37021029559253,0.016540519871946407,3
mixed_cp_1002,22,60,10.64990371523805,222.37764052495862,0.04789107254711948,2
mixed_cp_1002,22,61,3.4876450614202423,36.20606800984161,0.09632763934686925,1
mixed_cp_1002,22,62,3.911601613264265,21.982331078453445,0.1779429851776877,0
mixed_cp_1002,22,63,5.671920981683426,14.259711864029715,0.3977584565359214,0
mixed_cp_1002,23,0,1.7176429519479215,37.132101140347274,0.04625762882245175,0
mixed_cp_1002,23,1,2.6539444996030066,56.70769795854388,0.046800427369546385,2
mixed_cp_1002,23,2,4.3043543349359386,72.61736841127015,0.059274446721315044,3
mixed_cp_1002,23,3,3.2310414351477923,74.44951197209816,0.04339909489747504,2
mixed_cp_1002,23,4,4.35980993664145,89.27347863805025,0.04883656381664964,0
mixed_cp_1002,23,5,3.526713989321492,40.4388156577404,0.08721110972117313,0
mixed_cp_1002,23,6,5.35125289641474,78.26154281681046,0.06837653212307104,0
mixed_cp_1002,23,7,1.81773173092876,122.92006720836251,0.014787916832550315,2
mixed_cp_1002,23,8,10.870148308413452,242.3617876819383,0.04485091652599464,1
mixed_cp_1002,23,9,6.2880932412207216,41.8456601610697,0.15026870688661587,3
mixed_cp_1002,23,10,4.920903921039528,34.63084580113911,0.1420959785185976,0
mixed_cp_1002,23,11,4.065483934854704,65.0223740516098,0.0625243847852715,0
mixed_cp_1002,23,12,6.388999352906958,58.724245755586146,0.10879661834224928,0
mixed_cp_1002,23,13,6.223284253881086,59.15486464079116,0.10520325406322921,0
mixed_cp_1002,23,14,8.073667627379002,57.94840670685024,0.13932510117529412,0
mixed_cp_1002,23,15,4.885023814337834,47.02046657786828,0.10389143642902791,0
mixed_cp_1002,23,16,2.3628352474106173,56.63419040000469,0.041721003350132145,2
mixed_cp_1002,23,17,4.250315378382523,90.82297610034746,0.046797798980805064,3
mixed_cp_1002,23,18,3.7426364904758502,53.145406560820234,0.07042257708938086,2
mixed_cp_1002,23,19,10.491175660280813,55.23400153525684,0.18994053243787,2
mixed_cp_1002,23,20,4.747097213081097,45.25169871697022,0.10490428752237865,0
mixed_cp_1002,23,21,9.4828237611552,58.91908195157909,0.16094656344014965,0
mixed_cp_1002,23,22,11.446243060580153,66.32710367807209,0.17257263510458862,0
mixed_cp_1002,23,23,6.453416186170964,59.649274082959174,0.10818934991892214,0
mixed_cp_1002,23,24,2.6253953663397156,56.87649107498812,0.046159587497728985,0
mixed_cp_1002,23,25,7.606905269098037,248.86193815900745,0.030566768568031057,5
mixed_cp_1002,23,26,2.153422968226712,35.150744274608726,0.061262514142047496,0
mixed_cp_1002,23,27,4.13108534732279,42.44253676638949,0.09733361061948169,0
mixed_cp_1002,23,28,5.989846722932326,75.5774486929223,0.07925441817002304,0
mixed_cp_1002,23,29,6.734875932735724,58.89219855723025,0.11435939050892975,0
mixed_cp_1002,23,30,2.8151452527606344,53.12776826275186,0.05298820832898315,0
mixed_cp_1002,23,31,5.726639776865136,69.40681369962961,0.08250832262158285,0
mixed_cp_1002,23,32,7.921803694431841,71.01216327446278,0.11155558891811229,2
mixed_cp_1002,23,33,7.0229667316359015,89.4803640311418,0.0784861215941377,0
mixed_cp_1002,23,34,8.56105441140188,64.94234530622745,0.13182545796634393,0
mixed_cp_1002,23,35,3.546739373881186,50.146762545525554,0.07072718544215674,0
mixed_cp_1002,23,36,3.657683274537873,57.638387592185545,0.06345915330625543,2
mixed_cp_1002,23,37,4.464119297708547,71.6718992394065,0.06228548908404109,0
mixed_cp_1002,23,38,2.994160940757247,45.35136279845418,0.06602141051556899,2
mixed_cp_1002,23,39,5.327839372863102,51.2850661225286,0.10388676033163345,2
mixed_cp_1002,23,40,4.519181537865043,66.01750561438222,0.06845429096128283,0
mixed_cp_1002,23,41,8.413409600460772,39.52979670214798,0.212837158355626,0
mixed_cp_1002,23,42,4.314408970870148,75.25707479794987,0.05732894857331978,3
mixed_cp_1002,23,43,5.190420778497905,62.4225035644474,0.08314983350738431,0
mixed_cp_1002,23,44,6.647568267070656,49.00915757172463,0.13563930898714138,0
mixed_cp_1002,23,45,6.6228846969024895,57.31559768147342,0.11555117568011085,0
mixed_cp_1002,23,46,7.681807975854644,44.55178371088573,0.17242425187069851,0
mixed_cp_1002,23,47,4.991765391496563,70.98422058262214,0.07032218358566597,0
mixed_cp_1002,23,48,7.353502354459211,70.28668167118995,0.10462156100724504,0
mixed_cp_1002,23,49,3.9514380438002696,59.34303899470987,0.0665863782970825,0
mixed_cp_1002,23,50,6.562916098997067,258.4714439356576,0.02539126179304667,2
mixed_cp_1002,23,51,2.337840363723121,13.840229358055124,0.1689163021248979,0
mixed_cp_1002,23,52,6.25588950317864,82.47115466312927,0.07585548582085619,0
mixed_cp_1002,23,53,6.828073948669845,68.17538995083787,0.10015452722153338,2
mixed_cp_1002,23,54,4.6123348163600415,56.51588508420193,0.08161129936279353,0
mixed_cp_1002,23,55,5.410640923776287,51.59138283373452,0.10487489628284169,2
mixed_cp_1002,23,56,5.231749259341284,88.1350087217351,0.059360625649442694,0
mixed_cp_1002,23,57,4.924331594439034,66.47144317616356,0.07408191185782592,0
mixed_cp_1002,23,58,12.82549692315475,44.14077784962763,0.29055892415051643,0
mixed_cp_1002,23,59,3.890967743874367,48.45851417688036,0.08029482145638618,0
mixed_cp_1002,23,60,6.168347728383465,237.18947769077812,0.026005992291214062,5
mixed_cp_1002,23,61,12.420045820265548,281.8025225733038,0.044073579281160576,1
mixed_cp_1002,23,62,5.425263065771583,64.76725641283645,0.08376552236812569,3
mixed_cp_1002,23,63,4.595512869954057,39.89198510475663,0.1151989016812828,0
mixed_cp_1002,24,0,1.9473963334633355,59.98878377925813,0.032462674033019355,1
mixed_cp_1002,24,1,1.7855481057029334,29.36301242641409,0.06080943194018838,3
mixed_cp_1002,24,2,2.9557064560622948,51.05498359918263,0.05789261395648778,0
mixed_cp_1002,24,3,4.728390750790197,60.46306005671216,0.07820296799988519,0
mixed_cp_1002,24,4,4.209341344557002,47.976909540170915,0.08773681725023438,0
mixed_cp_1002,24,5,2.1864662516494917,50.7247567238897,0.04310451923014818,0
mixed_cp_1002,24,6,3.4136471065867706,56.02535782596462,0.06093039364765532,0
mixed_cp_1002,24,7,2.7317831508108523,31.132590608327625,0.08774673412755218,0
mixed_cp_1002,24,8,2.058226675501882,39.44586000444966,0.05217852203677915,2
mixed_cp_1002,24,9,7.385344276535685,63.09506109338819,0.11705106784197415,0
mixed_cp_1002,24,10,8.978392502808234,41.38628458687616,0.21694125463137942,0
mixed_cp_1002,24,11,3.850819969477171,31.150713865057515,0.12361899589712858,0
mixed_cp_1002,24,12,2.752100789451877,42.770137081090354,0.06434631678252542,0
mixed_cp_1002,24,13,5.948059970358509,192.96756894301586,0.030824143160113067,0
mixed_cp_1002,24,14,2.810412270658596,65.95678606822989,0.0426099032137698,0
mixed_cp_1002,24,15,6.747329293518314,48.64746200159756,0.13869848530426387,0
mixed_cp_1002,24,16,2.7343249064733244,45.63597301808557,0.059915998841302436,0
mixed_cp_1002,24,17,6.691487079131388,44.52972262380448,0.150270127116271,0
mixed_cp_1002,24,18,3.6987831267516404,56.76029994707856,0.0651649679476723,2
mixed_cp_1002,24,19,6.111224577338467,65.04410901912306,0.09395508170527417,4
mixed_cp_1002,24,20,2.5331411315394483,46.40749195734914,0.05458474536541502,3
mixed_cp_1002,24,21,2.982807210736265,72.35544236978265,0.04122436561844526,3
mixed_cp_1002,24,22,3.6682984385726627,52.19929142961391,0.07027487036905541,3
mixed_cp_1002,24,23,3.726506246758615,60.68579926193867,0.061406561206747264,3
mixed_cp_1002,24,24,5.45084678788423,79.55160900076196,0.068519629663707,0
mixed_cp_1002,24,25,2.8825839143495764,63.016839385309616,0.04574307347793707,0
mixed_cp_1002,24,26,3.2158064369313646,67.87104953079776,0.047381121393623535,1
mixed_cp_1002,24,27,4.952584675760767,55.78582954223457,0.0887785431605215,0
mixed_cp_1002,24,28,1.7227636916551194,53.08343530381963,0.03245388475321901,7
mixed_cp_1002,24,29,4.289008394305994,52.56805003758895,0.08158964221117437,0
mixed_cp_1002,24,30,5.372790961384559,40.14500037368992,0.13383462227853804,0
mixed_cp_1002,24,31,2.8093287109929386,29.01212264125007,0.0968329255232974,0
mixed_cp_1002,24,32,2.7642744656269085,47.28101479990201,0.05846478713127446,0
mixed_cp_1002,24,33,3.8712886873349563,49.0965512042075,0.07885052192837513,0
mixed_cp_1002,24,34,6.422345345697482,51.93739056330766,0.12365552593307784,2
mixed_cp_1002,24,35,6.824589918689736,55.16410392882421,0.12371432566901115,2
mixed_cp_1002,24,36,3.6856097362756257,34.279328154828605,0.1075169769847566,0
mixed_cp_1002,24,37,3.905391615617585,55.79625622305269,0.06999379313202093,0
mixed_cp_1002,24,38,5.157396373977927,55.62865259379094,0.0927111503425768,0
mixed_cp_1002,24,39,3.3630453831223837,54.81793738723504,0.06134936014403026,0
mixed_cp_1002,24,40,5.613677464117734,205.56813302737865,0.0273081113373252,0
mixed_cp_1002,24,41,2.742313251175465,72.22225800047964,0.03797047235988181,0
mixed_cp_1002,24,42,4.254158284423128,66.35707698865433,0.06411009160560975,0
mixed_cp_1002,24,43,4.482804700131119,77.04469836514231,0.058184466877727374,0
mixed_cp_1002,24,44,3.518595102578901,65.54715974505046,0.05368035954974531,2
mixed_cp_1002,24,45,4.363184284555027,62.045043577732,0.07032284986775279,0
mixed_cp_1002,24,46,4.666453741345411,51.365073578059814,0.09084876972392092,0
mixed_cp_1002,24,47,4.6110390636403995,132.45932744400872,0.034810980492026966,0
mixed_cp_1002,24,48,2.4616055136569965,43.77540212244179,0.05623261910357269,0
mixed_cp_1002,24,49,2.8012533756378786,61.21291252797389,0.04576245860475475,0
mixed_cp_1002,24,50,6.265288810059824,69.20488052880619,0.09053247057412271,0
mixed_cp_1002,24,51,6.261830796369781,80.01538040767741,0.07825783948618162,3
mixed_cp_1002,24,52,5.350032581528946,60.88659792795919,0.08786880468931908,0
mixed_cp_1002,24,53,5.064326349604219,62.07802717525625,0.0815800143794327,0
mixed_cp_1002,24,54,12.08423670477771,108.42543415615658,0.11145204811791429,0
mixed_cp_1002,24,55,2.702574527137573,53.529931385690226,0.050487165912191566,2
mixed_cp_1002,24,56,2.8986632138344723,60.8750328423186,0.04761661848039946,0
mixed_cp_1002,24,57,2.907618204821172,74.00867232070426,0.039287533658508185,0
mixed_cp_1002,24,58,2.253320100398544,74.50067161268038,0.03024563472545955,0
mixed_cp_1002,24,59,4.097150290184504,54.52386662556336,0.07514416243296228,0
mixed_cp_1002,24,60,2.9581163919053504,42.73348715693596,0.06922244330405006,0
mixed_cp_1002,24,61,6.062673095233429,55.787692515485745,0.10867402507372986,0
mixed_cp_1002,24,62,4.470042226062398,58.54768169005398,0.07634874852477318,0
mixed_cp_1002,24,63,4.665941751732453,56.282475638833596,0.08290221243418551,0
mixed_cp_1002,25,0,1.046415156056828,30.69247382616014,0.03409354234473391,2
mixed_cp_1002,25,1,5.078162952923162,168.17221210536755,0.03019620714593123,0
mixed_cp_1002,25,2,3.4807802415454194,57.20173966440441,0.06085095072224604,2
mixed_cp_1002,25,3,4.1469584261122705,53.61776479375763,0.07734299335423013,2
mixed_cp_1002,25,4,16.98737804816154,144.73624922730397,0.11736782000950824,0
mixed_cp_1002,25,5,4.85027345855132,34.04113119397179,0.14248273451647916,0
mixed_cp_1002,25,6,4.590271309592968,52.838657521986235,0.08687335229292965,0
mixed_cp_1002,25,7,3.9003702711912958,103.55733700082767,0.03766387186221409,0
mixed_cp_1002,25,8,4.8291531698487455,76.93594506345357,0.06276849092925109,1
mixed_cp_1002,25,9,4.41685755335777,40.05225315848229,0.1102773802982009,0
mixed_cp_1002,25,10,8.242621251622776,72.8174292850961,0.11319571883471906,0
mixed_cp_1002,25,11,6.223344252870412,74.50837381493427,0.08352543391066496,0
mixed_cp_1002,25,12,6.9548871561305035,66.76427398089268,0.10417078987664762,0
mixed_cp_1002,25,13,2.573346334805114,68.17912248182192,0.037743905188736125,0
mixed_cp_1002,25,14,3.0183553563378087,66.66679738243883,0.045275241572244704,0
mixed_cp_1002,25,15,8.610413654035538,161.96503803314073,0.05316217474214222,0
mixed_cp_1002,25,16,6.560947445436949,82.30340065162885,0.07971660215120288,0
mixed_cp_1002,25,17,2.2137220213986293,58.93245637504455,0.0375637154390878,6
mixed_cp_1002,25,18,4.115443500334532,81.65657517463202,0.05039941353814044,0
mixed_cp_1002,25,19,7.155460410530648,44.142271587537714,0.1620999589099258,0
mixed_cp_1002,25,20,3.9928828863762766,81.58007260268485,0.04894434092774843,0
mixed_cp_1002,25,21,12.211002395641675,189.65291362467053,0.0643860521953681,6
mixed_cp_1002,25,22,8.405408703487765,71.96064962560177,0.11680562567485958,1
mixed_cp_1002,25,23,2.1929358360743856,20.64835769422159,0.10620388645669748,0
mixed_cp_1002,25,24,4.828724430612875,69.00475674167086,0.06997668941417899,2
mixed_cp_1002,25,25,3.57554284624143,66.8949879842243,0.05345008578347667,1
mixed_cp_1002,25,26,2.921619230395499,71.12531069243359,0.04107706809224954,4
mixed_cp_1002,25,27,2.9886563634899703,53.130360547678436,0.05625138494605156,1
mixed_cp_1002,25,28,2.2527280438212594,60.883005418313594,0.03700093364877877,3
mixed_cp_1002,25,29,4.5846496547927025,89.14883635972889,0.051426915280116,4
mixed_cp_1002,25,30,1.7319554770993972,15.594656552553205,0.1110608285128175,2
mixed_cp_1002,25,31,3.0623451663909886,58.31693998621604,0.05251210312329167,2
mixed_cp_1002,25,32,2.7615988534142217,70.62103241833465,0.039104481467439646,1
mixed_cp_1002,25,33,4.46337207983468,216.7833697197306,0.020589088939825834,4
mixed_cp_1002,25,34,3.149452091986078,151.17189335795385,0.020833582367911586,4
mixed_cp_1002,25,35,2.0400065389821345,50.46592999557763,0.040423440906784076,3
mixed_cp_1002,25,36,4.088490274866212,64.10326065713166,0.06377975524106755,0
mixed_cp_1002,25,37,2.424423029321117,21.64276825600573,0.11202000597351289,0
mixed_cp_1002,25,38,3.6319854291554368,66.4292052532785,0.05467452779703678,3
mixed_cp_1002,25,39,5.1770593453276925,37.62362984765925,0.13760127255902668,0
mixed_cp_1002,25,40,2.6747406262575,46.8078981946163,0.05714293376593313,2
mixed_cp_1002,25,41,4.559028306096189,87.81222323463577,0.05191792370310893,0
mixed_cp_1002,25,42,2.1893990806453894,63.53873811122186,0.03445770479125568,0
mixed_cp_1002,25,43,3.3015710607285262,48.133778113719394,0.06859156272604106,0
mixed_cp_1002,25,44,9.769075223015633,17.803511315417246,0.5487162082771807,0
mixed_cp_1002,25,45,2.4901607302316564,39.78116550708956,0.06259647495214475,2
mixed_cp_1002,25,46,3.929060936725298,72.28061783682728,0.05435843043836608,2
mixed_cp_1002,25,47,2.3389547537369726,34.35652794261423,0.06807890359711939,0
mixed_cp_1002,25,48,2.5154411400903944,109.97024733909888,0.022873833613685557,2
mixed_cp_1002,25,49,2.3203730533012674,34.240870310257,0.067766182117345,2
mixed_cp_1002,25,50,2.472109981528051,134.4016556639541,0.018393448870221464,7
mixed_cp_1002,25,51,1.9299527295266352,66.18384376319774,0.029160481165643733,0
mixed_cp_1002,25,52,8.745025388272639,165.0717956021398,0.052977102214057936,0
mixed_cp_1002,25,53,2.6589927588918547,13.612378101146545,0.19533638715691365,3
mixed_cp_1002,25,54,2.600529109007454,35.49871673619701,0.0732569892126768,3
mixed_cp_1002,25,55,4.277636191356052,46.63986736778619,0.09171630265635326,0
mixed_cp_1002,25,56,2.232783578943465,34.50989251647853,0.06469981260814728,0
mixed_cp_1002,25,57,4.401713493890269,82.33127988168555,0.053463440629318126,0
mixed_cp_1002,25,58,6.781004495737452,51.99447793492263,0.13041778213880134,2
mixed_cp_1002,25,59,27.873353494987295,95.09654639754419,0.29310584401735024,6
mixed_cp_1002,25,60,5.324879761145856,62.034589522968574,0.08583726920888703,0
mixed_cp_1002,25,61,7.753277458752495,67.85965353756937,0.11425459834480324,0
mixed_cp_1002,25,62,4.692736980679456,59.90150156432251,0.07834089059754827,3
mixed_cp_1002,25,63,2.6997338750424884,62.65163061330845,0.04309119888204492,2
mixed_cp_1002,26,0,1.5725271512694436,39.592774105531376,0.03971752893793191,0
mixed_cp_1002,26,1,1.8982473377975235,72.45588016626895,0.026198665083379,2
mixed_cp_1002,26,2,2.0431417619202588,68.87502214410279,0.029664480653748822,6
mixed_cp_1002,26,3,1.6193323910829072,58.41836538456971,0.027719577232652736,0
mixed_cp_1002,26,4,3.9962642386946,144.97524215895604,0.027565149601977923,0
mixed_cp_1002,26,5,10.238169857558571,239.89804207206123,0.04267717138968229,1
mixed_cp_1002,26,6,3.6173155050067387,75.0056259078547,0.048227255772129066,1
mixed_cp_1002,26,7,3.1022797840315492,72.44963835532117,0.04281981048430862,1
mixed_cp_1002,26,8,2.4502658011237974,71.93579878363242,0.03406184184447129,0
mixed_cp_1002,26,9,1.7354704795254807,123.61394576155024,0.014039439230207744,0
mixed_cp_1002,26,10,4.646836963629962,130.06183317031898,0.03572790610712692,0
mixed_cp_1002,26,11,4.425611670503965,56.56608358007399,0.07823790141382414,0
mixed_cp_1002,26,12,2.577174384499707,168.75723598369905,0.01527148966073755,5
mixed_cp_1002,26,13,2.7831733141697064,108.98073211494236,0.025538214509646384,0
mixed_cp_1002,26,14,1.3306883324300107,57.45010526411014,0.02316250468667652,0
mixed_cp_1002,26,15,5.346440364398678,72.54579358884874,0.07369745508195112,1
mixed_cp_1002,26,16,3.6743642415732367,146.73098312851397,0.025041502232388466,0
mixed_cp_1002,26,17,5.217862988630528,49.061974229395794,0.10635248724875429,2
mixed_cp_1002,26,18,2.978405745101704,66.28105093503713,0.04493600664269605,0
mixed_cp_1002,26,19,8.538618745406227,141.5818027314822,0.06030873022291003,2
mixed_cp_1002,26,20,12.50803240752122,96.34749204581567,0.12982208609616258,0
mixed_cp_1002,26,21,7.175530197729761,70.26146159793984,0.10212611628819512,0
mixed_cp_1002,26,22,3.7009653148317607,32.09400985213303,0.11531638869319372,0
mixed_cp_1002,26,23,4.656689928167601,76.32259932462614,0.06101325124372539,0
mixed_cp_1002,26,24,4.884494108705448,261.17453234296033,0.01870203064934139,0
mixed_cp_1002,26,25,1.7404946154025254,110.69055628585602,0.015723966649040366,1
mixed_cp_1002,26,26,3.3232918571825336,103.84249834776753,0.032003196283402785,1
mixed_cp_1002,26,27,6.962980945317134,51.60877101516695,0.13491855760856677,2
mixed_cp_1002,26,28,2.576080322585009,140.04142726998055,0.018395130446783307,1
mixed_cp_1002,26,29,4.760191490382175,71.16872154284978,0.0668860053572288,0
mixed_cp_1002,26,30,2.386010716814364,62.64127437289501,0.038090073050090996,1
mixed_cp_1002,26,31,2.4969154105568787,112.89707931596594,0.02211674053647342,0
mixed_cp_1002,26,32,2.216579599767015,84.66070220447476,0.026181918434995656,1
mixed_cp_1002,26,33,7.189850656221249,153.57196626998848,0.04681746825837387,0
mixed_cp_1002,26,34,6.970165830704124,102.86392496935,0.06776103315891359,2
mixed_cp_1002,26,35,5.295636285809929,37.012511403816454,0.14307692412528056,0
mixed_cp_1002,26,36,2.4148663565070785,48.484493793300594,0.049806982966598606,3
mixed_cp_1002,26,37,7.964967183397507,251.30884985346532,0.03169393830755172,0
mixed_cp_1002,26,38,5.738694151824197,207.26747137228068,0.02768738439191319,0
mixed_cp_1002,26,39,4.931526154969634,66.83548218205105,0.07378604887650554,1
mixed_cp_1002,26,40,3.2396359902493637,86.95458884486833,0.03725664203908834,3
mixed_cp_1002,26,41,5.4074614958323455,57.84133593211583,0.09348783890777851,0
mixed_cp_1002,26,42,2.7692661584710576,84.68704311069368,0.03269999821402873,2
mixed_cp_1002,26,43,2.200758041181687,109.54653074254318,0.020089710064428418,0
mixed_cp_1002,26,44,4.005447553617278,44.973937413947134,0.0890615272741302,0
mixed_cp_1002,26,45,3.5107141861710045,124.98632858121026,0.028088785597777655,1
mixed_cp_1002,26,46,5.516708647801227,71.872522485811,0.07675685306426151,2
mixed_cp_1002,26,47,3.796838931460385,83.23890817464968,0.045613752207008265,0
mixed_cp_1002,26,48,3.7399329665148517,57.95551707442204,0.06453109480003977,0
mixed_cp_1002,26,49,2.7319861975388555,145.34482385416825,0.018796584048152924,1
mixed_cp_1002,26,50,6.223121488860833,44.47749389911234,0.13991619003931854,2
mixed_cp_1002,26,51,9.49554375165098,50.094055244436085,0.18955430350601618,0
mixed_cp_1002,26,52,9.541675504943537,57.08586655578546,0.16714602196008044,0
mixed_cp_1002,26,53,4.006879280506353,135.96785349660485,0.02946931335211823,2
mixed_cp_1002,26,54,2.8450470772667575,73.04152194850833,0.03895109249328641,0
mixed_cp_1002,26,55,2.710411210152087,81.47806725530842,0.033265531467003465,1
mixed_cp_1002,26,56,2.8956190375537996,147.93134146086132,0.019574074087064932,1
mixed_cp_1002,26,57,2.4247913650788693,101.54800636179348,0.02387827641283143,2
mixed_cp_1002,26,58,4.033530671903388,55.80853393888136,0.07227444240554148,0
mixed_cp_1002,26,59,3.7485007043394374,108.46588907113917,0.03455925855068519,0
mixed_cp_1002,26,60,4.846850094344363,56.31520050771129,0.08606646252960921,0
mixed_cp_1002,26,61,1.8873446483442566,34.08754790928093,0.05536756863142961,0
mixed_cp_1002,26,62,4.950916250232212,74.47776549091373,0.06647509115772576,0
mixed_cp_1002,26,63,5.09035290427339,60.34686842358578,0.084351566821053,0
mixed_cp_1002,27,0,2.7220458260038014,50.421679643189904,0.05398562374887979,3
mixed_cp_1002,27,1,3.384093845444844,68.20412043720859,0.04961714664380688,0
mixed_cp_1002,27,2,5.448902893453133,74.1654358880916,0.07346957283005787,0
mixed_cp_1002,27,3,4.9722110660539744,102.82637911827914,0.04835540362978783,2
mixed_cp_1002,27,4,4.010481923037762,39.746589523955514,0.10090128413711119,1
mixed_cp_1002,27,5,5.571381035175852,50.99145620117502,0.10926106940729942,0
mixed_cp_1002,27,6,2.135716832732399,101.80885658825008,0.020977711608823682,2
mixed_cp_1002,27,7,5.0378682538664075,53.13772582507657,0.09480775053208909,6
mixed_cp_1002,27,8,11.151539163095928,182.46914332572857,0.0611146573050389,0
mixed_cp_1002,27,9,9.61259922397596,165.41051895253375,0.05811359086984302,0
mixed_cp_1002,27,10,3.7866316565788183,34.35901319300424,0.1102078117118278,0
mixed_cp_1002,27,11,7.618024452909283,78.29742805359574,0.09729597308987765,0
mixed_cp_1002,27,12,1.6963149662284263,78.88053443431149,0.021504861476833028,3
mixed_cp_1002,27,13,6.273684126179382,63.45974357090682,0.09886084899113205,0
mixed_cp_1002,27,14,4.559253838185236,45.16196413502041,0.10095340017884223,0
mixed_cp_1002,27,15,8.06678493861071,66.11649796660957,0.12200865421947531,0
mixed_cp_1002,27,16,7.664317951910055,74.77422990009786,0.1024994568603377,0
mixed_cp_1002,27,17,8.224572111474325,31.56240539362219,0.2605812836158635,2
mixed_cp_1002,27,18,7.909526323884188,62.93577221320756,0.12567616231177844,0
mixed_cp_1002,27,19,10.600778423978138,77.57601214502326,0.13665021094614505,0
mixed_cp_1002,27,20,2.7502185498187264,51.94326044570454,0.05294659068799668,0
mixed_cp_1002,27,21,3.5429482656698448,137.64889475752202,0.025739024435401325,0
mixed_cp_1002,27,22,5.951049213052417,63.1368418532069,0.09425636503784274,0
mixed_cp_1002,27,23,2.10939829230023,37.17146305081421,0.05674778766218149,0
mixed_cp_1002,27,24,2.6111259663653246,42.67074119612482,0.06119242115725086,0
mixed_cp_1002,27,25,1.6951147527010384,98.97615196443617,0.01712649682834833,7
mixed_cp_1002,27,26,11.91131412138334,146.7716502179369,0.0811554145756117,0
mixed_cp_1002,27,27,4.831355563645326,22.010838641162817,0.2194989315223152,0
mixed_cp_1002,27,28,2.259580799428009,46.77484582225409,0.04830760550263464,3
mixed_cp_1002,27,29,10.713144754181956,110.47156727321781,0.09697648923262084,0
mixed_cp_1002,27,30,6.601814836762039,51.09691305376888,0.12920183318735912,0
mixed_cp_1002,27,31,10.87723297347753,61.152784471337206,0.17786979068100775,0
mixed_cp_1002,27,32,4.388734820233185,74.50532494299581,0.058904981940431984,3
mixed_cp_1002,27,33,2.5559429097416313,50.06519207194164,0.051052294098239866,0
mixed_cp_1002,27,34,7.067619513160648,88.70018113196174,0.07967987689501956,0
mixed_cp_1002,27,35,6.096365264430685,69.91473889995744,0.08719713983562336,0
mixed_cp_1002,27,36,3.839593444524326,49.037837517024435,0.07829858817064143,0
mixed_cp_1002,27,37,10.625567824697097,55.656772835794065,0.19091239544279803,0
mixed_cp_1002,27,38,6.581066160357518,76.90917476827164,0.08556932485865773,0
mixed_cp_1002,27,39,6.010243437458083,28.356988453036987,0.2119492853555962,0
mixed_cp_1002,27,40,7.6443274922349165,68.30953383349889,0.1119071828372828,0
mixed_cp_1002,27,41,8.075709474465095,69.01974964759785,0.11700577755929545,0
mixed_cp_1002,27,42,1.803315491511641,27.69457351804582,0.06511439832559972,3
mixed_cp_1002,27,43,4.840200201122918,68.47498575085896,0.07068566934403782,2
mixed_cp_1002,27,44,4.535830390051486,290.55070691459326,0.015611149042513888,0
mixed_cp_1002,27,45,1.0776444861702572,20.380284717939574,0.052876812129207876,4
mixed_cp_1002,27,46,6.360850067248502,67.45407832450994,0.09429896939140654,0
mixed_cp_1002,27,47,9.366985280972234,56.19055063725958,0.16670036464745103,0
mixed_cp_1002,27,48,7.533067525121304,64.68709586850116,0.11645394531909212,0
mixed_cp_1002,27,49,8.11390582196479,45.92419241310949,0.17668042475252327,0
mixed_cp_1002,27,50,9.63582192491708,83.3821505114022,0.11556216607293447,2
mixed_cp_1002,27,51,6.0683908417139865,46.18999937577143,0.13137888988362076,0
mixed_cp_1002,27,52,8.702363602202666,26.955697876983802,0.3228394843241363,0
mixed_cp_1002,27,53,2.4395538959712533,58.06365727518185,0.04201516078137213,6
mixed_cp_1002,27,54,2.967480582903048,59.18249406495327,0.05014118836638101,0
mixed_cp_1002,27,55,1.896012581862142,118.70889948642125,0.01597194978695781,0
mixed_cp_1002,27,56,7.314513152477695,49.080599541008034,0.14903063982269088,0
mixed_cp_1002,27,57,4.112545664780985,67.89714143094898,0.06057023282730425,0
mixed_cp_1002,27,58,3.750143321813483,34.64848596104587,0.10823397380277,0
mixed_cp_1002,27,59,5.016515223208669,79.77949366330468,0.06287975760262392,0
mixed_cp_1002,27,60,2.8201458607762646,96.69058438738391,0.029166706134255555,0
mixed_cp_1002,27,61,2.8197051042586,95.82939640653728,0.029424218559162763,1
mixed_cp_1002,27,62,2.977737956713437,22.409948663128837,0.13287571522253058,0
mixed_cp_1002,27,63,9.992785775269109,40.243983934204344,0.24830508310525382,0
mixed_cp_1002,28,0,3.317153555649595,31.597797149750374,0.10498053202660683,1
mixed_cp_1002,28,1,0.9960313640486463,31.303379724266193,0.03181865258071571,2
mixed_cp_1002,28,2,7.016873877375388,64.43091786589142,0.10890538439915655,0
mixed_cp_1002,28,3,5.2180939976528915,31.531347246057557,0.1654890911236063,0
mixed_cp_1002,28,4,1.9455866161314546,64.91592855250823,0.029970866311459093,14
mixed_cp_1002,28,5,3.078591720396307,160.87694404599836,0.019136314023444328,3
mixed_cp_1002,28,6,5.082915143070532,126.54688333835323,0.04016626098550486,6
mixed_cp_1002,28,7,2.7362130166385095,67.80981390724581,0.04035128337590279,8
mixed_cp_1002,28,8,4.186606062581222,229.9441594734633,0.018207055452801695,1
mixed_cp_1002,28,9,1.2285347161465956,31.95173470970548,0.038449703194782185,3
mixed_cp_1002,28,10,3.5529928917990428,100.81768992036963,0.03524176059385369,0
mixed_cp_1002,28,11,6.9234134813985415,240.45388867821345,0.028793102575536945,1
mixed_cp_1002,28,12,7.009944461251401,242.5553726585644,0.02890038832955072,0
mixed_cp_1002,28,13,3.0531944458385123,83.28655257102973,0.036658912532544066,8
mixed_cp_1002,28,14,7.756079869034892,64.7162826360462,0.11984742561085929,0
mixed_cp_1002,28,15,3.5172623945730925,96.08576141753005,0.03660544853559746,0
mixed_cp_1002,28,16,6.054304268609201,201.08692130408014,0.030107896770939106,3
mixed_cp_1002,28,17,2.430492064076297,54.588965939589336,0.04452350437936471,1
mixed_cp_1002,28,18,4.973907807329266,58.59674063189844,0.08488369410467873,0
mixed_cp_1002,28,19,3.224588271484457,109.90149259012895,0.02934071408393302,0
mixed_cp_1002,28,20,2.4734350777761973,80.97999583660535,0.03054377877182023,0
mixed_cp_1002,28,21,1.7996290511020039,44.62576064060784,0.04032713449066471,0
mixed_cp_1002,28,22,3.115349433927229,65.97998042315491,0.0472165862121707,2
mixed_cp_1002,28,23,1.2412924992146097,41.43802938333407,0.02995539405920312,2
mixed_cp_1002,28,24,1.687609812178718,32.229707540594205,0.052361933785875246,0
mixed_cp_1002,28,25,3.3137381023210337,54.1274014450095,0.06122108236966838,0
mixed_cp_1002,28,26,0.6478745246826553,20.7298704549168,0.03125318733137523,3
mixed_cp_1002,28,27,6.794913420464762,32.67352321604996,0.20796390323547814,0
mixed_cp_1002,28,28,1.658101675774677,32.278100500075105,0.05136924571415901,3
mixed_cp_1002,28,29,4.508432584326012,69.61389413031075,0.06476340162621336,3
mixed_cp_1002,28,30,3.04896032640689,124.80925292085976,0.0244289606343546,0
mixed_cp_1002,28,31,2.4332331064146544,132.84725746707124,0.01831602061501178,1
mixed_cp_1002,28,32,0.8404268741815812,25.991979826211004,0.0323340845830479,1
mixed_cp_1002,28,33,5.643716210331513,42.22523617359308,0.13365742200066114,0
mixed_cp_1002,28,34,1.9167605772882226,33.898862159136094,0.0565435078112684,2
mixed_cp_1002,28,35,2.940519469332998,53.24353981973859,0.05522772301181374,0
mixed_cp_1002,28,36,3.966611816118082,72.24018054546806,0.05490866421106867,3
mixed_cp_1002,28,37,3.136735517477813,85.35517603495826,0.0367492126803549,0
mixed_cp_1002,28,38,2.2118554765610674,41.981932874707105,0.05268588950304492,0
mixed_cp_1002,28,39,4.518305920191257,61.67468619110908,0.0732602984989749,0
mixed_cp_1002,28,40,3.056220591677372,46.78732960794911,0.06532154361633248,2
mixed_cp_1002,28,41,3.369805424847826,59.147092497034244,0.05697330642274251,0
mixed_cp_1002,28,42,6.076693453049505,114.15109774150892,0.053233771494777565,0
mixed_cp_1002,28,43,2.579442974900586,58.13509106817994,0.044369810513850486,2
mixed_cp_1002,28,44,3.4597818708507897,119.81204145394932,0.028876745850128793,1
mixed_cp_1002,28,45,3.1781476812976797,54.78737685936756,0.058008757919832385,0
mixed_cp_1002,28,46,1.9285479189311727,73.67676867414913,0.026175793993634247,3
mixed_cp_1002,28,47,3.4698232262582933,66.87210645999545,0.05188745218208473,0
mixed_cp_1002,28,48,6.436650319426636,82.92425411993456,0.07762084070261535,0
mixed_cp_1002,28,49,3.6067716022045127,56.42556371867387,0.06392087849023761,0
mixed_cp_1002,28,50,8.514682215366765,100.79162312617696,0.08447807418189485,0
mixed_cp_1002,28,51,4.109195204292147,77.75434072257801,0.05284843477682443,0
mixed_cp_1002,28,52,3.896559392858744,37.526107532778305,0.10383595979026541,0
mixed_cp_1002,28,53,3.0066190624154046,81.65040670104915,0.03682307515532279,0
mixed_cp_1002,28,54,5.491184732154488,135.9068984492633,0.0404040177122021,0
mixed_cp_1002,28,55,13.64531307194162,67.0989602194942,0.20336102120368266,0
mixed_cp_1002,28,56,2.242936976708286,44.14726342301566,0.050805798656569895,0
mixed_cp_1002,28,57,3.860622516987358,70.76469722602512,0.054555769590257465,0
mixed_cp_1002,28,58,8.316247278592922,31.641332818506253,0.26282860226826316,0
mixed_cp_1002,28,59,5.248668249993624,82.89942507631794,0.06331368697866908,0
mixed_cp_1002,28,60,3.6198072235878915,81.56857070998151,0.04437747519762458,1
mixed_cp_1002,28,61,1.6799218278991448,58.16363122135458,0.0288826848087567,0
mixed_cp_1002,28,62,4.902399664971542,39.2564574140807,0.12488135679846457,0
mixed_cp_1002,28,63,3.2424680681688125,82.17821936887673,0.03945653839996476,0
mixed_cp_1002,29,0,3.8392415867783765,59.87595253112617,0.06411992501969081,0
mixed_cp_1002,29,1,3.7898209904223554,57.990658249939315,0.06535226715462092,0
mixed_cp_1002,29,2,2.7161154812527535,63.17678653859631,0.04299230192079189,6
mixed_cp_1002,29,3,1.7548495831976842,55.68275606776006,0.03151513515355125,2
mixed_cp_1002,29,4,4.02037166759206,76.94889076593601,0.05224729853249309,6
mixed_cp_1002,29,5,2.825984110376089,75.06960654298682,0.03764485043301588,0
mixed_cp_1002,29,6,2.7624267628504167,40.979634748945124,0.06740974583531459,0
mixed_cp_1002,29,7,2.0381954509901963,82.36760287308704,0.024745110697596377,3
mixed_cp_1002,29,8,2.4050569220269016,60.99163464873586,0.039432570316866394,2
mixed_cp_1002,29,9,1.8113585648655475,51.92633615119713,0.03488323458045071,2
mixed_cp_1002,29,10,1.5205435180041416,72.98622236703388,0.020833295226016995,6
mixed_cp_1002,29,11,2.3103657722401,65.34662842911848,0.035355546686638234,1
mixed_cp_1002,29,12,2.398148453183182,53.83857223708134,0.04454331445906094,5
mixed_cp_1002,29,13,3.275014789062559,26.54406968729571,0.12338028145812237,0
mixed_cp_1002,29,14,6.252318782461343,243.55958621917634,0.02567059206955195,3
mixed_cp_1002,29,15,10.612815373993996,270.6925118021281,0.0392061653399256,1
mixed_cp_1002,29,16,4.586829169597817,106.25429951629627,0.043168410035909495,2
mixed_cp_1002,29,17,2.4111288472713825,61.72865231721936,0.03906012454120584,1
mixed_cp_1002,29,18,3.9305016497451875,148.2897986259043,0.02650554310658144,0
mixed_cp_1002,29,19,1.2880200082508546,32.6751062361534,0.03941899986313507,0
mixed_cp_1002,29,20,3.2710758109708404,53.59061014532272,0.06103822669868097,0
mixed_cp_1002,29,21,6.031003643683891,25.248781951636015,0.23886315210120887,0
mixed_cp_1002,29,22,5.403876201610445,73.39087619876112,0.07363144414539181,0
mixed_cp_1002,29,23,5.381660272728313,58.74229208834307,0.09161474776358378,0
mixed_cp_1002,29,24,2.9633730357331114,84.52268914129968,0.03506008937764784,0
mixed_cp_1002,29,25,3.5347919298940313,79.65622952598528,0.044375586830166486,0
mixed_cp_1002,29,26,3.659650372933729,82.85339637553332,0.044170191362419835,0
mixed_cp_1002,29,27,4.658900643348613,39.38571800076554,0.1182890875128405,2
mixed_cp_1002,29,28,9.97479401549308,58.054702524328924,0.17181715833119554,0
mixed_cp_1002,29,29,2.987134734258171,104.91894188294842,0.028470881240784267,0
mixed_cp_1002,29,30,2.7872392199470397,136.084394984509,0.020481696084729786,2
mixed_cp_1002,29,31,2.2332827162808413,44.99013979662532,0.0496393815706338,7
mixed_cp_1002,29,32,4.709640518537787,75.42725870889484,0.06243950263013334,2
mixed_cp_1002,29,33,6.062976932781992,89.32524172529038,0.06787529275798646,2
mixed_cp_1002,29,34,3.443288790831149,81.67699237893973,0.04215738962149878,5
mixed_cp_1002,29,35,3.903327216135029,102.84225739103077,0.03795450737038617,2
mixed_cp_1002,29,36,4.6904150621749885,71.30922270457197,0.06577571433651687,0
mixed_cp_1002,29,37,3.268708452045456,57.967626764585795,0.0563885160474158,0
mixed_cp_1002,29,38,4.1599867101688295,36.2368198139556,0.11479999435730634,0
mixed_cp_1002,29,39,4.317773320920388,59.48424083861415,0.07258684418003884,0
mixed_cp_1002,29,40,1.5879715456077295,49.531637763062406,0.03205974236515029,4
mixed_cp_1002,29,41,2.573228470444604,59.40685179496277,0.043315348191246744,0
mixed_cp_1002,29,42,4.87865081268389,47.11559163063287,0.1035464194301227,0
mixed_cp_1002,29,43,1.9501649190482289,54.942570760956826,0.03549460631416342,2
mixed_cp_1002,29,44,2.3174650924227596,65.64981942384571,0.035300403150553016,1
mixed_cp_1002,29,45,2.0772635688056087,90.00824399156183,0.023078592323169306,0
mixed_cp_1002,29,46,2.7127914963467985,69.92242852460735,0.03879715784459779,3
mixed_cp_1002,29,47,4.322984557381304,90.98715462582173,0.047512031507736155,5
mixed_cp_1002,29,48,3.9676773196116066,103.91624175687502,0.03818149360034095,0
mixed_cp_1002,29,49,3.354933560469105,67.44886747547118,0.04974039870557024,0
mixed_cp_1002,29,50,4.668687825728362,70.40455853889326,0.06631229458173879,0
mixed_cp_1002,29,51,4.14003775619452,68.8234683040527,0.060154448158648406,0
mixed_cp_1002,29,52,3.844333274859401,44.315001243698006,0.08675015608639072,0
mixed_cp_1002,29,53,3.4622298880431726,96.94043101806236,0.03571502469798257,0
mixed_cp_1002,29,54,4.9805491453183075,71.28518548823018,0.0698679411606587,0
mixed_cp_1002,29,55,2.6623734099310807,69.83728802795166,0.038122520004864636,2
mixed_cp_1002,29,56,3.1036626489782244,74.21534207689758,0.04181969067477168,0
mixed_cp_1002,29,57,3.3458896920243397,49.54315051476158,0.06753485915328333,0
mixed_cp_1002,29,58,3.152287911947783,65.82601186061525,0.04788818011066301,3
mixed_cp_1002,29,59,2.928872098361357,67.95944662145698,0.043097350610807036,3
mixed_cp_1002,29,60,5.637250852819055,282.08162423086844,0.019984466794636977,3
mixed_cp_1002,29,61,16.17858459544609,105.74707533798352,0.15299321086410103,3
mixed_cp_1002,29,62,8.32672879513374,191.7414715069618,0.04342685351109037,4
mixed_cp_1002,29,63,4.6812381561825225,43.12960212818874,0.10853886716295369,0
mixed_cp_1002,30,0,1.9897267400154168,28.281689531548697,0.07035388525129814,2
mixed_cp_1002,30,1,2.6834223195827076,49.9069215352495,0.0537685402552308,0
mixed_cp_1002,30,2,3.411379332842111,54.33445611926552,0.06278482525626182,0
mixed_cp_1002,30,3,5.236129671106944,78.37097359981883,0.0668121044130942,0
mixed_cp_1002,30,4,4.058137176950757,64.2015826165781,0.06320930125954351,0
mixed_cp_1002,30,5,2.506121198663578,54.98212577932202,0.04558065304208543,2
mixed_cp_1002,30,6,2.9639388941526756,95.8306961479778,0.030928909141762714,0
mixed_cp_1002,30,7,1.4833139000392601,57.88159568476109,0.02562669329501196,7
mixed_cp_1002,30,8,4.023529899799619,152.32552606442135,0.02641402267731537,1
mixed_cp_1002,30,9,3.4377158140074884,51.889578856926754,0.0662506015607908,2
mixed_cp_1002,30,10,2.353372343965577,50.436273383560625,0.04666031381955043,2
mixed_cp_1002,30,11,5.170877928511258,61.43152096950723,0.0841730409227199,0
mixed_cp_1002,30,12,8.352403985298041,67.55709616388113,0.12363473949556152,0
mixed_cp_1002,30,13,5.437153490257154,53.12283752265412,0.10235058486735561,0
mixed_cp_1002,30,14,1.7277304833823783,31.884328560925265,0.05418745074342693,1
mixed_cp_1002,30,15,4.409682402988801,50.20831446501598,0.08782773231834674,0
mixed_cp_1002,30,16,4.135620482042957,41.50159368612138,0.0996496788369348,0
mixed_cp_1002,30,17,2.333645711379271,55.9146689103573,0.04173584064533377,0
mixed_cp_1002,30,18,3.065780363902505,67.19400284587492,0.045625803405916834,0
mixed_cp_1002,30,19,0.9674768681221012,42.081596436972376,0.022990498223401237,11
mixed_cp_1002,30,20,1.465065714868794,63.7662452194437,0.022975568183871427,6
mixed_cp_1002,30,21,2.07094451962434,73.67215946521759,0.02811027306186244,6
mixed_cp_1002,30,22,4.666803903814348,53.96909172911826,0.08647178883865558,2
mixed_cp_1002,30,23,3.457972464823526,37.26087487162169,0.09280438198881792,1
mixed_cp_1002,30,24,1.6377518761758187,54.007147687339675,0.0303247245282635,2
mixed_cp_1002,30,25,7.697922316373192,299.5699323873782,0.025696578608626508,0
mixed_cp_1002,30,26,2.2298927507025375,48.15357048156575,0.04630794203632708,1
mixed_cp_1002,30,27,2.5503126245690773,27.6581480394637,0.0922083655395218,2
mixed_cp_1002,30,28,8.113859653559338,47.75805024079731,0.16989511951700395,1
mixed_cp_1002,30,29,1.6458502325436275,27.652160523111927,0.05951976993508377,5
mixed_cp_1002,30,30,3.0244899279350674,63.253683786389985,0.047815237736174875,0
mixed_cp_1002,30,31,5.548098783921998,68.00175367567086,0.0815875839082508,0
mixed_cp_1002,30,32,3.031312861493999,73.91067506712051,0.041013194085173385,0
mixed_cp_1002,30,33,4.752209430875022,65.70049973973991,0.07233140462705763,0
mixed_cp_1002,30,34,3.3266938136257083,75.54374927228783,0.04403665221373993,0
mixed_cp_1002,30,35,3.414256861290343,97.91005237237394,0.03487136181181026,1
mixed_cp_1002,30,36,2.3154110637147873,58.97732946397843,0.03925934057643235,4
mixed_cp_1002,30,37,2.842098201285167,80.5843572959117,0.03526860915262714,2
mixed_cp_1002,30,38,2.7029757548606947,71.83274674748684,0.037628740055875166,2
mixed_cp_1002,30,39,6.877199934721054,42.47595450335531,0.16190807281747613,0
mixed_cp_1002,30,40,2.3942168544821794,70.59381679649779,0.033915390371709694,2
mixed_cp_1002,30,41,5.225484468249327,40.274309674453086,0.12974733795534107,0
mixed_cp_1002,30,42,6.102756523439909,33.8447328926141,0.18031628563308022,0
mixed_cp_1002,30,43,2.7910313338906843,55.51407858914087,0.05027609941159392,0
mixed_cp_1002,30,44,1.3652782129487266,58.283691128945996,0.02342470400387314,3
mixed_cp_1002,30,45,4.457501642665529,60.372966111251166,0.07383274219874424,2
mixed_cp_1002,30,46,3.0222330543998552,59.543411990205584,0.05075680001167868,3
mixed_cp_1002,30,47,6.626017700611397,42.99070332275229,0.15412675737976728,0
mixed_cp_1002,30,48,2.0923060679164855,59.199713365638104,0.03534317902848064,2
mixed_cp_1002,30,49,7.724184978495458,275.80004377504935,0.028006467558052788,0
mixed_cp_1002,30,50,2.8035588703877887,112.92406097957432,0.024826939857351533,1
mixed_cp_1002,30,51,3.771384626086911,45.21171166582198,0.08341609921700682,0
mixed_cp_1002,30,52,5.296312206000705,81.06406434152997,0.06533489591253258,0
mixed_cp_1002,30,53,5.0310141504155395,46.300300577131985,0.10866050733373402,0
mixed_cp_1002,30,54,3.0190072496785776,162.08537035593824,0.01862603172049927,1
mixed_cp_1002,30,55,2.967014658995546,48.335925102145545,0.0613832186458731,2
mixed_cp_1002,30,56,4.0712896213679715,67.58597928757919,0.060238671752384954,0
mixed_cp_1002,30,57,3.454884899297988,141.968898999763,0.024335505337008744,0
mixed_cp_1002,30,58,2.6842158972612356,68.13045624610777,0.03939817880515929,0
mixed_cp_1002,30,59,2.8656360255377025,70.13386875788387,0.040859517324367926,2
mixed_cp_1002,30,60,5.3341998867593965,53.58299824967661,0.09955023162205355,2
mixed_cp_1002,30,61,5.300698589826754,39.01255296440766,0.13587161534039424,0
mixed_cp_1002,30,62,2.2520657158697883,37.298206776578475,0.06037999975065772,2
mixed_cp_1002,30,63,4.921283963476298,33.018308471059456,0.14904712540891676,0
mixed_cp_1002,31,0,0.9959760063396603,35.35177813009524,0.028173293085129947,2
mixed_cp_1002,31,1,4.383695797002403,96.14421469937297,0.04559500340930022,0
mixed_cp_1002,31,2,1.5015185456289473,44.93471222370451,0.03341555940435839,0
mixed_cp_1002,31,3,1.7650932349027468,62.483222485334494,0.028249074946751246,13
mixed_cp_1002,31,4,2.0058207775950145,75.60988788193487,0.026528551143034512,2
mixed_cp_1002,31,5,1.5290832963088559,42.32612202564946,0.03612623181925898,2
mixed_cp_1002,31,6,2.0720917330084476,82.1570756635975,0.025221098928750685,3
mixed_cp_1002,31,7,3.5005969358263256,64.80262105208676,0.05401937265797677,0
mixed_cp_1002,31,8,1.4589453000155033,48.81311013780706,0.029888390555255998,0
mixed_cp_1002,31,9,5.079501308567835,227.30367456534694,0.022346762841739906,3
mixed_cp_1002,31,10,2.613089269309787,81.99786118089986,0.03186777352088381,0
mixed_cp_1002,31,11,3.7905432365931198,29.61904730077531,0.12797654151738697,0
mixed_cp_1002,31,12,5.37258791320214,79.20218020707101,0.06783383865388198,0
mixed_cp_1002,31,13,6.710930473748848,43.46284935161865,0.1544061324524946,0
mixed_cp_1002,31,14,12.753027654033207,42.955135852360016,0.2968918012008228,0
mixed_cp_1002,31,15,3.4818251295076212,19.830968792106187,0.1755751403780928,0
mixed_cp_1002,31,16,7.235231496482924,31.96201060637541,0.22636972328141722,0
mixed_cp_1002,31,17,8.059400113266555,51.241979933048725,0.15728120037119434,0
mixed_cp_1002,31,18,6.569761605612849,38.75924366844438,0.1695018009590725,0
mixed_cp_1002,31,19,2.6205056275512746,30.272554310052957,0.08656374353851776,0
mixed_cp_1002,31,20,8.009443204358444,39.150093397344556,0.20458299097957458,0
mixed_cp_1002,31,21,1.9230754726225794,47.16533030287587,0.04077307336285783,0
mixed_cp_1002,31,22,5.628599420933115,60.40247848243434,0.09318490834063986,0
mixed_cp_1002,31,23,3.855901333722973,21.789553813298813,0.17696100465212838,0
mixed_cp_1002,31,24,7.141588049498568,71.36481759431835,0.10007155192486808,0
mixed_cp_1002,31,25,8.415884677429826,59.533871050347685,0.1413629674830405,2
mixed_cp_1002,31,26,4.833486530946898,49.6815028379739,0.09728945895035279,0
mixed_cp_1002,31,27,1.1598451858999637,26.340555895307347,0.04403267685427223,3
mixed_cp_1002,31,28,6.077016204359358,76.76051196805018,0.07916852100841612,0
mixed_cp_1002,31,29,2.1579756984671334,34.441926393602486,0.06265548778560692,0
mixed_cp_1002,31,30,5.575366877406057,234.80073791631096,0.023745099469803462,0
mixed_cp_1002,31,31,3.9394529813212773,71.9693070363987,0.054737959048694,0
mixed_cp_1002,31,32,4.0657481662659425,59.39767162575464,0.06844962192933918,3
mixed_cp_1002,31,33,5.026819120981071,46.91280030880887,0.10715239951338355,0
mixed_cp_1002,31,34,4.634464202943516,48.50814548488715,0.09553991719570883,2
mixed_cp_1002,31,35,6.852304976203503,75.1042682632384,0.0912372243903151,0
mixed_cp_1002,31,36,3.309622097798764,113.54306636286003,0.02914860593267668,1
mixed_cp_1002,31,37,5.526333547618577,74.10714455360255,0.07457221001979528,0
mixed_cp_1002,31,38,4.475274933245509,72.35353212123837,0.0618528882010427,0
mixed_cp_1002,31,39,5.434369109855018,52.64021168766668,0.10323608009213728,0
mixed_cp_1002,31,40,4.549390573322192,74.76734947045098,0.060847289699899956,0
mixed_cp_1002,31,41,1.441929468485407,59.648597595154094,0.0241737362925453,4
mixed_cp_1002,31,42,5.062877106959973,249.8505933023352,0.02026361850913665,3
mixed_cp_1002,31,43,5.203691776803172,227.6701690842981,0.022856274046497642,3
mixed_cp_1002,31,44,0.9818104227584629,95.40867821919561,0.01029057776592202,4
mixed_cp_1002,31,45,1.8600788820632295,59.629990638409105,0.031193680598452216,8
mixed_cp_1002,31,46,5.726031648146453,68.61146465382329,0.08345590167819536,0
mixed_cp_1002,31,47,6.291690639416882,50.63891865183117,0.12424614914618376,0
mixed_cp_1002,31,48,3.985944495337724,73.36453768262714,0.05433067011995365,0
mixed_cp_1002,31,49,3.0057708567662784,29.76393510833404,0.10098701148977605,3
mixed_cp_1002,31,50,2.2368190916663004,32.95782328548517,0.06786913905966022,0
mixed_cp_1002,31,51,1.243760774073591,47.658730750278956,0.026097228241150988,7
mixed_cp_1002,31,52,2.894280139526619,126.42998394105287,0.022892355510193352,2
mixed_cp_1002,31,53,3.0561966746621736,54.324065630901096,0.056258614652061695,0
mixed_cp_1002,31,54,8.595218369528991,93.64351131813775,0.09178658775756723,0
mixed_cp_1002,31,55,2.386421812581682,62.56772117426929,0.03814142129189592,2
mixed_cp_1002,31,56,4.633370010546466,207.22414187672985,0.02235921919417425,3
mixed_cp_1002,31,57,9.996522177967941,277.89353987455866,0.035972488538166016,3
mixed_cp_1002,31,58,2.5764977376004987,64.44695765061411,0.03997857822193019,0
mixed_cp_1002,31,59,3.931432145357159,136.0720495856624,0.028892282855504256,0
mixed_cp_1002,31,60,4.087932795651489,137.6348995532085,0.029701280771968222,0
mixed_cp_1002,31,61,1.2988035196086223,71.40616387500103,0.01818895525437024,2
mixed_cp_1002,31,62,3.8370122696220683,149.3138003684535,0.025697639870887235,0
mixed_cp_1002,31,63,3.4008275757951156,86.02084638157031,0.03953492343832288,0
shared_support_1101,0,0,22.30490638210106,42.36299599829007,0.5265186244854205,0
shared_support_1101,0,1,19.71339040555743,48.01835829925902,0.4105386169743673,0
shared_support_1101,0,2,7.622441689466725,52.58935172489037,0.14494268211066477,0
shared_support_1101,0,3,8.997429467999957,59.69560147258585,0.15072181611457366,0
shared_support_1101,0,4,16.595706550352936,156.91273936382282,0.10576392087498777,2
shared_support_1101,0,5,10.287279349003716,125.89394628469496,0.08171385243369998,3
shared_support_1101,0,6,6.018172756297045,46.10905010558437,0.13052042370242128,1
shared_support_1101,0,7,15.802130998555556,82.42148851080603,0.19172343625514343,0
shared_support_1101,0,8,52.615769055361234,244.29528017789968,0.21537775521919866,1
shared_support_1101,0,9,8.146506409083294,68.48928351886623,0.1189457093216523,2
shared_support_1101,0,10,10.476236248335699,35.71597845439881,0.29332071251278957,0
shared_support_1101,0,11,22.531032805508048,144.83540444348284,0.1555630192222788,2
shared_support_1101,0,12,14.196027159439689,117.51502537748904,0.12080180482315629,0
shared_support_1101,0,13,15.490042900238393,183.3974549561333,0.08446160228310391,0
shared_support_1101,0,14,35.823484227642965,192.62016451076025,0.18597992748387346,2
shared_support_1101,0,15,8.66429474499408,37.08627154936188,0.23362539244372116,3
shared_support_1101,0,16,13.568534150374427,40.04241148170505,0.3388540711783491,0
shared_support_1101,0,17,42.817504410186814,190.02033106706963,0.22533117466821975,2
shared_support_1101,0,18,37.51054593068032,190.41323635419243,0.19699547494117486,2
shared_support_1101,0,19,10.908285691315452,17.38024129734885,0.627625675886294,0
shared_support_1101,0,20,13.985060062135574,54.547758231838245,0.25638193970678747,2
shared_support_1101,0,21,12.169113080022894,53.997502636782706,0.22536436845754015,2
shared_support_1101,0,22,9.534812492693636,51.67843342393767,0.1845027385887644,2
shared_support_1101,0,23,9.784100332488517,49.73385609108488,0.1967291720668002,0
shared_support_1101,0,24,18.984213837549188,70.1803311590278,0.27050618775980384,0
shared_support_1101,0,25,35.79231586989877,145.93634876458387,0.24525977368144847,0
shared_support_1101,0,26,3.7334459225949628,92.71023141528666,0.040270052890617296,1
shared_support_1101,0,27,10.34885836423466,49.458888533283535,0.20924162817104874,0
shared_support_1101,0,28,47.73773735227785,182.84323852223363,0.2610856039200649,2
shared_support_1101,0,29,19.681870578208574,69.69284064084854,0.282408786859989,2
shared_support_1101,0,30,12.085920496162522,12.820656161919446,0.9426912588187746,0
shared_support_1101,0,31,12.446520366333516,33.49291561332069,0.3716165086978372,2
shared_support_1101,0,32,7.872249340779706,67.31295048735478,0.1169499967507525,2
shared_support_1101,0,33,29.272138987689576,139.04290812996453,0.21052594038330003,2
shared_support_1101,0,34,3.844943134273412,80.60839360747156,0.047699041777170784,2
shared_support_1101,0,35,5.224709036831035,29.813960034696006,0.17524371236664898,5
shared_support_1101,0,36,36.637498105135265,102.40500723720517,0.3577705728809748,2
shared_support_1101,0,37,27.80980676616249,144.61789174574568,0.19229852150697385,2
shared_support_1101,0,38,15.934238910746995,45.51538280280071,0.3500846950971158,0
shared_support_1101,0,39,23.58147711418052,135.73919228397082,0.1737263697933851,2
shared_support_1101,0,40,37.00428947579812,127.87824916497178,0.2893712552168276,2
shared_support_1101,0,41,7.691607547247245,64.67383044255072,0.11892920976869682,2
shared_support_1101,0,42,16.030115005612082,61.642177754412195,0.26005108173623354,0
shared_support_1101,0,43,12.090757225419656,67.90998253290755,0.17804094147072952,0
shared_support_1101,0,44,7.422644397314497,110.66172903355664,0.06707508062759152,2
shared_support_1101,0,45,4.406799369980453,52.87956160160212,0.08333653374779373,5
shared_support_1101,0,46,12.737357671637946,45.2447529658587,0.2815212115590386,0
shared_support_1101,0,47,7.392714458848437,63.697040135660245,0.11606056487245926,0
shared_support_1101,0,48,25.978818586344175,140.4230335057465,0.18500396934724422,0
shared_support_1101,0,49,6.885806651215115,19.802911814138497,0.3477168769846726,0
shared_support_1101,0,50,9.542283749078392,83.69528280526889,0.11401220509977981,3
shared_support_1101,0,51,12.030614036429263,86.38075160961682,0.13927424585050596,2
shared_support_1101,0,52,6.728757680050195,38.80713068018448,0.17338972405620295,0
shared_support_1101,0,53,21.463247144428948,43.17582285487494,0.4971126367775885,1
shared_support_1101,0,54,15.22985594837921,67.0839998844202,0.22702665277292508,2
shared_support_1101,0,55,6.953717002887931,90.5594193525764,0.07678623662343634,0
shared_support_1101,0,56,17.837910881398773,77.78246519240203,0.2293307474541347,2
shared_support_1101,0,57,9.379817889238343,54.9926047550603,0.17056507745025903,2
shared_support_1101,0,58,9.260757293499932,71.30714961622097,0.12987137115060468,2
shared_support_1101,0,59,10.072389756556946,38.93766876403537,0.25867983565210945,3
shared_support_1101,0,60,10.818416608707594,42.08160298754421,0.2570818562189694,0
shared_support_1101,0,61,16.30723207035113,66.92200541726385,0.24367518529479631,2
shared_support_1101,0,62,30.739791347530257,103.4530211923646,0.29713768620030423,0
shared_support_1101,0,63,9.639673639399076,49.39988116495848,0.19513556332675802,2
shared_support_1101,1,0,14.704930189844982,38.73868791611882,0.37959288197074925,0
shared_support_1101,1,1,11.666815164055771,23.12140325781232,0.5045894072243975,0
shared_support_1101,1,2,16.013623132214107,59.365595504899325,0.26974585188642697,3
shared_support_1101,1,3,23.75854333271353,197.45663780190154,0.12032283947095919,1
shared_support_1101,1,4,14.007667470048428,82.09956470529578,0.17061804798028207,0
shared_support_1101,1,5,16.745729794191853,44.59773266520516,0.37548388210454375,0
shared_support_1101,1,6,13.763275576873866,57.566366854139396,0.23908536058471436,3
shared_support_1101,1,7,11.719263833816226,76.57186772823532,0.15304920960540752,0
shared_support_1101,1,8,21.32395415116456,114.7370892109186,0.18585057628545218,0
shared_support_1101,1,9,10.8746946444805,50.471621655401904,0.21546156608020536,0
shared_support_1101,1,10,13.171270516180485,65.35815855229971,0.20152450448310613,0
shared_support_1101,1,11,19.782917558777232,87.03165022146229,0.22730716364032244,3
shared_support_1101,1,12,25.841635194698146,75.40480707012836,0.3427054082992982,3
shared_support_1101,1,13,23.274006793714243,148.92281330614819,0.1562823470563149,1
shared_support_1101,1,14,18.497822091618268,55.598088440031134,0.3327060805619293,0
shared_support_1101,1,15,8.795796300854791,51.68036055678156,0.17019610943292066,0
shared_support_1101,1,16,29.26916191214936,301.268090802201,0.09715320940300368,0
shared_support_1101,1,17,13.558392880866984,50.80458303006951,0.26687342110144335,0
shared_support_1101,1,18,13.051301102284564,38.075828084232526,0.3427713002961372,2
shared_support_1101,1,19,15.235871397462338,77.23531484896442,0.197265608708354,3
shared_support_1101,1,20,41.40223879579829,180.34059307117718,0.22957803393414355,1
shared_support_1101,1,21,10.881024084491523,96.39630256504782,0.112878023274275,2
shared_support_1101,1,22,12.959659607487204,61.77713210208418,0.20978085525355722,2
shared_support_1101,1,23,17.076744652007577,132.1089095649862,0.12926262663312113,0
shared_support_1101,1,24,8.941266720249804,43.69529416207665,0.20462768112017818,0
shared_support_1101,1,25,19.646923832697308,82.92075316108469,0.23693614787278308,3
shared_support_1101,1,26,29.517215040628678,150.06356632781444,0.19669807777424272,1
shared_support_1101,1,27,4.619133873079086,71.68665906740412,0.06443505574357843,3
shared_support_1101,1,28,8.12519550546283,73.84804161253311,0.11002587648964633,0
shared_support_1101,1,29,6.368789411014232,61.07733409642533,0.10427418788383197,1
shared_support_1101,1,30,9.414980662496593,68.47112397216527,0.13750293724291643,3
shared_support_1101,1,31,11.63114399560699,118.86868978228455,0.0978486766945119,1
shared_support_1101,1,32,12.78806740505551,78.76346997749901,0.16236038621341567,0
shared_support_1101,1,33,7.308854537968463,68.58129335675406,0.10657213039054866,5
shared_support_1101,1,34,11.410298508700212,114.27711490749923,0.0998476249416709,3
shared_support_1101,1,35,14.27915765247458,101.0341206313746,0.1413300532853889,1
shared_support_1101,1,36,29.94942195207263,136.36157688822937,0.219632411383898,1
shared_support_1101,1,37,12.122154898010695,82.28276499139534,0.1473231350365822,3
shared_support_1101,1,38,11.14112759718737,69.30061518365308,0.16076520486380022,0
shared_support_1101,1,39,46.14219298929168,351.5816019798883,0.1312417735440297,0
shared_support_1101,1,40,18.89517245614143,63.9932214930976,0.29526834272876057,3
shared_support_1101,1,41,21.403498734262786,62.83636910784962,0.340622780057943,2
shared_support_1101,1,42,34.82012228505931,169.70270108205807,0.20518307642152606,2
shared_support_1101,1,43,21.1020862688863,83.01017604311801,0.2542108362464529,0
shared_support_1101,1,44,22.512477445208784,131.14364449426873,0.17166274074526447,2
shared_support_1101,1,45,25.485681019440786,164.6558683904311,0.15478149226366641,1
shared_support_1101,1,46,11.779529221461045,87.29242863771097,0.1349433095778504,0
shared_support_1101,1,47,4.3298716469012195,39.463797945665455,0.1097175607087456,3
shared_support_1101,1,48,23.452426539845337,95.96842897222693,0.24437647662891743,2
shared_support_1101,1,49,18.29803461803375,158.68331709964568,0.11531164682260482,1
shared_support_1101,1,50,13.441883861436704,89.59801811580616,0.1500243436641976,0
shared_support_1101,1,51,6.277490217401201,45.78139964458891,0.1371187920451262,0
shared_support_1101,1,52,31.550766295834404,63.27636155317048,0.49861852864789985,0
shared_support_1101,1,53,14.270014457688648,34.60926753735684,0.4123177250800168,2
shared_support_1101,1,54,14.049292137211612,104.74375021551494,0.1341301233563298,0
shared_support_1101,1,55,8.72481906752634,71.3081728323569,0.12235370394412004,2
shared_support_1101,1,56,10.378168260374576,100.83606701819237,0.10292119245886688,2
shared_support_1101,1,57,8.597083182367053,79.73562550374348,0.1078198500112529,0
shared_support_1101,1,58,6.765971063714731,58.413209251445245,0.11582946991646977,2
shared_support_1101,1,59,13.71640281704113,50.991855668937184,0.2689920309253774,3
shared_support_1101,1,60,13.65709518063633,86.24100261932728,0.15835965220533824,2
shared_support_1101,1,61,24.721770390578996,128.51624840538437,0.19236299454212236,2
shared_support_1101,1,62,12.62705216861514,57.40504055969159,0.21996417118606734,0
shared_support_1101,1,63,15.462869425819862,91.76980988650948,0.16849625650246622,0
shared_support_1101,2,0,29.20131420997829,91.81174135953533,0.31805642478368606,0
shared_support_1101,2,1,15.575176312351354,85.8952216058249,0.181327622435462,0
shared_support_1101,2,2,17.238330817891203,48.38355837452837,0.35628489092208565,0
shared_support_1101,2,3,13.151290561553038,62.836885877574275,0.209292525845024,0
shared_support_1101,2,4,13.611283338143233,88.40628405954772,0.15396284871531413,0
shared_support_1101,2,5,12.540418003203154,80.36299542180112,0.15604716993663917,2
shared_support_1101,2,6,16.684404629525645,78.91180657738344,0.21143103108613265,0
shared_support_1101,2,7,33.32501567405535,226.12442585617703,0.14737468341987617,2
shared_support_1101,2,8,13.869810023611299,43.351436011313744,0.319938883223882,0
shared_support_1101,2,9,15.73846351158312,54.983795773013505,0.28623821419232914,0
shared_support_1101,2,10,9.296210079576515,102.04985439795989,0.09109479023188452,2
shared_support_1101,2,11,7.33993898225478,51.331458827378455,0.1429910458406825,0
shared_support_1101,2,12,7.353392940533352,69.36699195692539,0.10600708972791506,0
shared_support_1101,2,13,18.20596725520437,93.6443042631918,0.1944161729691069,2
shared_support_1101,2,14,11.305516542184714,35.82219746726966,0.31560086598580217,2
shared_support_1101,2,15,8.689164213308626,71.76562894217574,0.12107696039715352,3
shared_support_1101,2,16,14.61777398421286,82.92029917711011,0.1762870386295959,0
shared_support_1101,2,17,11.528517497168679,73.84568707449982,0.15611632789790472,0
shared_support_1101,2,18,12.861183242231474,43.00714762458645,0.2990475758703643,0
shared_support_1101,2,19,11.29375982025804,38.155551643891116,0.2959925707709228,0
shared_support_1101,2,20,10.01891929694056,85.7212643377153,0.11687787591966811,3
shared_support_1101,2,21,19.259820322727307,71.14089058125258,0.27072784955833484,2
shared_support_1101,2,22,7.610425004679235,62.217225913068994,0.12232022390893248,2
shared_support_1101,2,23,33.92490754270323,157.41342993665873,0.21551469627689457,2
shared_support_1101,2,24,8.168702823217446,63.531918068632606,0.1285763608520825,1
shared_support_1101,2,25,6.990112525445188,68.84136733320446,0.10153942020953477,1
shared_support_1101,2,26,20.23885650112416,103.20454130203476,0.1961043210481779,0
shared_support_1101,2,27,14.566230976647272,66.16220778280726,0.22015938501424095,0
shared_support_1101,2,28,11.80863734431136,39.63382227996551,0.29794343984532895,2
shared_support_1101,2,29,9.66885341422678,59.48430018394583,0.1625446274786351,3
shared_support_1101,2,30,24.27780590925692,269.76013023496387,0.08999775425712725,2
shared_support_1101,2,31,12.217484156503117,81.22692450681488,0.15041175362337003,0
shared_support_1101,2,32,20.125158872092634,153.77576195432565,0.13087341344515785,2
shared_support_1101,2,33,14.447228348452603,88.3194246733498,0.16357928509935168,0
shared_support_1101,2,34,9.08231262971653,27.153009588386748,0.33448640748836195,2
shared_support_1101,2,35,15.537913280610969,85.48200399860512,0.1817682383869301,0
shared_support_1101,2,36,7.4127479469997475,41.406103933028696,0.17902548761866893,2
shared_support_1101,2,37,9.01147958173311,90.686367732001,0.09936972675280255,2
shared_support_1101,2,38,13.589687886316042,64.93913901878494,0.20926806378484558,0
shared_support_1101,2,39,23.5301110964677,140.62044746548509,0.16733065155579954,2
shared_support_1101,2,40,9.851408918428978,76.57056467021101,0.1286579113117285,0
shared_support_1101,2,41,9.488757792532471,31.63304762763309,0.2999634402675623,2
shared_support_1101,2,42,14.935119465749866,76.28016356682727,0.1957929659218095,2
shared_support_1101,2,43,10.272766396996415,48.51703172451011,0.21173526145060437,3
shared_support_1101,2,44,14.044232239436644,42.75776430422223,0.3284603970289861,1
shared_support_1101,2,45,6.84662005024757,48.4248891628932,0.14138638556748553,0
shared_support_1101,2,46,5.691554689742689,42.31028569088491,0.13451941051224917,0
shared_support_1101,2,47,12.108183784258197,40.82452050669286,0.296590961362869,0
shared_support_1101,2,48,9.424739158214724,40.288167862320805,0.23393317835704158,2
shared_support_1101,2,49,9.894504125848227,58.16301201146587,0.17011677668786634,3
shared_support_1101,2,50,15.559436212902696,61.11900569291865,0.25457606903944513,2
shared_support_1101,2,51,8.016952077734455,42.95736763965603,0.18662577616449705,0
shared_support_1101,2,52,12.034475081674817,72.0850384878766,0.16694830625218848,0
shared_support_1101,2,53,11.890094838899822,47.067069879594776,0.2526202474323687,0
shared_support_1101,2,54,15.691754501707223,73.09761286536283,0.21466849445014818,2
shared_support_1101,2,55,12.673814481119262,47.807996064575846,0.2650982162900181,0
shared_support_1101,2,56,10.32489954242229,45.873562523153296,0.2250729826620967,2
shared_support_1101,2,57,25.59820433127094,252.48217634443878,0.10138618377698712,1
shared_support_1101,2,58,9.972208827405675,25.980764189717277,0.38383046605505533,2
shared_support_1101,2,59,10.525409355883918,40.09314632880052,0.2625239054467295,3
shared_support_1101,2,60,12.903870335993053,58.41680152941942,0.22089313345056225,3
shared_support_1101,2,61,9.34103533244037,101.02449020752908,0.09246307814324618,0
shared_support_1101,2,62,15.177246709995178,50.03533518501382,0.30333056936412695,0
shared_support_1101,2,63,10.220731330487311,54.61282684363652,0.1871489157620529,0
shared_support_1101,3,0,26.904512953490144,46.90991283812706,0.5735357694295886,0
shared_support_1101,3,1,14.294355722582305,46.38323535012002,0.30817935865582774,0
shared_support_1101,3,2,7.86651060107328,48.31574478053404,0.1628146401717608,0
shared_support_1101,3,3,12.953141210653193,23.34144463425591,0.5549417104904963,0
shared_support_1101,3,4,12.052258471289779,93.01241626965302,0.1295768775251358,0
shared_support_1101,3,5,10.88420139470735,105.00589877395765,0.10365323778750155,2
shared_support_1101,3,6,35.68837513791462,184.74021278786654,0.19318141188293889,2
shared_support_1101,3,7,14.776696851264855,50.87061668043368,0.29047607077561544,0
shared_support_1101,3,8,21.698051379202035,84.0424363052548,0.25817970460055967,2
shared_support_1101,3,9,16.668185266868626,91.75460181723875,0.1816604828177351,0
shared_support_1101,3,10,7.808514859208528,22.503144845558303,0.34699660482120487,1
shared_support_1101,3,11,11.508088370654495,80.10235494357082,0.14366729141436008,0
shared_support_1101,3,12,55.93030276460124,189.2251523107353,0.29557541416457955,2
shared_support_1101,3,13,11.411288431114478,35.107814257927885,0.32503557035133945,0
shared_support_1101,3,14,17.433792439683877,100.36561210235887,0.17370284577055986,2
shared_support_1101,3,15,23.52732180535051,74.01088227391578,0.31789003295860485,2
shared_support_1101,3,16,10.039457114985229,91.39578710844616,0.10984595059149561,2
shared_support_1101,3,17,6.0524042138105045,54.569552318034,0.11091174394352366,2
shared_support_1101,3,18,27.287387531658627,73.46079065238374,0.37145512986352774,3
shared_support_1101,3,19,12.893245468031633,163.56238398838443,0.07882769346861111,2
shared_support_1101,3,20,7.545777494212531,95.31956531864236,0.07916294486853631,0
shared_support_1101,3,21,34.88736909687084,180.75174515003056,0.19301262661620805,2
shared_support_1101,3,22,11.762445451747462,26.808320951284575,0.43876099040748917,0
shared_support_1101,3,23,12.777434289599329,61.383312776440484,0.20815810863996628,0
shared_support_1101,3,24,8.316826664312794,95.84898715198273,0.0867701048434162,0
shared_support_1101,3,25,16.740408105124093,72.08449661316936,0.2322331276718069,0
shared_support_1101,3,26,7.20397846546455,91.0107727464294,0.07915522798093352,3
shared_support_1101,3,27,10.146349007365453,71.86007536411405,0.1411959138082452,0
shared_support_1101,3,28,10.716501388116825,111.71235380102425,0.09592942072641718,0
shared_support_1101,3,29,25.243232215008508,76.5510947898731,0.32975664533994253,2
shared_support_1101,3,30,14.912374948256334,48.85247187054425,0.30525323238040275,0
shared_support_1101,3,31,23.498741279991844,66.84779225648295,0.3515260637154837,2
shared_support_1101,3,32,17.570184958964735,46.588330051867814,0.3771370413879068,2
shared_support_1101,3,33,21.661000780398435,56.36707017747025,0.38428466677794926,2
shared_support_1101,3,34,12.226832279898378,30.94024991728238,0.39517561469562673,2
shared_support_1101,3,35,15.378917619842268,46.20892299155324,0.3328127258593207,2
shared_support_1101,3,36,12.375965510795854,62.648722805753785,0.1975453761311032,0
shared_support_1101,3,37,14.422675060985386,83.12889399741873,0.17349773787960213,1
shared_support_1101,3,38,19.866465078159173,60.79439010618215,0.3267812218111053,2
shared_support_1101,3,39,8.218491396859557,37.38445031235992,0.21983716032177122,2
shared_support_1101,3,40,9.60743513906738,37.31446096280597,0.25747216738957607,2
shared_support_1101,3,41,12.218988856957603,52.54594207636976,0.23253915286547994,0
shared_support_1101,3,42,4.882710958073451,50.975711913497015,0.09578504693292256,1
shared_support_1101,3,43,12.620104834753956,53.03628186159505,0.23795229212499722,2
shared_support_1101,3,44,15.986220049199392,56.176603767849656,0.284570781730818,0
shared_support_1101,3,45,11.535733661621451,45.06809054557488,0.2559623343695025,2
shared_support_1101,3,46,10.822206615324514,39.89921151529698,0.27123860859193627,1
shared_support_1101,3,47,5.9926953516761765,48.99323218349319,0.12231679937408246,2
shared_support_1101,3,48,27.306930903177392,273.09997539530787,0.0999887710119748,0
shared_support_1101,3,49,48.576345890674595,262.1884756338388,0.1852726202905815,1
shared_support_1101,3,50,13.134341352827542,74.66623072243927,0.17590738444602252,0
shared_support_1101,3,51,12.059875297410372,161.60722208891252,0.07462460613780807,0
shared_support_1101,3,52,15.627905545860905,107.57057793395178,0.1452804832512513,2
shared_support_1101,3,53,20.372269500475866,82.94372050234881,0.24561557375400062,0
shared_support_1101,3,54,13.28038969568464,107.84524682732065,0.12314302286264778,2
shared_support_1101,3,55,11.622871571820419,65.99037788478806,0.17612979262086775,1
shared_support_1101,3,56,19.14384307281081,238.23029975733587,0.08035855679277971,2
shared_support_1101,3,57,9.566204951798532,19.622261256499787,0.4875179688390791,0
shared_support_1101,3,58,13.3506421893815,40.944148597659435,0.32606960082556674,0
shared_support_1101,3,59,21.97132978156223,85.93268341362268,0.25568071319042707,0
shared_support_1101,3,60,14.315763081481519,56.78672332838035,0.252097008638759,0
shared_support_1101,3,61,17.487995613971844,72.74031642159149,0.2404168207437284,0
shared_support_1101,3,62,8.170925256729106,20.810928577102793,0.3926266541378245,0
shared_support_1101,3,63,3.952540056471855,12.921494350316875,0.3058887733348679,5
shared_support_1101,4,0,21.91652707246199,42.480199603553864,0.5159233543391465,0
shared_support_1101,4,1,20.51039786927681,56.94299113290249,0.3601917893882045,1
shared_support_1101,4,2,11.413234629656314,40.76547401862454,0.27997306309849224,0
shared_support_1101,4,3,12.994751670840532,65.38437599131589,0.19874398851136008,3
shared_support_1101,4,4,10.55765296367027,60.149387902719646,0.1755238636965898,3
shared_support_1101,4,5,12.652971026145343,55.8908331601568,0.22638723222979854,3
shared_support_1101,4,6,13.295168046290389,60.1837293276083,0.22090967433936415,0
shared_support_1101,4,7,52.5538523474263,227.57460549921888,0.23093021399352348,2
shared_support_1101,4,8,57.99126861874929,284.00931046515933,0.20418791385313875,2
shared_support_1101,4,9,13.319686131629162,46.359580020839125,0.28731248483359473,0
shared_support_1101,4,10,10.652244505953014,48.45299790197565,0.2198469644231998,0
shared_support_1101,4,11,53.90598562967065,188.3029076674602,0.28627272036004736,2
shared_support_1101,4,12,13.382670670956289,36.374682803006664,0.36791168031436694,2
shared_support_1101,4,13,13.133905972684046,36.01915015798801,0.3646367533680226,0
shared_support_1101,4,14,12.535757779844563,79.10055347649921,0.1584787618909511,2
shared_support_1101,4,15,10.082307576611642,75.31972598355598,0.1338601202401193,2
shared_support_1101,4,16,36.269391069758704,177.91291565246678,0.20386036020345455,2
shared_support_1101,4,17,15.266401531632956,94.70812214792159,0.161194216350197,2
shared_support_1101,4,18,17.476160586814103,80.66078166192493,0.21666242536629843,2
shared_support_1101,4,19,28.226155460174493,174.9162948631624,0.16136950237972916,2
shared_support_1101,4,20,17.48249420466343,99.61548845644543,0.17549975887843228,2
shared_support_1101,4,21,6.976618141808258,85.64644908824695,0.08145834668078074,2
shared_support_1101,4,22,13.617451888246691,64.6002417558592,0.21079567998693435,2
shared_support_1101,4,23,13.721044267524746,50.78971666030182,0.2701539833209853,2
shared_support_1101,4,24,18.43010216799087,120.83631666835495,0.15252121776083077,2
shared_support_1101,4,25,11.496674209257012,78.75740390816733,0.14597578943387163,2
shared_support_1101,4,26,25.998762047646714,171.69649343015593,0.1514227898790647,1
shared_support_1101,4,27,17.64835480891702,89.2938123671243,0.19764364787514316,2
shared_support_1101,4,28,12.735344254989464,25.238155650412676,0.5046067720396686,0
shared_support_1101,4,29,10.66258505119278,51.64703398126915,0.2064510627088437,0
shared_support_1101,4,30,7.61314235236969,67.45480817898599,0.11286285674653199,0
shared_support_1101,4,31,15.540259476646433,85.41255669005338,0.1819434996313154,2
shared_support_1101,4,32,7.903115868092182,58.266008383306165,0.13563853243731913,2
shared_support_1101,4,33,4.765454040184434,57.247594764822345,0.08324286915042102,3
shared_support_1101,4,34,7.29226047886568,48.47714098162156,0.15042678530960168,2
shared_support_1101,4,35,12.074664403348214,57.73755577263439,0.20913016219282335,2
shared_support_1101,4,36,17.717333163703163,213.4041126366826,0.08302245418234588,3
shared_support_1101,4,37,48.12780586334818,230.62993492108754,0.2086797877292712,1
shared_support_1101,4,38,18.045240160437004,107.01768241283392,0.16861923892936928,0
shared_support_1101,4,39,14.18502994193957,57.00176020593116,0.24885248965458412,2
shared_support_1101,4,40,13.340266443768481,70.98052612836743,0.1879426255539832,0
shared_support_1101,4,41,15.861775883147274,65.05073501306524,0.24383699707561315,2
shared_support_1101,4,42,23.031651149246148,72.25920689494451,0.3187365615945823,0
shared_support_1101,4,43,23.15020747768141,150.18599433520194,0.15414358429463257,2
shared_support_1101,4,44,9.980916690855455,52.59770600476946,0.18975954369474604,0
shared_support_1101,4,45,6.66957047370925,34.8732898906189,0.19125154221550517,2
shared_support_1101,4,46,15.89248188490629,24.353060833004104,0.6525866294132626,0
shared_support_1101,4,47,14.001852674569058,19.591424816225377,0.7146929233535325,0
shared_support_1101,4,48,6.7257526040742786,14.849873763994653,0.4529164833967608,3
shared_support_1101,4,49,7.502957480883089,11.945875456229013,0.628079332349876,0
shared_support_1101,4,50,8.191585345909951,48.08895533848887,0.17034234343938154,0
shared_support_1101,4,51,22.280618035478565,53.24947696917725,0.41841947195791995,0
shared_support_1101,4,52,37.91081546742722,159.18283855659567,0.238158936046039,2
shared_support_1101,4,53,8.676449274166215,48.075611498215736,0.18047506841360156,3
shared_support_1101,4,54,7.06081158495419,77.39226877787821,0.09123406893806492,2
shared_support_1101,4,55,6.334297558590097,32.17239823821742,0.19688608575861838,2
shared_support_1101,4,56,14.114591012030694,72.95974368346201,0.19345724504279047,0
shared_support_1101,4,57,60.93637759271006,196.74062666315245,0.3097295084712812,0
shared_support_1101,4,58,20.41688864898785,96.7388859532829,0.21105151716185325,2
shared_support_1101,4,59,17.41389526514887,75.17387020052537,0.2316482471728211,2
shared_support_1101,4,60,10.794338132599247,45.516565099096624,0.237151861286068,0
shared_support_1101,4,61,10.744492371740055,37.09948247535509,0.2896129987494446,0
shared_support_1101,4,62,26.559928561584456,105.13734189491582,0.25262126740973684,2
shared_support_1101,4,63,22.463272341765382,92.0177262355061,0.24411896773317215,2
shared_support_1101,5,0,15.142368943335512,54.051809596192584,0.2801454577831959,0
shared_support_1101,5,1,13.947146131579276,78.96786471021629,0.17661799749506074,0
shared_support_1101,5,2,19.334172092117583,87.20368686619457,0.22171278287561347,0
shared_support_1101,5,3,22.271327022953606,129.6534759521278,0.17177578047484737,0
shared_support_1101,5,4,18.935165472097175,68.41093224085047,0.2767856664404633,1
shared_support_1101,5,5,19.735251596521568,241.92485017611196,0.0815759587415475,1
shared_support_1101,5,6,53.91313576451713,286.4407815784295,0.18821738813666564,1
shared_support_1101,5,7,15.841463126335121,35.81588924356539,0.4423026612184749,0
shared_support_1101,5,8,11.782956018124578,61.59167989890456,0.19130759280254903,1
shared_support_1101,5,9,11.517284360697342,68.0915448647747,0.16914411890007644,0
shared_support_1101,5,10,8.30937521860687,53.05921137221074,0.15660570528115364,1
shared_support_1101,5,11,6.4763721416310345,37.58287139011482,0.17232244110370112,2
shared_support_1101,5,12,20.591534622113556,82.51929192886593,0.2495360071662281,2
shared_support_1101,5,13,11.794004489173943,41.018612432794505,0.2875281193018758,0
shared_support_1101,5,14,14.139846205521708,48.03448495938343,0.2943686440580752,2
shared_support_1101,5,15,7.236356825225738,32.31410459200011,0.2239380269573435,2
shared_support_1101,5,16,8.457356051435442,41.86708192080717,0.2020049084727897,0
shared_support_1101,5,17,13.52436856938208,65.33304498479144,0.20700655499112816,2
shared_support_1101,5,18,6.723753890531837,55.61656146561865,0.12089481466214634,0
shared_support_1101,5,19,6.396358324598972,53.54215720898751,0.11946396368813635,3
shared_support_1101,5,20,17.552647621841754,44.612704681308124,0.39344504546921094,3
shared_support_1101,5,21,11.53657696753779,34.41610909647261,0.33520863544450474,0
shared_support_1101,5,22,5.9976928061879855,45.906719947053986,0.13064956095981936,0
shared_support_1101,5,23,15.407079287133767,62.73973331930177,0.24557132254168837,2
shared_support_1101,5,24,14.243591725202474,70.34925444700686,0.2024696897951062,0
shared_support_1101,5,25,9.56855716298527,70.33282803895828,0.1360468138389817,1
shared_support_1101,5,26,16.764558336943686,65.10268045499154,0.25750949453661576,2
shared_support_1101,5,27,15.334678032572057,57.271333876800306,0.2677548608446832,2
shared_support_1101,5,28,14.931852866313507,91.24059920552156,0.1636536037283048,2
shared_support_1101,5,29,15.29512559074143,77.77280129375373,0.19666419797546686,0
shared_support_1101,5,30,12.920673803828532,77.54078100715945,0.16663068950305707,2
shared_support_1101,5,31,62.745447139226854,264.8641005381873,0.2368967595522837,2
shared_support_1101,5,32,24.320787917733217,63.03625600956034,0.3858222149812423,0
shared_support_1101,5,33,10.697657807889886,29.90495343891757,0.35772193492092913,1
shared_support_1101,5,34,19.16541269331986,80.05737615103098,0.23939596342957395,2
shared_support_1101,5,35,12.067057528313947,100.76351019402067,0.11975622430261475,2
shared_support_1101,5,36,14.142685635744941,218.25521435215973,0.0647988442233751,5
shared_support_1101,5,37,35.615776325023475,244.43600186004852,0.14570593551687708,1
shared_support_1101,5,38,12.855025060252888,40.000422575395156,0.3213722314063802,2
shared_support_1101,5,39,12.764343964707809,117.11081471401184,0.10899372526678022,0
shared_support_1101,5,40,19.119014719403594,87.69325980683678,0.21802148490679132,0
shared_support_1101,5,41,19.217423486329096,63.578362850167565,0.3022635787526958,2
shared_support_1101,5,42,17.864593600531787,97.34583226874463,0.18351677913865524,0
shared_support_1101,5,43,16.611440654953427,79.15217261968499,0.2098671471062336,0
shared_support_1101,5,44,9.98729646598284,39.79831507207002,0.25094772097504714,2
shared_support_1101,5,45,9.277186681397888,54.71798519782392,0.16954547298950678,0
shared_support_1101,5,46,19.141895951691293,51.267588469979614,0.37337227131133877,2
shared_support_1101,5,47,14.572548583215235,28.15742318061595,0.5175384299102777,0
shared_support_1101,5,48,22.299840449581176,79.1246377917391,0.28183181714241423,2
shared_support_1101,5,49,20.032648203944905,212.38478544126198,0.09432242597945048,5
shared_support_1101,5,50,55.88150698343171,268.88440220414844,0.2078272541112448,1
shared_support_1101,5,51,19.414914791805085,91.05142785379904,0.2132302068121276,0
shared_support_1101,5,52,5.919887753352588,40.69118078923083,0.14548331207236245,2
shared_support_1101,5,53,47.702242685733864,216.04954011555648,0.2207930767185146,1
shared_support_1101,5,54,14.793366989282116,28.607816244085306,0.5171092705246476,0
shared_support_1101,5,55,17.758188302481305,44.32499786137487,0.4006359652406418,4
shared_support_1101,5,56,13.860919964839738,30.522775124081143,0.4541172913829868,2
shared_support_1101,5,57,18.52357432654567,49.92601239031141,0.37102050493702826,2
shared_support_1101,5,58,17.92572361083666,58.89567535950909,0.3043640046814139,2
shared_support_1101,5,59,41.93734543537997,159.22596467009814,0.26338258036162865,2
shared_support_1101,5,60,20.263416173613326,52.844151876323906,0.38345617166943446,0
shared_support_1101,5,61,17.405210502006746,50.60842884691652,0.34391920276077126,1
shared_support_1101,5,62,16.83500159633387,45.12050727709219,0.37311197529202095,0
shared_support_1101,5,63,46.069810155138924,95.97451310584991,0.48002129590726567,2
shared_support_1101,6,0,29.20131420997829,91.81174135953533,0.31805642478368606,0
shared_support_1101,6,1,17.80196870434443,49.43736398094337,0.3600913817170057,2
shared_support_1101,6,2,22.8613733159579,82.92417278575236,0.27569009792866855,2
shared_support_1101,6,3,7.653632712950032,56.5828805487878,0.13526410530391422,3
shared_support_1101,6,4,10.791977735330859,52.02618512249452,0.2074335781092037,3
shared_support_1101,6,5,12.960189070029822,44.85529283766786,0.2889333287140268,2
shared_support_1101,6,6,12.881920012191529,66.36941044065658,0.19409423598405692,0
shared_support_1101,6,7,15.843343932693447,56.051371659227236,0.28265755972958956,1
shared_support_1101,6,8,15.216032037426451,134.58296292171244,0.1130606111434602,0
shared_support_1101,6,9,24.73840869033597,80.01642001526231,0.30916665211487054,0
shared_support_1101,6,10,16.315378232808513,85.12691483279718,0.1916594565285787,0
shared_support_1101,6,11,19.694179933873347,50.234620021178266,0.3920439713801067,0
shared_support_1101,6,12,28.08666775190612,65.98962678254354,0.4256224670653234,0
shared_support_1101,6,13,15.79397982262932,59.32555438267782,0.2662255749141541,0
shared_support_1101,6,14,17.88399752590355,104.8797836340008,0.17051901621301369,0
shared_support_1101,6,15,29.768311713335375,80.21087266557679,0.3711256432460024,0
shared_support_1101,6,16,12.793785774111992,50.442828486177746,0.2536294287624597,0
shared_support_1101,6,17,10.715803898863376,88.53219378294216,0.12103849956701324,0
shared_support_1101,6,18,8.337137043910824,57.20951512106076,0.14572990220715296,0
shared_support_1101,6,19,7.4059529508070785,23.550429315743333,0.3144720994897634,0
shared_support_1101,6,20,10.846168473406834,75.39865951201827,0.14385094567467735,0
shared_support_1101,6,21,18.20269918144979,72.62416223491176,0.250642466932299,2
shared_support_1101,6,22,22.74619324588875,94.54091383481445,0.2405962913118418,1
shared_support_1101,6,23,29.340432426517605,268.34976711814795,0.10933653023667324,1
shared_support_1101,6,24,14.41420998515419,45.68470482368895,0.315515007501591,2
shared_support_1101,6,25,16.814686436769335,40.933899713893375,0.4107765581656092,2
shared_support_1101,6,26,12.99702520838629,96.73968747220349,0.13435049820809858,0
shared_support_1101,6,27,8.27202278491966,133.04316328812652,0.06217548185475156,2
shared_support_1101,6,28,10.323681752327904,77.24375386227716,0.1336506997152761,0
shared_support_1101,6,29,22.305659933992317,79.18748843303312,0.2816816188438108,2
shared_support_1101,6,30,14.962391556493165,69.75599179761365,0.21449614822916227,2
shared_support_1101,6,31,12.622314672592008,96.06765955476298,0.1313898426493539,0
shared_support_1101,6,32,9.061675702827358,77.18206942727792,0.11740648793260722,0
shared_support_1101,6,33,11.993165678292897,66.06597492634657,0.18153316728714647,3
shared_support_1101,6,34,12.386062058608243,103.86377759879518,0.11925295175044665,2
shared_support_1101,6,35,4.3708498707344825,71.44357931216346,0.0611790438387279,1
shared_support_1101,6,36,17.711317318988996,94.69768997141378,0.18703008831931886,0
shared_support_1101,6,37,10.8083986010082,69.98339107493146,0.15444233888917458,2
shared_support_1101,6,38,10.190966464400079,76.59657279254573,0.13304729040555519,0
shared_support_1101,6,39,15.454378355004764,61.21071129538445,0.2524783330882497,2
shared_support_1101,6,40,10.852767596791754,64.36208736077751,0.16862050380618124,2
shared_support_1101,6,41,20.58490394379352,72.50407765387835,0.2839137412665562,0
shared_support_1101,6,42,9.359026521307523,107.12494693414605,0.08736551838910957,2
shared_support_1101,6,43,7.660699145547169,110.69300516330222,0.06920671395853387,2
shared_support_1101,6,44,18.37863218632732,82.59290254994869,0.2225207205330107,0
shared_support_1101,6,45,7.024965471991451,39.15181810876757,0.17942884421038663,3
shared_support_1101,6,46,11.384896901438202,54.43842174582746,0.20913348580519456,0
shared_support_1101,6,47,9.893731941765616,53.06080954646457,0.18646025242230466,0
shared_support_1101,6,48,14.61757661963361,64.29888725695561,0.22733794072077562,2
shared_support_1101,6,49,28.204429144440866,241.45740366652998,0.11680912954482525,1
shared_support_1101,6,50,43.36094107506963,260.4446897608969,0.16648809816348129,1
shared_support_1101,6,51,8.132534932404111,100.5432775144026,0.08088591433911774,3
shared_support_1101,6,52,21.337155466150328,81.0917075012842,0.2631237659635225,0
shared_support_1101,6,53,13.076961797067646,33.42627788486528,0.39121800644721566,2
shared_support_1101,6,54,11.887382891435719,67.49424885750418,0.17612438233860056,0
shared_support_1101,6,55,8.067778122814762,37.015939615928204,0.217954162626285,5
shared_support_1101,6,56,17.407687633659602,47.82454048702202,0.36399069298707565,0
shared_support_1101,6,57,12.703494185850895,53.90234462429668,0.23567609673373555,1
shared_support_1101,6,58,7.246212471688061,38.60383991679569,0.1877070386600425,2
shared_support_1101,6,59,23.987332145542883,93.62793998083522,0.2561984398081691,2
shared_support_1101,6,60,16.12140514969696,60.73357040531406,0.26544471273644027,2
shared_support_1101,6,61,15.712047604788502,68.19274429119633,0.23040644232904003,2
shared_support_1101,6,62,14.741311451753418,57.26656016940978,0.25741569614352044,2
shared_support_1101,6,63,13.82277606520165,48.7655125910403,0.2834539273917386,2
shared_support_1101,7,0,29.273949683125803,79.96207524628308,0.3660979232087471,0
shared_support_1101,7,1,13.214468516234943,45.808417503181026,0.28847249559139004,0
shared_support_1101,7,2,11.572709512242675,34.15754689909162,0.3388038826801827,0
shared_support_1101,7,3,13.55434333970986,100.26829835807891,0.13518074567601104,0
shared_support_1101,7,4,19.415204277865282,84.56136404756403,0.22959899590721633,0
shared_support_1101,7,5,13.90547736610784,37.38917451278594,0.37191185810621724,0
shared_support_1101,7,6,10.12419998071547,92.16898002465436,0.10984389735035952,0
shared_support_1101,7,7,13.77624950542692,71.14276589812212,0.19364230967846804,0
shared_support_1101,7,8,8.061295210552144,69.62995274884767,0.11577338332583535,1
shared_support_1101,7,9,28.53421935712918,304.6716093207983,0.09365565574272004,1
shared_support_1101,7,10,15.42762956144089,62.98340633461895,0.2449475260114832,3
shared_support_1101,7,11,16.37696754532345,100.81320613555576,0.16244863320091815,3
shared_support_1101,7,12,13.884159676172223,107.89029704857063,0.128687750946888,2
shared_support_1101,7,13,18.852748580197765,81.86738042257355,0.230284009124096,2
shared_support_1101,7,14,11.60117177174135,45.86744545627907,0.2529282295173732,2
shared_support_1101,7,15,14.381919043053282,74.76157771110724,0.19237045931036548,2
shared_support_1101,7,16,7.844498770231745,37.88567155045976,0.20705713926130861,0
shared_support_1101,7,17,17.210562784746326,59.380453783516074,0.2898354877430046,2
shared_support_1101,7,18,11.992497549740909,61.636309522444485,0.19456871513979782,2
shared_support_1101,7,19,16.623643895189783,72.65826654738093,0.22879218959000894,0
shared_support_1101,7,20,5.282853334189985,30.300830496297284,0.17434681649519612,5
shared_support_1101,7,21,9.375690737428242,58.99214702362681,0.15893116644276745,2
shared_support_1101,7,22,14.131719958546899,42.09206212760182,0.3357336097173543,0
shared_support_1101,7,23,8.650880965348932,65.6955694970789,0.1316813452044675,0
shared_support_1101,7,24,7.6782714964816146,43.202682948394006,0.17772672835280576,2
shared_support_1101,7,25,8.48315446184906,55.27858872329348,0.15346184947508254,0
shared_support_1101,7,26,10.20408330022905,41.2865144063938,0.24715293715007347,2
shared_support_1101,7,27,16.205020933854566,84.46792844690177,0.19184821069740532,0
shared_support_1101,7,28,11.792773184946244,68.5447085094734,0.1720449826308094,2
shared_support_1101,7,29,5.119747222911063,69.51263100773417,0.07365204206328237,0
shared_support_1101,7,30,13.111944352829184,77.01312984677246,0.17025595997613766,2
shared_support_1101,7,31,11.643765336552613,46.46009828087109,0.25061861182817763,2
shared_support_1101,7,32,8.454188166908546,78.18142239983189,0.10813551234297733,0
shared_support_1101,7,33,8.794084549309071,71.00946534030307,0.12384383556705622,2
shared_support_1101,7,34,9.221315956283354,64.04471300262432,0.14398246980832746,2
shared_support_1101,7,35,10.998548233958811,86.15922253560628,0.12765375441280863,2
shared_support_1101,7,36,7.933343403088702,25.841251821485358,0.30700306076088124,2
shared_support_1101,7,37,7.453829906926824,49.430977547630555,0.1507926866253957,2
shared_support_1101,7,38,8.794684104944567,67.57346228516424,0.13014997023284747,3
shared_support_1101,7,39,13.865811468026834,50.9810479445333,0.27197972633109957,0
shared_support_1101,7,40,4.810284021858007,49.20153277647776,0.09776695461320475,0
shared_support_1101,7,41,18.216663463181273,108.55515652430411,0.16781020862056237,0
shared_support_1101,7,42,17.90262570918656,109.7595582670245,0.16310766908912674,2
shared_support_1101,7,43,19.547808389828596,57.93598200823494,0.3374035912095198,0
shared_support_1101,7,44,18.144939282888572,49.90795588326651,0.363568071698411,0
shared_support_1101,7,45,15.168561762927837,94.82045418770156,0.15997141010209626,2
shared_support_1101,7,46,16.055068579967674,61.85618306429757,0.2595547895879533,1
shared_support_1101,7,47,9.843596377711444,82.28774016879673,0.119624094154479,0
shared_support_1101,7,48,7.18599269012362,62.64780992635502,0.11470461135945596,0
shared_support_1101,7,49,10.378519201037678,53.056120879478215,0.19561398438105615,0
shared_support_1101,7,50,20.17770790493752,255.48714946961238,0.07897738867424897,1
shared_support_1101,7,51,18.962039408638987,128.08789923567744,0.14803927241986747,2
shared_support_1101,7,52,20.31485340142693,68.09160913143552,0.29834591457830995,2
shared_support_1101,7,53,5.854584636793593,60.52044911788964,0.09673729660183565,2
shared_support_1101,7,54,12.005597665629171,60.94777442400877,0.19698172376413933,1
shared_support_1101,7,55,9.734250253480617,108.45635987784387,0.08975269190709018,1
shared_support_1101,7,56,11.00066394585754,75.72201572000681,0.1452769559982938,1
shared_support_1101,7,57,11.501149737101427,106.26729395693552,0.10822849918209294,0
shared_support_1101,7,58,12.502086737113736,42.36353758946682,0.2951143235078231,2
shared_support_1101,7,59,9.87606051312335,89.50546649956176,0.11034030545130677,2
shared_support_1101,7,60,9.146279186464547,101.85223594592668,0.08979949336920108,2
shared_support_1101,7,61,18.108997722584157,76.73404069466709,0.23599692598806032,0
shared_support_1101,7,62,9.298866004218516,50.66898126703333,0.18352186627183326,0
shared_support_1101,7,63,21.84333147851937,61.443477105634265,0.3555028541266649,2
shared_support_1101,8,0,14.28588717012147,33.82935653836532,0.4222926071301439,0
shared_support_1101,8,1,13.601595668535097,99.98242532561785,0.13603986524869835,2
shared_support_1101,8,2,7.572188622507785,48.814654791548534,0.15512121625858113,0
shared_support_1101,8,3,20.250505003814116,83.37870094180442,0.24287383678414826,0
shared_support_1101,8,4,13.846044123374599,51.653188817464766,0.26805787678094,0
shared_support_1101,8,5,8.960195126872001,24.877774902141162,0.3601686711178025,0
shared_support_1101,8,6,11.708570096846481,69.793300887954,0.16776065822769137,1
shared_support_1101,8,7,16.60465549892722,73.67507074072101,0.22537685178970104,3
shared_support_1101,8,8,8.420714123734031,71.94976860086352,0.11703601397868801,0
shared_support_1101,8,9,13.778782379769067,56.42255948795057,0.24420697155207258,0
shared_support_1101,8,10,10.18432071162621,150.05360111247768,0.06787121825881548,2
shared_support_1101,8,11,7.840188168278333,75.07469234601109,0.1044318387898782,0
shared_support_1101,8,12,9.85610322778296,66.1228314206119,0.14905748916115835,0
shared_support_1101,8,13,10.26134227440594,30.53497896341708,0.33605204990315224,0
shared_support_1101,8,14,16.426489601566267,66.8157497509601,0.24584756831723242,0
shared_support_1101,8,15,8.183464303023039,66.24449096685635,0.12353426199798886,0
shared_support_1101,8,16,80.1938720746921,246.594771196484,0.32520507910848806,0
shared_support_1101,8,17,29.442308830713266,126.42273169448738,0.23288777608336625,2
shared_support_1101,8,18,15.317417118162766,33.359075775155155,0.4591679104482481,0
shared_support_1101,8,19,19.45202071252986,34.7534705808199,0.5597144799479462,0
shared_support_1101,8,20,23.926989955163933,110.51986027165015,0.21649493490448732,2
shared_support_1101,8,21,9.585107890887672,266.3614800687666,0.035985338001625025,1
shared_support_1101,8,22,19.44419114892808,137.52565711629327,0.1413859170473612,0
shared_support_1101,8,23,15.216673508362216,79.20985139859047,0.1921058206736264,2
shared_support_1101,8,24,14.163737201000162,146.26412699167784,0.09683671240731538,1
shared_support_1101,8,25,20.90924728393,73.33285440221714,0.2851279614624933,0
shared_support_1101,8,26,19.31705499028377,56.89299215560038,0.33953311749630405,2
shared_support_1101,8,27,15.031108838203817,55.63729154394549,0.2701624831311459,2
shared_support_1101,8,28,17.66914240748848,80.03013851737398,0.22078110490403102,2
shared_support_1101,8,29,11.54258977611064,92.43395426713667,0.12487391530121321,0
shared_support_1101,8,30,8.854363303034926,120.51228294889451,0.07347270407938239,2
shared_support_1101,8,31,17.992700817389476,78.25284170918748,0.2299303184957307,0
shared_support_1101,8,32,7.341360107104253,49.52273947016907,0.14824220521012282,0
shared_support_1101,8,33,14.241869140656227,82.41314719481295,0.17281064521162473,2
shared_support_1101,8,34,50.633531819018295,202.09645559352262,0.25054141434750204,0
shared_support_1101,8,35,11.010738064265045,111.89126995344006,0.09840569392810367,2
shared_support_1101,8,36,25.494047125590086,174.21269751226365,0.14633862795101626,1
shared_support_1101,8,37,10.823650514384864,58.205709233584955,0.18595513493270124,2
shared_support_1101,8,38,11.71488430587453,120.31063741294332,0.09737197439712188,0
shared_support_1101,8,39,14.735190019951117,56.788362983828996,0.25947552008405483,0
shared_support_1101,8,40,7.240651787086127,31.33448340876841,0.23107614996007741,2
shared_support_1101,8,41,13.131684474962702,46.29456403049826,0.28365499816159234,1
shared_support_1101,8,42,9.315689523706313,36.14271695123976,0.2577473502137135,2
shared_support_1101,8,43,8.968297312186195,67.69374508935559,0.13248339710482945,0
shared_support_1101,8,44,15.847262182460664,147.98419646095428,0.10708753070563162,2
shared_support_1101,8,45,12.751467805257452,37.36420537231931,0.3412749629811257,0
shared_support_1101,8,46,8.70318435237241,27.927232177997695,0.31163791301986465,0
shared_support_1101,8,47,13.10529526073523,24.527536353781784,0.5343094826853487,2
shared_support_1101,8,48,11.88620668007534,58.62348299265669,0.20275504069869463,3
shared_support_1101,8,49,16.67155391741184,102.77602997137599,0.1622124723250646,0
shared_support_1101,8,50,13.555530796368766,49.93631623918792,0.27145636316943533,2
shared_support_1101,8,51,15.335364089408689,52.87683054598564,0.29002048593044755,2
shared_support_1101,8,52,12.109764605559317,75.48087245189116,0.16043487856181912,2
shared_support_1101,8,53,22.921111028975087,325.0176281681664,0.07052267028764218,0
shared_support_1101,8,54,12.9074937463285,37.0282439726344,0.3485850896917429,2
shared_support_1101,8,55,23.789140149428217,52.756662121647025,0.4509220104671311,0
shared_support_1101,8,56,66.09667183550481,297.0552232910612,0.2225063444541483,0
shared_support_1101,8,57,11.332709307697817,95.33736063492789,0.11886955158213132,0
shared_support_1101,8,58,8.911718830858005,49.869283700901285,0.17870156075044935,0
shared_support_1101,8,59,6.1220314777364315,39.14784213569273,0.1563823481385381,0
shared_support_1101,8,60,33.729246573568105,219.54799780044715,0.15363039932719172,0
shared_support_1101,8,61,9.778088426207924,100.30930020252532,0.09747938034126329,2
shared_support_1101,8,62,6.4199186305683975,86.20818967582917,0.07446993904766333,1
shared_support_1101,8,63,16.727063427188845,61.919550550268525,0.2701418740694704,0
shared_support_1101,9,0,25.069736191134762,73.91875639547173,0.33915256984316006,0
shared_support_1101,9,1,13.432371311708748,56.85550481858331,0.23625454306613342,0
shared_support_1101,9,2,13.878872129905808,94.68469279251282,0.14657989291172183,0
shared_support_1101,9,3,11.059507562949523,28.944715232184432,0.3820907365726007,1
shared_support_1101,9,4,10.536372781390781,48.11640678038179,0.218976716808511,2
shared_support_1101,9,5,12.23333278682204,89.18741084951247,0.13716434494845425,2
shared_support_1101,9,6,35.96844251691363,191.22796455159389,0.18809195925530672,1
shared_support_1101,9,7,12.995347396602877,52.4976747086155,0.2475413905231537,0
shared_support_1101,9,8,16.931126120189855,79.63247199612478,0.21261585501218383,0
shared_support_1101,9,9,10.489049953507406,77.84210147649657,0.13474777472027064,3
shared_support_1101,9,10,27.226010979089377,86.23699210627521,0.3157115098070335,3
shared_support_1101,9,11,15.146190208545496,139.13567401151548,0.10885914281977699,2
shared_support_1101,9,12,13.120400567167287,160.708061131901,0.08164120999754164,0
shared_support_1101,9,13,11.324253267294841,82.5306280718046,0.137212735827508,0
shared_support_1101,9,14,28.012016333892806,111.32854037531115,0.2516157693207744,2
shared_support_1101,9,15,8.838830066355934,23.065485597190264,0.3832058956275623,0
shared_support_1101,9,16,49.57621520741052,204.65590216696785,0.24224180530578554,0
shared_support_1101,9,17,33.500631581737494,165.55452007409374,0.2023540738527968,2
shared_support_1101,9,18,10.38792277854466,38.08998735685045,0.2727205625253746,0
shared_support_1101,9,19,12.886267609167483,56.25988301353427,0.22904895849263449,2
shared_support_1101,9,20,9.0993974691534,120.26229187182874,0.07566293081168962,0
shared_support_1101,9,21,13.13350923765753,102.20055634294604,0.12850721862595824,1
shared_support_1101,9,22,13.063059192178818,70.4092047143147,0.18553056017579195,0
shared_support_1101,9,23,39.170788213119785,205.90691333324338,0.1902354203606806,2
shared_support_1101,9,24,16.138988808381995,46.80866769256554,0.3447863313346407,0
shared_support_1101,9,25,19.85192336652696,69.0537501533349,0.28748508694235236,0
shared_support_1101,9,26,25.41347182677711,83.29688010891256,0.3050951223328943,3
shared_support_1101,9,27,36.999067434561304,340.0633067653318,0.10880052830896375,2
shared_support_1101,9,28,22.562700552732572,61.55261818778806,0.36655955858607125,0
shared_support_1101,9,29,12.062568019604486,21.609441647516995,0.5582082228853201,0
shared_support_1101,9,30,19.345443280233336,103.47162548017653,0.18696375156433206,2
shared_support_1101,9,31,24.356102212275875,85.26130877120912,0.28566418418034417,0
shared_support_1101,9,32,16.183665433214014,42.591211237959556,0.3799766421949106,0
shared_support_1101,9,33,10.26036828555564,118.05752069402533,0.08690990819761385,1
shared_support_1101,9,34,15.273651220943108,58.0212791526859,0.26324223533145025,0
shared_support_1101,9,35,16.267517080620472,155.73206589199995,0.10445836563872453,1
shared_support_1101,9,36,15.8851538352255,101.53169419287984,0.15645512429890573,1
shared_support_1101,9,37,78.46471516829256,329.36599654167657,0.2382295561538453,2
shared_support_1101,9,38,24.715083345008964,118.50132168214147,0.20856377797458445,2
shared_support_1101,9,39,11.189195222170659,29.736038708136697,0.37628398765532106,0
shared_support_1101,9,40,27.166096704959536,74.45392316828512,0.36487125928283365,0
shared_support_1101,9,41,13.408721176933337,70.71761004461881,0.1896093655946969,3
shared_support_1101,9,42,7.393394433200249,82.45748852256237,0.08966310477886112,1
shared_support_1101,9,43,14.744378266285912,76.88580137934312,0.1917698456902249,0
shared_support_1101,9,44,20.88690906013024,147.79630428282474,0.14132226892602678,0
shared_support_1101,9,45,21.137847372855344,86.8749389874698,0.24331352193414615,0
shared_support_1101,9,46,12.977547465093389,57.716642374343834,0.22484931436105438,3
shared_support_1101,9,47,24.643188538895004,88.24207090516526,0.27926802132034406,2
shared_support_1101,9,48,20.18378806207143,42.71390998053884,0.47253431192010975,2
shared_support_1101,9,49,16.421382073531316,83.96585185725873,0.19557214879981843,0
shared_support_1101,9,50,14.935971273744522,31.38949183930925,0.47582711278683765,0
shared_support_1101,9,51,12.549319661104299,27.70688600007636,0.45293143592786694,0
shared_support_1101,9,52,13.249059700201895,35.931983820440315,0.3687260844380381,0
shared_support_1101,9,53,23.112452330348066,48.51145229172889,0.4764329089007442,0
shared_support_1101,9,54,18.30249979845866,48.93714854203461,0.3740001275868721,0
shared_support_1101,9,55,12.661228955991067,62.13330701223843,0.20377523046531512,2
shared_support_1101,9,56,37.982016506734574,139.37672099802455,0.2725133453761831,0
shared_support_1101,9,57,10.646068016404145,100.94932058880401,0.10545953112224184,2
shared_support_1101,9,58,9.6822777797914,71.98757891269138,0.13449928343241474,0
shared_support_1101,9,59,8.632659340055202,57.00927431056897,0.15142552583685126,0
shared_support_1101,9,60,8.517083682629114,41.47970917029101,0.2053313259180057,0
shared_support_1101,9,61,6.677879916719172,66.49214728146758,0.10043110637487869,0
shared_support_1101,9,62,8.279650111403903,62.05972211046181,0.133414231160538,0
shared_support_1101,9,63,19.481044068297027,292.2991134637027,0.06664763309559663,0
shared_support_1101,10,0,18.119760608087145,36.00619169451684,0.503240130525842,0
shared_support_1101,10,1,7.123555714371588,20.979198373203182,0.3395532845273314,0
shared_support_1101,10,2,16.739364780024406,32.48350164281605,0.5153189752782219,1
shared_support_1101,10,3,10.42794079374725,50.69069572862321,0.20571705800950307,3
shared_support_1101,10,4,13.027059498783059,42.23981399139248,0.3084071227547943,1
shared_support_1101,10,5,15.498717120422512,41.6548752680107,0.3720745055819412,1
shared_support_1101,10,6,14.14194729995582,33.44802260444275,0.42280368759609155,3
shared_support_1101,10,7,7.215916449804777,28.948875346444613,0.24926413767196687,0
shared_support_1101,10,8,19.87822417252345,115.07245505362077,0.17274528611786993,0
shared_support_1101,10,9,47.503909129253586,246.61267004955224,0.19262558213131772,1
shared_support_1101,10,10,9.859494680608984,73.77919904029369,0.1336351547436064,0
shared_support_1101,10,11,10.202826781833387,64.7215384543085,0.1576419075550295,0
shared_support_1101,10,12,9.631591718483056,77.75112494028517,0.12387720082352972,0
shared_support_1101,10,13,13.092879347791715,90.40051129678201,0.14483191698781667,0
shared_support_1101,10,14,12.29067227522836,137.1878162595494,0.08959011529110791,2
shared_support_1101,10,15,23.883464147261925,159.99438330054744,0.1492768911918435,2
shared_support_1101,10,16,19.607044028744582,76.13618607187944,0.2575259550069104,2
shared_support_1101,10,17,20.291026247260444,50.96685935819426,0.3981219659750945,0
shared_support_1101,10,18,11.679960233848586,19.130610369802135,0.6105377720872682,0
shared_support_1101,10,19,30.53615536528854,95.66785680216171,0.3191892908026194,2
shared_support_1101,10,20,17.14017204002513,72.56166946348468,0.23621523824848886,0
shared_support_1101,10,21,9.218333646618383,31.35420134251728,0.29400632935650745,1
shared_support_1101,10,22,22.102729273015584,75.46521371409969,0.29288632715931706,0
shared_support_1101,10,23,3.822618711801168,81.40715586140948,0.04695678987126063,1
shared_support_1101,10,24,13.067015849470318,40.755305115498004,0.3206212249531492,0
shared_support_1101,10,25,13.21834091675101,24.60037461712577,0.5373227490425673,0
shared_support_1101,10,26,12.300611306229316,66.347841768966,0.1853958015554153,0
shared_support_1101,10,27,23.37205520222327,84.84298684709798,0.27547421502668024,0
shared_support_1101,10,28,17.348348781680137,52.99094103169685,0.3273832931425603,0
shared_support_1101,10,29,6.49114830024015,82.70134024608582,0.07848903392526786,6
shared_support_1101,10,30,12.248174902019159,47.3993612957865,0.25840379632094207,2
shared_support_1101,10,31,56.62003019179273,230.7859857777876,0.24533565156035667,0
shared_support_1101,10,32,15.473863130757568,40.53300944184724,0.3817595422555026,0
shared_support_1101,10,33,18.949916025429165,49.67824813050505,0.38145298472779526,0
shared_support_1101,10,34,16.12974183677614,44.44718187399997,0.362896839725433,0
shared_support_1101,10,35,19.832846564207454,117.67097679266209,0.16854493015005056,0
shared_support_1101,10,36,9.16443496300406,21.91168460402461,0.4182441984091351,0
shared_support_1101,10,37,6.8208697833576055,18.123028448762142,0.3763647892868309,5
shared_support_1101,10,38,4.949868970833105,21.225900533353197,0.233199480184841,5
shared_support_1101,10,39,7.645411808213591,19.50042995024099,0.3920637559131925,0
shared_support_1101,10,40,10.182427285070025,59.68865815386731,0.1705923302685318,2
shared_support_1101,10,41,10.2198176366925,49.63434900978957,0.2059021190078832,2
shared_support_1101,10,42,9.76094654338833,67.10240817163984,0.1454634313335076,3
shared_support_1101,10,43,17.716070931219054,270.11464706529694,0.06558722795560364,0
shared_support_1101,10,44,39.982779486930504,227.87310181841264,0.17546072427096707,1
shared_support_1101,10,45,23.36466882922767,115.45933656338333,0.20236274973225093,0
shared_support_1101,10,46,7.1483659275442015,77.73798186346575,0.09195461158355199,1
shared_support_1101,10,47,22.774175869896908,64.62410401246309,0.35240992843018437,0
shared_support_1101,10,48,7.216837431028769,64.71215729498705,0.11152212710404917,0
shared_support_1101,10,49,21.437869302480784,79.25981511886809,0.2704758933682829,0
shared_support_1101,10,50,9.98994889439198,77.98142706518928,0.12810677196303155,2
shared_support_1101,10,51,13.494515781552167,107.13843759573618,0.1259540094514988,0
shared_support_1101,10,52,10.081575670705293,75.41345251182442,0.13368404886548002,2
shared_support_1101,10,53,29.237683363961747,171.6252078378301,0.17035774483424745,1
shared_support_1101,10,54,12.792022994447093,47.01044132785591,0.2721102511085599,0
shared_support_1101,10,55,15.743701051249984,50.21260981200524,0.3135407840818075,0
shared_support_1101,10,56,9.108065588348842,77.21703647069964,0.11795409413057362,0
shared_support_1101,10,57,21.647361958020845,90.99494374631637,0.2378963167269079,0
shared_support_1101,10,58,15.591275713657815,49.08103789621016,0.3176639366638518,0
shared_support_1101,10,59,18.305037761982465,95.14385338143201,0.19239327724721755,0
shared_support_1101,10,60,54.358125888854104,215.8924243070699,0.2517833873204324,2
shared_support_1101,10,61,18.467453961915254,120.96300817977622,0.15267026043589105,0
shared_support_1101,10,62,45.24375668409072,171.67413962167225,0.2635443916235542,2
shared_support_1101,10,63,20.440431042718664,218.70528173527075,0.09346107638799755,1
shared_support_1101,11,0,29.20131420997829,91.81174135953533,0.31805642478368606,0
shared_support_1101,11,1,15.060878302753688,33.12724417102974,0.4546372232171563,0
shared_support_1101,11,2,24.01986753371874,98.56935773246279,0.24368493501716354,0
shared_support_1101,11,3,16.960818712400677,80.17483625652501,0.21154790585581426,0
shared_support_1101,11,4,11.704029209501952,35.94197237322323,0.3256368094651771,2
shared_support_1101,11,5,6.270819077286968,30.573465730884923,0.20510658269769746,2
shared_support_1101,11,6,6.908501469485572,47.42664491939516,0.1456670924377435,1
shared_support_1101,11,7,18.04652986897355,60.847244639024915,0.2965874621937975,1
shared_support_1101,11,8,12.005067031610514,36.28887726126367,0.3308194669451856,0
shared_support_1101,11,9,16.716200287224584,63.003637299036505,0.26532119420159606,2
shared_support_1101,11,10,13.151534699141575,44.893011801976506,0.2929528265368587,2
shared_support_1101,11,11,24.000739776629484,63.65925860156255,0.37701883911102246,2
shared_support_1101,11,12,17.59607695384569,52.25648764932749,0.336725213373045,2
shared_support_1101,11,13,12.19941807108916,27.783979701696886,0.4390810172649273,0
shared_support_1101,11,14,20.151174997934373,57.735945984468884,0.3490230332998283,2
shared_support_1101,11,15,19.219434309735227,46.94895423779761,0.40936874147160596,2
shared_support_1101,11,16,12.291028002003742,71.60798254559091,0.1716432660866876,2
shared_support_1101,11,17,18.41118526861108,75.74028964427985,0.2430831114467695,2
shared_support_1101,11,18,6.890534258460492,48.4747315397212,0.1421469297424421,0
shared_support_1101,11,19,12.533324130926637,58.20313888051383,0.21533759814322903,2
shared_support_1101,11,20,26.793851551122504,248.88654261895016,0.10765488269948119,1
shared_support_1101,11,21,14.441353841971445,42.17172952557459,0.34244158360196353,0
shared_support_1101,11,22,14.15826410092862,90.63254686170453,0.15621611210520875,2
shared_support_1101,11,23,16.606815957141357,84.1834747960352,0.1972693096522489,0
shared_support_1101,11,24,15.979845159826342,62.78945502006893,0.25449886696291313,0
shared_support_1101,11,25,10.287597878566864,66.30364068467503,0.15515886868855858,0
shared_support_1101,11,26,14.85646047606513,84.33298862981383,0.17616428301004144,2
shared_support_1101,11,27,23.27072521200916,82.77521996962557,0.28113154178929844,2
shared_support_1101,11,28,16.16321616549406,65.17767074238682,0.24798701735413012,2
shared_support_1101,11,29,17.103242427031258,66.26202872384758,0.2581152849743013,2
shared_support_1101,11,30,17.995300014937555,97.48508444324366,0.1845954190603847,2
shared_support_1101,11,31,25.528930897113682,75.09095245478109,0.33997345968526516,2
shared_support_1101,11,32,14.82115367862562,49.0942817125443,0.3018916493249885,2
shared_support_1101,11,33,9.240971817789088,57.4990943763454,0.16071508461167588,3
shared_support_1101,11,34,13.342163794237749,45.284397877544194,0.29463047803609893,2
shared_support_1101,11,35,11.236929639332283,28.79369523042739,0.3902566012943623,2
shared_support_1101,11,36,6.237709294682337,67.23885382536365,0.09276941738006494,1
shared_support_1101,11,37,13.82902276547911,42.30718041387268,0.3268717657427372,0
shared_support_1101,11,38,17.88416263438295,58.31254458692686,0.30669494464819524,2
shared_support_1101,11,39,13.872005469679408,60.677053048654805,0.228620290088181,2
shared_support_1101,11,40,9.598979645209528,39.621457674010514,0.24226720087347842,2
shared_support_1101,11,41,25.42456550390167,280.1946106852172,0.09073895262198577,1
shared_support_1101,11,42,52.2364954065648,295.3510042959448,0.17686242689807577,1
shared_support_1101,11,43,14.040933871045883,79.7239738593061,0.17611934266880375,0
shared_support_1101,11,44,13.237915966202667,66.2823397303857,0.19972010674412013,0
shared_support_1101,11,45,12.706416948440188,80.02180973860115,0.15878692308942907,2
shared_support_1101,11,46,13.206710858327261,187.08705850021465,0.07059125823132287,2
shared_support_1101,11,47,20.504373353870417,137.70113372528238,0.14890489859565875,0
shared_support_1101,11,48,10.960439719895296,53.09538887091098,0.20642922018224674,0
shared_support_1101,11,49,9.343546227675771,51.64368821444252,0.18092329480571032,0
shared_support_1101,11,50,15.396221716218573,105.23433643198214,0.14630416495446683,1
shared_support_1101,11,51,7.779192865713349,21.170998130756658,0.36744573012889487,0
shared_support_1101,11,52,8.557186043566157,31.34267492581596,0.2730202850847895,0
shared_support_1101,11,53,6.907662029622574,55.21164320948334,0.1251124152094805,0
shared_support_1101,11,54,11.642488607901162,89.41562981433108,0.13020641505379368,3
shared_support_1101,11,55,19.155248206498783,116.72265478335223,0.16410908612430594,2
shared_support_1101,11,56,6.376994887643682,31.40445311618611,0.2030602113671875,2
shared_support_1101,11,57,4.895526341448862,80.46863053990982,0.06083769922020533,3
shared_support_1101,11,58,13.5175139510219,99.52124459847704,0.135825411002032,2
shared_support_1101,11,59,9.363035526624268,84.31827364526355,0.11104396617529921,3
shared_support_1101,11,60,26.086595675924723,173.68934756884371,0.15019110867225183,2
shared_support_1101,11,61,28.12780608117465,80.09702097128847,0.3511716882861015,0
shared_support_1101,11,62,97.02948827058935,249.33794505931476,0.3891485038408699,2
shared_support_1101,11,63,17.289913507205103,40.50478197878336,0.42686104362348276,0
shared_support_1101,12,0,20.36863882048863,52.6022258618218,0.38722009357539366,0
shared_support_1101,12,1,15.1279282829619,42.1996267351279,0.3584848837150751,0
shared_support_1101,12,2,28.140305001657612,101.421845961979,0.2774580243018535,3
shared_support_1101,12,3,10.96705675743705,22.721318730725407,0.482676947029778,0
shared_support_1101,12,4,24.186448404482416,71.37789630755273,0.33885067584883655,3
shared_support_1101,12,5,41.810768725418484,241.30454385818976,0.17326971161384305,3
shared_support_1101,12,6,13.800264163535262,28.11690674457155,0.490817296827989,0
shared_support_1101,12,7,14.004442815075155,39.945192755208986,0.350591444154414,0
shared_support_1101,12,8,10.319118947361414,51.21961860658133,0.20146809422035575,1
shared_support_1101,12,9,11.061117766240539,37.08277477402872,0.2982818258246225,0
shared_support_1101,12,10,28.36184301380335,149.30713556519387,0.18995638022550743,2
shared_support_1101,12,11,9.65618910389137,55.57686776200454,0.17374475195762798,5
shared_support_1101,12,12,22.187022579867783,161.89746051684276,0.13704367263722206,2
shared_support_1101,12,13,15.783380823649196,45.12072138905335,0.34980337941756334,1
shared_support_1101,12,14,10.385103287208372,89.90725452016963,0.11550906923621604,1
shared_support_1101,12,15,8.78019856096679,50.22012768784631,0.1748342540174718,0
shared_support_1101,12,16,8.43894672694586,42.94450943320789,0.19650816456690592,1
shared_support_1101,12,17,9.425147886487185,37.590049486923725,0.2507351816540137,2
shared_support_1101,12,18,17.90983436277107,79.61644719408126,0.22495143897984055,0
shared_support_1101,12,19,21.55783976187682,127.36456279631948,0.16926089399256186,2
shared_support_1101,12,20,7.489323417818089,49.448539277847225,0.1514569191970708,2
shared_support_1101,12,21,4.2407819662341275,56.83534204795587,0.07461522731148322,5
shared_support_1101,12,22,9.059690749568169,80.40541885502066,0.11267512660936119,3
shared_support_1101,12,23,17.103879528854637,80.44414378115103,0.2126180816267482,0
shared_support_1101,12,24,4.577468172458608,49.930837372854626,0.09167617475102054,5
shared_support_1101,12,25,7.3868190438633405,58.86008064832754,0.1254979429606546,3
shared_support_1101,12,26,8.905541140211538,44.903199027045886,0.1983275430965975,0
shared_support_1101,12,27,10.9534249296942,31.744263442992445,0.3450521052209883,2
shared_support_1101,12,28,13.507990200690385,82.66761750927482,0.16340122780452537,3
shared_support_1101,12,29,16.814030435560277,51.14626863517019,0.3287440293151373,0
shared_support_1101,12,30,10.799598338747133,40.942773151376954,0.26377300577120116,2
shared_support_1101,12,31,12.710515419188333,73.66236182904868,0.17255101660582317,2
shared_support_1101,12,32,13.57303540563093,64.80991042599585,0.2094283932259018,2
shared_support_1101,12,33,9.605730179546825,58.884795423691834,0.16312751212653503,0
shared_support_1101,12,34,34.71491065714772,176.55337278262064,0.19662558754904141,0
shared_support_1101,12,35,11.952227098610374,41.21106340927961,0.2900247193310488,1
shared_support_1101,12,36,7.500472199784962,38.4072098041138,0.1952881304848546,0
shared_support_1101,12,37,7.681296109504667,50.70344741058715,0.15149455316722255,0
shared_support_1101,12,38,6.917646768369269,58.70568505233424,0.11783606242227491,0
shared_support_1101,12,39,14.113620376740846,48.47610006692224,0.29114595351640715,2
shared_support_1101,12,40,10.433264650010434,59.559095192656486,0.17517500251240947,2
shared_support_1101,12,41,33.236959687428026,185.05702911789206,0.17960387587468593,0
shared_support_1101,12,42,5.882198736606889,22.907695677923062,0.25677828181888096,3
shared_support_1101,12,43,7.384903983326506,38.79833699212572,0.19034073508937516,0
shared_support_1101,12,44,9.65525079027791,45.35154537758063,0.21289794448881003,2
shared_support_1101,12,45,9.069031496583213,47.8829619419241,0.18939996877350207,0
shared_support_1101,12,46,10.975535243232093,58.56459955720997,0.1874090376475712,0
shared_support_1101,12,47,8.824970571558707,35.36534655071634,0.24953722873613277,0
shared_support_1101,12,48,4.7289560292089226,17.10884846974011,0.27640410969638785,1
shared_support_1101,12,49,7.756827475894717,63.94234982596698,0.12130970314676597,3
shared_support_1101,12,50,27.377817197566234,182.26976434562542,0.15020493001599317,1
shared_support_1101,12,51,12.733094628095596,39.067159071597644,0.32592834827738293,0
shared_support_1101,12,52,10.226822997155574,47.54957682529417,0.2150770559900205,2
shared_support_1101,12,53,7.1403025354523,90.7220967565562,0.07870521946392617,0
shared_support_1101,12,54,12.311871036210771,69.85602006525659,0.1762463854183152,0
shared_support_1101,12,55,7.014759975360119,27.36138840617953,0.2563744160649335,2
shared_support_1101,12,56,10.661253927000175,44.32990035459446,0.24049803499942263,2
shared_support_1101,12,57,8.067659365484888,52.14157734717555,0.15472603200643112,1
shared_support_1101,12,58,8.740024275654893,54.18627135443079,0.16129591605384055,1
shared_support_1101,12,59,10.868037137734484,47.24059229521418,0.23005717349643598,2
shared_support_1101,12,60,13.749098380465968,40.382961034331274,0.34046781187682784,2
shared_support_1101,12,61,13.521957424938606,36.3970057920613,0.37151290691851185,2
shared_support_1101,12,62,18.54220450322922,49.33270327780116,0.3758602969477427,0
shared_support_1101,12,63,17.567519606986423,78.89400668386868,0.22267242272762428,0
shared_support_1101,13,0,17.92279099019172,34.324776534742,0.5221531732930897,0
shared_support_1101,13,1,15.874460240856594,28.121062331704387,0.5645042869863182,0
shared_support_1101,13,2,7.973703249476563,43.100422252261,0.18500290328497354,3
shared_support_1101,13,3,23.809719867861578,94.74314101230013,0.25130811173729667,3
shared_support_1101,13,4,15.327754604199523,44.340270345355314,0.34568473500083474,0
shared_support_1101,13,5,38.05971746736589,182.64751487996634,0.2083779650239329,3
shared_support_1101,13,6,21.95958370161536,58.88277955463334,0.3729372809454512,0
shared_support_1101,13,7,40.91164686556725,98.75273079924015,0.41428370167037487,3
shared_support_1101,13,8,23.623128359502726,93.38170989581934,0.25297382523684464,3
shared_support_1101,13,9,84.0613026373207,106.89086534504366,0.7864217617283839,1
shared_support_1101,13,10,20.120194520957728,101.82372393612441,0.19759829775602625,3
shared_support_1101,13,11,49.46385587036906,291.77843944213987,0.16952539730125543,0
shared_support_1101,13,12,23.838480970300324,149.2967651289241,0.15967178491586728,0
shared_support_1101,13,13,22.407472781319157,112.1599071519464,0.19978148475963947,0
shared_support_1101,13,14,23.579710514798045,126.74485606005501,0.18604076920980023,2
shared_support_1101,13,15,28.104582467034035,91.50656070345632,0.30713188487229953,0
shared_support_1101,13,16,24.206697063007727,117.67256401311093,0.20571232781424434,3
shared_support_1101,13,17,8.966360704662264,85.40576449426425,0.1049854275968039,3
shared_support_1101,13,18,13.385431459086853,100.39704946801207,0.13332494859175759,3
shared_support_1101,13,19,17.17591313028181,75.15095988561896,0.2285521456601997,3
shared_support_1101,13,20,12.828286733858738,102.96056210280297,0.12459417928439519,2
shared_support_1101,13,21,22.79963838588962,75.124036747418,0.30349325426356616,2
shared_support_1101,13,22,25.05832436272266,92.75128721780563,0.2701668636024296,2
shared_support_1101,13,23,16.677968543206543,95.87499811290486,0.17395534676898913,0
shared_support_1101,13,24,18.614583136324242,44.46001077059558,0.41868148058648985,2
shared_support_1101,13,25,9.800182954727925,20.220612716946817,0.4846630066018934,0
shared_support_1101,13,26,8.174136860486785,28.90865684642641,0.2827574073714616,1
shared_support_1101,13,27,15.369744937729795,62.16180736901135,0.24725382977509527,2
shared_support_1101,13,28,15.429753342772143,69.45539413187579,0.2221534199845657,2
shared_support_1101,13,29,18.248750524383873,84.550388722471,0.21583284003913625,2
shared_support_1101,13,30,22.63562335030856,86.37709914273807,0.26205584089948675,2
shared_support_1101,13,31,11.164242890556057,49.68163086828414,0.224715708712435,0
shared_support_1101,13,32,17.782851078580386,73.55630510677945,0.24175835168399992,2
shared_support_1101,13,33,14.47795129002664,59.36890342302601,0.24386421940229772,2
shared_support_1101,13,34,12.802858909573397,43.305554574508605,0.29564010980498273,2
shared_support_1101,13,35,11.730588798909235,49.3569784640204,0.23766829258927274,2
shared_support_1101,13,36,15.467949742573717,72.30646743215313,0.21392207767704405,2
shared_support_1101,13,37,37.43780646768242,241.32795240395396,0.15513249126241305,1
shared_support_1101,13,38,29.559225241552017,141.0473468170124,0.20956952334523982,2
shared_support_1101,13,39,33.53136393635182,145.86880369771373,0.22987344165678775,0
shared_support_1101,13,40,29.167169796372885,121.41522865896023,0.24022661834537837,3
shared_support_1101,13,41,14.416860696188673,125.00424492660211,0.11533096899752263,0
shared_support_1101,13,42,10.782051398060023,114.25336106446471,0.09436966490619483,0
shared_support_1101,13,43,21.125929927676232,85.92633799630362,0.24586093647543816,3
shared_support_1101,13,44,15.499030065104186,67.00474611701286,0.23131242133262708,2
shared_support_1101,13,45,23.18487260684727,52.49234182308106,0.44168104911358336,2
shared_support_1101,13,46,16.10246861928868,76.85088121615294,0.20952874403610838,0
shared_support_1101,13,47,26.51136697623415,100.22762527962142,0.26451157455113844,2
shared_support_1101,13,48,17.12983499606479,91.73719433039979,0.18672726063945386,2
shared_support_1101,13,49,19.21604485190036,71.95587268596384,0.26705318321639593,2
shared_support_1101,13,50,39.295344209665956,95.73723998678335,0.41044993792479006,2
shared_support_1101,13,51,35.501286801826964,71.61908588572652,0.4956958939474857,3
shared_support_1101,13,52,69.41067355265953,100.2182506949152,0.6925951418166316,3
shared_support_1101,13,53,32.366238774698026,74.21751022594198,0.4360997650846112,3
shared_support_1101,13,54,18.70994761887555,73.50148934081918,0.25455195243894124,3
shared_support_1101,13,55,34.61624490409445,82.09709315626493,0.42165006790441817,2
shared_support_1101,13,56,39.888652003911595,78.58118554716454,0.5076107178348738,3
shared_support_1101,13,57,33.19333894680203,66.91387060345603,0.4960606619741353,3
shared_support_1101,13,58,26.20183141396182,56.02494377760149,0.46768152981952993,2
shared_support_1101,13,59,18.293138074126833,52.58291438113505,0.3478912930069503,2
shared_support_1101,13,60,26.577288671860277,124.75268900606667,0.21303980606436335,3
shared_support_1101,13,61,22.892259198846507,64.44481299129646,0.35522268024795417,2
shared_support_1101,13,62,23.367587951271712,96.21144531806216,0.2428774235125727,2
shared_support_1101,13,63,21.00923470168288,84.89801050467817,0.24746439376839344,2
shared_support_1101,14,0,11.44092628869148,34.41867324379698,0.3324046283728671,0
shared_support_1101,14,1,12.65367869484282,56.506185554447825,0.22393439887479363,2
shared_support_1101,14,2,20.829869963450204,58.28796050253191,0.3573614479536541,2
shared_support_1101,14,3,21.577178269845334,54.47734531218412,0.3960761697582113,2
shared_support_1101,14,4,7.855860521165987,35.00046266134445,0.22445019076397044,2
shared_support_1101,14,5,17.064919283105432,46.09626034989738,0.3702018157996503,2
shared_support_1101,14,6,10.985868128394461,24.5950478578945,0.4466699228181508,2
shared_support_1101,14,7,17.25294527448437,41.73618243409572,0.41338101063095434,2
shared_support_1101,14,8,18.01865976987105,54.26990876238817,0.33201934885799744,2
shared_support_1101,14,9,16.661865108853295,50.65339047198142,0.3289387927165447,2
shared_support_1101,14,10,16.732575486861148,49.96725368670579,0.3348708254364796,2
shared_support_1101,14,11,23.270794255668097,65.89007203552532,0.35317603300116907,2
shared_support_1101,14,12,14.41648490145186,35.03915999313479,0.41143922697566027,2
shared_support_1101,14,13,12.674030744435711,45.46824064899368,0.2787446921968426,2
shared_support_1101,14,14,45.18917050544003,210.81060992812434,0.2143590899947931,1
shared_support_1101,14,15,49.98685647328946,263.89692264367784,0.18941811057335947,1
shared_support_1101,14,16,16.960068971617083,67.5438321933813,0.2510972271022404,2
shared_support_1101,14,17,15.2226307578475,26.99438799987143,0.5639183506556994,2
shared_support_1101,14,18,12.628108911018273,45.523959990703425,0.27739478098120407,0
shared_support_1101,14,19,34.441502565323844,67.51749743267598,0.5101122505268602,2
shared_support_1101,14,20,10.41225285945099,20.70951364140384,0.5027763104312658,0
shared_support_1101,14,21,12.583190342476655,59.99875235146619,0.20972420007612308,2
shared_support_1101,14,22,32.51131540332415,67.22656419887814,0.48360816577127247,0
shared_support_1101,14,23,31.839174617447856,63.877424613104544,0.49844173916360435,2
shared_support_1101,14,24,30.855092257853233,70.58641777581832,0.437125062159248,2
shared_support_1101,14,25,22.96331974053546,45.61408845654438,0.5034260360680484,2
shared_support_1101,14,26,26.630234030963532,71.79721115275423,0.3709090311921115,2
shared_support_1101,14,27,7.550969153341578,21.978427935544637,0.3435627505063619,2
shared_support_1101,14,28,11.310378760310298,36.64947123110451,0.30860960282316835,0
shared_support_1101,14,29,25.001464790515126,55.520832257026235,0.45030781733916025,2
shared_support_1101,14,30,11.258103021170122,40.65412008418731,0.27692403618271977,2
shared_support_1101,14,31,20.899438355801937,69.64921021001787,0.3000671262858901,2
shared_support_1101,14,32,10.47034704957618,40.60269453249927,0.2578732069418567,2
shared_support_1101,14,33,21.96093512788307,45.500761784413584,0.48264983412664203,2
shared_support_1101,14,34,8.545453746254154,33.59094728567511,0.25439752185549025,0
shared_support_1101,14,35,37.24222264372884,258.38380918401,0.14413527984335314,1
shared_support_1101,14,36,34.55883482161348,85.82846729615882,0.4026500287179209,2
shared_support_1101,14,37,16.47568079895961,54.171170325079174,0.3041411270993346,0
shared_support_1101,14,38,24.589612914100815,70.38557729488167,0.3493558461711862,2
shared_support_1101,14,39,21.054933088520535,68.27400900356287,0.308388703048356,2
shared_support_1101,14,40,17.819675300078607,52.84341048041955,0.3372166016173665,2
shared_support_1101,14,41,20.339377698571273,44.025458279970216,0.46199127716575883,0
shared_support_1101,14,42,33.04248260916989,69.22337908236553,0.47733125783782165,2
shared_support_1101,14,43,32.729294159598474,72.17819524544112,0.4534512680498991,2
shared_support_1101,14,44,12.267953608038821,33.94688803291659,0.3613866931231871,0
shared_support_1101,14,45,17.09259104783576,40.60322343904655,0.42096635685822115,2
shared_support_1101,14,46,15.948685959994112,65.0571493040055,0.24514885958909002,2
shared_support_1101,14,47,19.022284713342696,52.38678097865962,0.36311230348533247,2
shared_support_1101,14,48,23.709261430289498,59.10727810058402,0.40112253841131007,2
shared_support_1101,14,49,14.403810474273575,44.615162702647254,0.32284563367554237,2
shared_support_1101,14,50,17.977219628259615,63.758065906137276,0.2819599273090426,2
shared_support_1101,14,51,23.98914421890202,67.40898144794076,0.35587459866054466,2
shared_support_1101,14,52,12.711963686563985,61.966690756376636,0.20514188399282673,2
shared_support_1101,14,53,19.791729251896243,60.30243275496933,0.32820780767365093,2
shared_support_1101,14,54,21.46381611975884,59.01069316029238,0.36372757156836105,0
shared_support_1101,14,55,27.817570536348672,90.80907001761878,0.3063303096370385,2
shared_support_1101,14,56,32.07967273911947,83.44501180121406,0.3844408676643357,2
shared_support_1101,14,57,16.475366705043477,57.5576979112498,0.2862408904964791,2
shared_support_1101,14,58,26.49391544278239,55.8440903102957,0.47442648444212976,0
shared_support_1101,14,59,24.721491339762018,62.15432802837769,0.3977436829254267,2
shared_support_1101,14,60,14.772944452105627,58.535510048589664,0.25237577053386523,2
shared_support_1101,14,61,15.023865018426084,45.93461284694566,0.32707067910827226,2
shared_support_1101,14,62,11.607676183366513,62.00846296184678,0.18719503159606787,2
shared_support_1101,14,63,24.823495188315434,66.45225375806535,0.3735538493350587,0
shared_support_1101,15,0,30.228289608220276,100.41865921394296,0.3010226370760299,0
shared_support_1101,15,1,57.82191653477232,313.28583089863486,0.18456601235017514,1
shared_support_1101,15,2,11.47714053485791,35.91526736236572,0.3195616064627819,0
shared_support_1101,15,3,20.943662272047945,72.65516030071007,0.2882611804222151,0
shared_support_1101,15,4,22.09182254804318,68.44580457375662,0.32276372066365616,0
shared_support_1101,15,5,17.646169122515296,54.93470126782982,0.32122080789122315,0
shared_support_1101,15,6,18.306619753443865,36.70016251407408,0.4988157680888604,0
shared_support_1101,15,7,12.331271957147038,79.64488465507056,0.15482817271381374,2
shared_support_1101,15,8,14.161012132561746,74.53981471514682,0.18997917001374254,2
shared_support_1101,15,9,16.747759709596025,66.12484162296892,0.2532748555389897,2
shared_support_1101,15,10,15.37609159548453,92.05926949149686,0.16702382802314933,0
shared_support_1101,15,11,10.396060778910808,76.17485292751252,0.13647628291194247,2
shared_support_1101,15,12,8.6656951876351,20.514501070502284,0.4224180328760453,2
shared_support_1101,15,13,19.022003965786435,53.18098332972647,0.3576843220037592,2
shared_support_1101,15,14,13.344556499313484,63.4570354586327,0.210292781609893,2
shared_support_1101,15,15,13.764506775268664,57.58481059457399,0.23903016495404858,2
shared_support_1101,15,16,19.721182417262415,98.22598829972893,0.2007735708098428,0
shared_support_1101,15,17,25.143222671536446,119.56034886284311,0.2102973344480633,2
shared_support_1101,15,18,27.4149711485527,134.02361245495345,0.20455329211311266,2
shared_support_1101,15,19,19.185869841072535,72.23119793696124,0.26561749478136487,2
shared_support_1101,15,20,16.09453616376086,91.39171657346078,0.17610497720353083,2
shared_support_1101,15,21,28.347671093262882,97.88231905238437,0.2896097208127226,2
shared_support_1101,15,22,14.3714875563014,43.822739493587264,0.327945895723941,2
shared_support_1101,15,23,22.544789394329623,56.077905532957395,0.40202623796425285,0
shared_support_1101,15,24,18.657105351746015,56.145577265162395,0.33229875371363415,0
shared_support_1101,15,25,14.78810143135304,38.27195281659238,0.3863952671090727,2
shared_support_1101,15,26,28.495749023617254,59.23951898030717,0.4810260028122446,0
shared_support_1101,15,27,21.581750727376487,67.71499476539549,0.3187145004167592,2
shared_support_1101,15,28,23.175580960562623,79.29217030056037,0.2922808251144418,1
shared_support_1101,15,29,38.4801901342714,234.29005328306746,0.16424167221380043,1
shared_support_1101,15,30,13.402818814233472,34.49568731214081,0.38853607098636733,1
shared_support_1101,15,31,6.164135644419461,55.21337233061218,0.11164207843544187,2
shared_support_1101,15,32,5.576831660164025,83.6485623581787,0.06666978490657531,0
shared_support_1101,15,33,10.24732269360857,50.370559730600505,0.20343872985360617,2
shared_support_1101,15,34,9.616079451793249,68.05365739960862,0.1413014350621595,3
shared_support_1101,15,35,10.483533729404668,129.8050854528683,0.08076365955023539,0
shared_support_1101,15,36,14.100806174549696,130.60574524305298,0.10796466991791641,2
shared_support_1101,15,37,14.928306935793325,32.889513687310995,0.4538926016882022,0
shared_support_1101,15,38,28.52055166149345,93.80817517781561,0.3040305560515602,3
shared_support_1101,15,39,8.32029404247368,48.0951747897365,0.17299644047138862,0
shared_support_1101,15,40,21.878265864767464,52.62901367413315,0.4157073130846171,2
shared_support_1101,15,41,5.924431160709714,31.4615971160557,0.18830675184275109,1
shared_support_1101,15,42,12.639927846062905,115.03028248531034,0.10988348087971579,3
shared_support_1101,15,43,16.840655827654064,118.12846447754922,0.1425622173464779,3
shared_support_1101,15,44,27.591860324084145,97.3093155782334,0.28354798469321496,3
shared_support_1101,15,45,15.48510064651889,51.42462502718558,0.3011222860318905,2
shared_support_1101,15,46,17.48482723176902,135.08360773795775,0.12943707622679876,2
shared_support_1101,15,47,19.901315525662856,128.64914580585034,0.15469450186398237,2
shared_support_1101,15,48,13.623787327684655,37.35807322712501,0.3646812094632512,1
shared_support_1101,15,49,8.528052731130252,20.874429351353086,0.40854064020569075,3
shared_support_1101,15,50,21.94304706766265,92.2485593576033,0.2378687235927448,0
shared_support_1101,15,51,25.662492800248458,56.20635025539278,0.45657639543649686,0
shared_support_1101,15,52,27.584845715896783,75.22175262263039,0.3667136799415374,3
shared_support_1101,15,53,32.81142342529073,93.63102323174343,0.35043324629786565,3
shared_support_1101,15,54,31.625706051915422,116.41953846408587,0.27165290697035016,3
shared_support_1101,15,55,9.635122287649304,59.884513565558024,0.16089505807041987,3
shared_support_1101,15,56,18.77112562600294,119.55560592481915,0.1570074902034029,3
shared_support_1101,15,57,11.344252268964613,83.11685425219044,0.13648558250946619,3
shared_support_1101,15,58,10.677570310402912,58.281128383355245,0.18320802301851732,2
shared_support_1101,15,59,8.132110431098644,72.84636893476102,0.11163371009447998,0
shared_support_1101,15,60,13.734048854208414,49.735069817021106,0.27614415551716254,0
shared_support_1101,15,61,35.32469089347953,210.2234739684729,0.16803399842387323,1
shared_support_1101,15,62,11.905035659500797,100.91714534027535,0.11796841477589415,1
shared_support_1101,15,63,17.18744534078509,89.92331406126291,0.19113447408172296,2
shared_support_1101,16,0,20.94778478431653,65.35998832672504,0.32049860045264406,0
shared_support_1101,16,1,21.105650696563245,77.45866424410586,0.27247630594364736,0
shared_support_1101,16,2,14.061011220195367,38.07798765843977,0.3692687582737536,2
shared_support_1101,16,3,23.11182291886037,83.64861863477847,0.2762965282160822,2
shared_support_1101,16,4,30.369142778226255,186.48729108096262,0.162848323884128,3
shared_support_1101,16,5,29.42370984740059,87.13093430262623,0.3376953326955628,2
shared_support_1101,16,6,23.67345493496822,84.91325188603358,0.27879576401975015,2
shared_support_1101,16,7,14.077713014099801,65.50291919131422,0.21491733785150946,2
shared_support_1101,16,8,22.70874372280657,65.95367187152188,0.3443135625116268,2
shared_support_1101,16,9,21.35623005240667,58.34037318872953,0.36606262327667743,2
shared_support_1101,16,10,17.46525617206953,72.63764065303465,0.2404436049278518,2
shared_support_1101,16,11,21.81470452867294,83.43224090024091,0.26146612260788443,2
shared_support_1101,16,12,20.26980759393989,56.64153380850443,0.35786120592123666,2
shared_support_1101,16,13,17.124263987578832,97.9500758273935,0.17482644952470494,0
shared_support_1101,16,14,26.078694536048715,96.35611000703076,0.27064910086289123,2
shared_support_1101,16,15,23.61172654774729,67.05390683655031,0.3521305120267326,2
shared_support_1101,16,16,25.93869492381657,88.28517333395654,0.2938057880421009,2
shared_support_1101,16,17,36.614364822481214,226.85007077951545,0.16140336521238366,1
shared_support_1101,16,18,37.54065744505903,102.21152319626215,0.36728400351665913,2
shared_support_1101,16,19,27.13000652985233,73.06631763349165,0.37130660759365625,2
shared_support_1101,16,20,13.799964924124858,40.9828349024289,0.3367254841442651,2
shared_support_1101,16,21,11.113319561031624,66.4759410071546,0.16717807063213339,2
shared_support_1101,16,22,26.802163889950116,80.58981748729273,0.33257506625047556,2
shared_support_1101,16,23,25.139301192557905,71.47185919726316,0.3517370539245823,2
shared_support_1101,16,24,16.5297434029004,57.06295457386993,0.2896755614275473,2
shared_support_1101,16,25,8.038005682924384,16.75751602377605,0.4796657017376459,0
shared_support_1101,16,26,20.965086132290857,74.7382150812936,0.28051360484709054,2
shared_support_1101,16,27,8.748731351527635,70.7486651045655,0.12365931341032564,3
shared_support_1101,16,28,22.905598925387896,79.59037662277828,0.287793573762691,2
shared_support_1101,16,29,22.323127277932723,52.32733437948566,0.42660547384359504,2
shared_support_1101,16,30,21.704320144076956,76.98020576767206,0.2819467670634847,2
shared_support_1101,16,31,11.35646517554612,22.159015100174187,0.5124986432928984,0
shared_support_1101,16,32,10.971592724772835,50.0588379626872,0.2191739395339306,2
shared_support_1101,16,33,12.266096699516522,26.74138094318076,0.45869346559099305,2
shared_support_1101,16,34,15.019841312616768,57.59648183420071,0.26077706197148326,2
shared_support_1101,16,35,12.280913764394183,29.052000085177895,0.42272179982058483,2
shared_support_1101,16,36,17.981264008271474,248.0235738050205,0.07249820544238725,0
shared_support_1101,16,37,33.91113444178404,104.4046499611818,0.3248048286584207,2
shared_support_1101,16,38,36.385480311531424,105.12320481252954,0.34612225128047724,2
shared_support_1101,16,39,11.235619685062833,35.03760193783236,0.32067319290282276,0
shared_support_1101,16,40,20.143658385192662,78.21756907708975,0.25753367974578006,0
shared_support_1101,16,41,27.13500976469241,90.64010506108166,0.2993708992990061,2
shared_support_1101,16,42,38.293383041016355,101.48748069335474,0.3773212496694063,2
shared_support_1101,16,43,14.090593722633113,72.05738676573169,0.19554683225529032,0
shared_support_1101,16,44,14.444817367032577,101.65017225044484,0.14210322567327832,2
shared_support_1101,16,45,23.43330410539614,91.23433596361788,0.2568474232633292,2
shared_support_1101,16,46,19.507146537483298,66.55573677715674,0.29309489282340184,2
shared_support_1101,16,47,21.642226167842907,60.257300176903335,0.3591635553585321,2
shared_support_1101,16,48,20.36739735206308,61.60365875356728,0.33061993011711605,3
shared_support_1101,16,49,8.108596391025308,56.17114121344133,0.14435520119155035,2
shared_support_1101,16,50,8.545423206528286,40.88516434914775,0.20901036702586753,2
shared_support_1101,16,51,9.005815642795042,126.92134640479942,0.0709558785649196,1
shared_support_1101,16,52,21.584002151046473,97.30017458404113,0.22182901771058705,2
shared_support_1101,16,53,22.831131088196535,74.90178695248512,0.3048142376453548,2
shared_support_1101,16,54,13.4808786640983,70.70573086627401,0.19066175398985313,2
shared_support_1101,16,55,23.94190022147677,77.50256380299523,0.3089175253909664,2
shared_support_1101,16,56,15.091519679260335,58.39967767296837,0.2584178591493458,2
shared_support_1101,16,57,20.12555681997184,56.751650289934105,0.35462504997042277,2
shared_support_1101,16,58,17.851752059637395,61.55943872982463,0.28999211864140156,2
shared_support_1101,16,59,19.143049853860955,88.971344510775,0.21515972315718584,0
shared_support_1101,16,60,32.66701604643015,93.0030760911696,0.3512466191377061,2
shared_support_1101,16,61,22.27486435387556,56.021094882311765,0.3976156553289479,2
shared_support_1101,16,62,21.98608835652363,75.55656678202484,0.29098845134072704,2
shared_support_1101,16,63,16.40871100302781,57.971358218719786,0.2830485865299116,2
shared_support_1101,17,0,14.336735123025218,38.301162087304,0.3743159304238848,0
shared_support_1101,17,1,19.11136432450199,60.79604547190047,0.3143520960312318,0
shared_support_1101,17,2,15.465518098415787,29.71601798689781,0.5204438261288824,0
shared_support_1101,17,3,18.860103659674177,85.37379984950388,0.22091207950121217,0
shared_support_1101,17,4,18.205720084608885,63.17241978689868,0.2881909565285414,0
shared_support_1101,17,5,5.947600860648136,18.977631413185343,0.31340058889097416,1
shared_support_1101,17,6,12.973151786869987,75.29725851142506,0.17229248505643185,2
shared_support_1101,17,7,30.423019865466365,259.36933330953786,0.11729613319072987,1
shared_support_1101,17,8,7.143823937938363,39.7599908438446,0.1796736816664616,0
shared_support_1101,17,9,19.015580959374745,91.98810331883429,0.2067178284290308,0
shared_support_1101,17,10,15.332031303952439,51.84772654800088,0.2957127018820771,2
shared_support_1101,17,11,21.90951851661807,69.83021963020306,0.31375411150993626,2
shared_support_1101,17,12,8.545547766778707,70.77538084083312,0.1207418125519777,0
shared_support_1101,17,13,12.189438595765733,101.77515049770308,0.11976831806346315,0
shared_support_1101,17,14,20.768049419556657,116.55623201942018,0.1781805147587163,2
shared_support_1101,17,15,10.768234096474831,71.73607978753853,0.15010904036528366,2
shared_support_1101,17,16,17.096609845340566,108.8273942523359,0.1570984030518915,0
shared_support_1101,17,17,12.353048950958645,90.89238192359768,0.13590851828861047,0
shared_support_1101,17,18,9.10606835399965,24.23504837487647,0.3757396400924685,2
shared_support_1101,17,19,18.772500705347372,63.16486034772634,0.29719848349230304,2
shared_support_1101,17,20,21.06018452160144,72.09575021243185,0.29211409076883316,0
shared_support_1101,17,21,8.779679395789001,30.700776735161295,0.2859758067858173,2
shared_support_1101,17,22,13.990478739758563,45.8416691403539,0.30519130306804,2
shared_support_1101,17,23,28.036540131891282,108.00337781218623,0.2595894748833297,2
shared_support_1101,17,24,10.041684598250606,52.325964593393174,0.19190634470441273,2
shared_support_1101,17,25,21.50990938163853,102.40964439685622,0.21003792668475316,2
shared_support_1101,17,26,28.743333543572867,164.08063324023047,0.1751780997912761,2
shared_support_1101,17,27,23.982833705565564,83.17903187549781,0.288327877408612,2
shared_support_1101,17,28,22.34183350447055,59.98131030124874,0.37247991736528335,2
shared_support_1101,17,29,4.787284858765852,12.527308076436414,0.3821479307091224,1
shared_support_1101,17,30,5.041179306474704,13.573782284141853,0.3713909064509069,0
shared_support_1101,17,31,12.22406404441415,32.368201547191106,0.3776565721945385,0
shared_support_1101,17,32,15.691528660237287,46.54900323593124,0.337096985314714,3
shared_support_1101,17,33,14.87129734622602,48.41012365130153,0.30719395499470487,2
shared_support_1101,17,34,20.734895099847346,77.15096761692836,0.26875742120047924,2
shared_support_1101,17,35,31.59295929187887,263.10598856147413,0.12007692969898799,1
shared_support_1101,17,36,42.72918643579546,271.6363620461429,0.15730289609951797,1
shared_support_1101,17,37,31.35463459517974,126.66001997426491,0.2475495787980331,0
shared_support_1101,17,38,14.154245396724557,39.357589500845755,0.3596319179156131,1
shared_support_1101,17,39,10.182323903800086,21.940556743060174,0.4640868517167764,3
shared_support_1101,17,40,22.2775695251307,80.09183782107164,0.2781503100840273,0
shared_support_1101,17,41,23.436444343365455,48.82192535712319,0.48003933011515376,0
shared_support_1101,17,42,30.691249519913747,77.42065735784334,0.3964219701475381,3
shared_support_1101,17,43,32.452150878491445,82.8638784931546,0.3916320532977746,3
shared_support_1101,17,44,29.432629940038428,103.4760782558549,0.2844389779371356,3
shared_support_1101,17,45,12.185907771506427,92.62065703686552,0.13156792622034744,2
shared_support_1101,17,46,13.383723650993717,83.23385161937274,0.1607966397157409,2
shared_support_1101,17,47,16.275675604300268,62.314503768347244,0.2611859939510186,2
shared_support_1101,17,48,35.87255988318976,79.38087518905967,0.4519043131957525,2
shared_support_1101,17,49,35.41454927436715,82.09375386171389,0.4313915201639165,1
shared_support_1101,17,50,35.98770487050571,65.1235475783585,0.5526066408959721,3
shared_support_1101,17,51,82.07952063909097,108.44578826559261,0.7568714465708111,1
shared_support_1101,17,52,21.66409227387062,50.15489459290222,0.4319437305115274,3
shared_support_1101,17,53,17.361772507967917,53.48267948504451,0.3246242087183166,2
shared_support_1101,17,54,14.127061561914198,75.1414831082234,0.18800615821712666,2
shared_support_1101,17,55,12.137217476027704,88.77199484522801,0.13672349593121877,2
shared_support_1101,17,56,11.311517854524977,85.22238831124012,0.13272941627984253,2
shared_support_1101,17,57,11.376287469593114,104.46446915246365,0.10890102215509914,0
shared_support_1101,17,58,16.73458049208325,29.411519508953077,0.5689804801478932,0
shared_support_1101,17,59,27.945306540849256,83.23917428704243,0.33572301479688527,3
shared_support_1101,17,60,20.71587295050143,102.83722758610604,0.20144332394760395,3
shared_support_1101,17,61,25.72249260397585,149.65592822043072,0.17187753876404255,2
shared_support_1101,17,62,28.033050515031697,89.70279329945582,0.31251034091489943,2
shared_support_1101,17,63,30.17590319106414,149.17200661888938,0.2022893160387575,0
shared_support_1101,18,0,15.919987215934144,47.365065784952215,0.33611242699871624,0
shared_support_1101,18,1,22.953523140999692,58.00806113333427,0.3956954032343873,0
shared_support_1101,18,2,17.868280429287477,33.45310827267633,0.5341291542670146,0
shared_support_1101,18,3,28.52991034338179,127.65796796850995,0.22348711010674563,0
shared_support_1101,18,4,11.961562593857051,51.30044108910438,0.2331668566568631,0
shared_support_1101,18,5,10.789244273458252,62.693018027612425,0.1720964249752062,0
shared_support_1101,18,6,30.794576263587146,164.5469581279912,0.1871476483912507,2
shared_support_1101,18,7,32.786702595085046,121.31101618064669,0.27026978775168864,0
shared_support_1101,18,8,25.534833313521048,145.37858559188444,0.17564370439814275,2
shared_support_1101,18,9,18.368983373100946,101.08894200461624,0.18171110517965577,0
shared_support_1101,18,10,15.9996738633347,143.34182266412233,0.11161902064567042,2
shared_support_1101,18,11,29.79321689533259,123.60841299942028,0.2410290381729302,0
shared_support_1101,18,12,12.062440823655077,72.54976618746896,0.16626436524255184,3
shared_support_1101,18,13,17.698961922612472,61.917399544406926,0.2858479531253383,2
shared_support_1101,18,14,34.24454380342693,283.4491386994595,0.12081371621219263,1
shared_support_1101,18,15,48.58780323329344,309.9809979913449,0.15674445707362386,3
shared_support_1101,18,16,29.473226620390815,123.73992139784144,0.2381868865556347,0
shared_support_1101,18,17,26.520633700081795,116.45256266885856,0.22773765636652557,3
shared_support_1101,18,18,22.67589678700179,110.44044596829806,0.2053223942387095,0
shared_support_1101,18,19,20.685162567094245,104.3542239830262,0.1982206543978402,1
shared_support_1101,18,20,29.958824926041604,100.54940401963933,0.2979512928807618,2
shared_support_1101,18,21,25.654205875450078,107.34178750511764,0.23899551583512604,2
shared_support_1101,18,22,17.76376823395077,44.24806779109351,0.4014586200197053,2
shared_support_1101,18,23,14.411089931488654,37.013748302718895,0.389344246187303,2
shared_support_1101,18,24,7.341547950523798,16.438141768023335,0.44661665863018096,0
shared_support_1101,18,25,6.917008918693686,24.47724654196294,0.28258933891258586,1
shared_support_1101,18,26,19.20101882671897,53.327148767376784,0.36006085587807224,2
shared_support_1101,18,27,8.607650724754413,82.87574379458476,0.10386212335046156,3
shared_support_1101,18,28,13.784254350565853,64.94506628602232,0.2122448268796754,0
shared_support_1101,18,29,14.945337340589084,61.73752062527668,0.24207867742699954,0
shared_support_1101,18,30,7.169249972983095,78.96729812182774,0.09078758097969426,5
shared_support_1101,18,31,7.344424023039773,76.72465957016405,0.09572442633418737,3
shared_support_1101,18,32,12.025993000384434,95.7178205762282,0.1256400629264967,1
shared_support_1101,18,33,21.16746271202096,139.8616853229362,0.15134568601219095,2
shared_support_1101,18,34,6.749005821528069,16.846777028593166,0.40061109671442374,1
shared_support_1101,18,35,7.68043793281801,18.10321018430684,0.424258341731897,0
shared_support_1101,18,36,13.791161192081322,39.269200197899764,0.35119536742739454,0
shared_support_1101,18,37,9.94524662938868,51.19299109635815,0.1942696923230997,3
shared_support_1101,18,38,13.490626753173618,62.82380531842671,0.21473749774938758,2
shared_support_1101,18,39,24.645739122721235,246.35115499146832,0.10004312390406601,1
shared_support_1101,18,40,22.041067975147268,83.867405919677,0.26280850985491117,2
shared_support_1101,18,41,16.136529707832192,52.19137632276786,0.3091799995470291,2
shared_support_1101,18,42,40.461200985692265,94.11658734889163,0.4299051009542237,0
shared_support_1101,18,43,17.741772088831713,65.36220713831261,0.271437775216012,2
shared_support_1101,18,44,10.998122020867454,23.18142477170258,0.4744368445503312,2
shared_support_1101,18,45,9.766119870357324,38.7025223955515,0.2523380716777222,0
shared_support_1101,18,46,11.347474399290716,34.7706485308339,0.32635210669792386,2
shared_support_1101,18,47,33.126254675602844,73.54471275225785,0.4504233334514704,0
shared_support_1101,18,48,21.53120914302085,86.78593356296189,0.2480956101877994,2
shared_support_1101,18,49,13.426055337816198,55.076615628362894,0.24377052192913176,2
shared_support_1101,18,50,13.292146576827157,47.90277463830352,0.2774817675425137,2
shared_support_1101,18,51,15.592347591455924,52.9650110801403,0.2943895842457855,3
shared_support_1101,18,52,8.331818587729668,62.246704240458406,0.13385156193240264,2
shared_support_1101,18,53,14.474369530765326,60.92721886936767,0.237568196930167,2
shared_support_1101,18,54,8.509396641432456,31.33788218255987,0.27153706788035914,2
shared_support_1101,18,55,11.161486663826492,50.32426945516152,0.22179133020045683,0
shared_support_1101,18,56,6.230946285964202,78.18455727183589,0.07969535805261574,2
shared_support_1101,18,57,10.147694956222947,43.65843671280614,0.23243376813916855,2
shared_support_1101,18,58,14.00371573383859,66.30337113905696,0.2112066927105234,2
shared_support_1101,18,59,16.78573573178954,57.38754504187241,0.2924978881661857,2
shared_support_1101,18,60,22.45162632100346,264.63739485403113,0.08483920548487617,1
shared_support_1101,18,61,19.502460328717603,82.2446324936739,0.2371274542471534,2
shared_support_1101,18,62,20.789551167979827,86.58409391288961,0.2401082026555102,2
shared_support_1101,18,63,6.036327403819312,105.09562465157609,0.05743652434467725,3
shared_support_1101,19,0,29.20131420997829,91.81174135953533,0.31805642478368606,0
shared_support_1101,19,1,14.420523054966303,48.66850125276676,0.2963009479184755,0
shared_support_1101,19,2,17.119705554476802,40.96515613457307,0.41790895409351086,0
shared_support_1101,19,3,13.74362669232258,106.34290003281566,0.1292387802860513,0
shared_support_1101,19,4,28.766379270386643,79.70408402616522,0.36091474636284926,0
shared_support_1101,19,5,9.080663647970416,46.147104418490976,0.19677645569310798,0
shared_support_1101,19,6,11.479561325949827,53.939449474720824,0.2128231088329854,0
shared_support_1101,19,7,6.483205147520378,36.11638300998691,0.17950870511389916,3
shared_support_1101,19,8,28.001806953326856,142.5581551557223,0.19642374666492632,1
shared_support_1101,19,9,8.626159572671595,56.912151060130505,0.15156973356283143,2
shared_support_1101,19,10,7.190387444789369,41.91585526042903,0.17154337899380778,2
shared_support_1101,19,11,13.949731372443043,63.4978222178771,0.21968834339826623,2
shared_support_1101,19,12,11.684973749521305,57.67021734470722,0.20261712695961798,2
shared_support_1101,19,13,7.843896684242453,13.680708234203326,0.5733545771140576,0
shared_support_1101,19,14,11.715137343825928,58.09760103339763,0.201645801813597,2
shared_support_1101,19,15,5.571654431671601,47.12624364817421,0.1182282736826503,2
shared_support_1101,19,16,11.62742788706556,65.11501189431837,0.17856754608195216,2
shared_support_1101,19,17,7.058940071938713,41.996223961550996,0.16808511351881109,2
shared_support_1101,19,18,11.37113544967151,60.62708185075377,0.18755868009058949,2
shared_support_1101,19,19,18.46305985883651,62.366019906140814,0.29604358088944777,2
shared_support_1101,19,20,12.618096095173708,32.91112245927912,0.3833991414539586,2
shared_support_1101,19,21,9.684119378884347,62.75205299171748,0.1543235466760352,3
shared_support_1101,19,22,10.732148729610325,62.223499110934675,0.17247742224326854,2
shared_support_1101,19,23,8.379819195774921,26.113837834405572,0.32089573539184346,0
shared_support_1101,19,24,10.424817591318114,45.525014644484536,0.228990977218304,3
shared_support_1101,19,25,14.68428402973795,47.8288867906548,0.307017056324361,0
shared_support_1101,19,26,4.7000131344597715,38.22086377399591,0.12296983035892271,3
shared_support_1101,19,27,11.771317142619242,60.331886571943286,0.1951093826410091,3
shared_support_1101,19,28,13.833814874470312,59.958926232265625,0.2307215246130598,1
shared_support_1101,19,29,8.502020867022196,58.44687613461085,0.14546578755451228,3
shared_support_1101,19,30,16.120825097584838,88.7958471020425,0.18154931366394975,3
shared_support_1101,19,31,12.892948170033414,36.74000589329865,0.35092395487027067,0
shared_support_1101,19,32,25.77093759248041,177.81743385119464,0.14492919526690873,0
shared_support_1101,19,33,19.32294903156822,63.31636916987431,0.3051809395407027,2
shared_support_1101,19,34,12.515772758715086,41.95454069421827,0.2983174777179691,2
shared_support_1101,19,35,17.776698437504773,66.8139333824591,0.2660627437655355,2
shared_support_1101,19,36,11.410138355932945,92.66916825719623,0.1231276655496138,2
shared_support_1101,19,37,14.355464781916414,62.38575926760828,0.2301080398867568,2
shared_support_1101,19,38,8.02064829021327,69.65219600700878,0.11515284154725271,2
shared_support_1101,19,39,12.352464283364124,45.58710395879389,0.2709640054022624,0
shared_support_1101,19,40,17.605493059011454,99.34690918283708,0.17721228776841438,1
shared_support_1101,19,41,16.923767172589713,85.80203846115182,0.1972420175104838,2
shared_support_1101,19,42,13.884740195675269,40.17140049794103,0.3456374441410607,2
shared_support_1101,19,43,16.468625269187477,86.87682975753194,0.1895629170073359,0
shared_support_1101,19,44,19.01089727663877,89.20380067670624,0.21311757046696195,2
shared_support_1101,19,45,9.811491179559797,63.08655592178523,0.15552427987547923,2
shared_support_1101,19,46,23.402698337493568,217.41076186074855,0.10764277783306321,1
shared_support_1101,19,47,24.36042189783871,107.67993820810086,0.22622990227539017,2
shared_support_1101,19,48,21.846752782263557,71.94301851410535,0.3036674472864969,2
shared_support_1101,19,49,6.57400647005288,39.38799276404645,0.16690382039608945,0
shared_support_1101,19,50,5.758040344928641,41.88125780295868,0.13748489532045208,2
shared_support_1101,19,51,14.081395977282908,63.42469591408838,0.22201755600620923,2
shared_support_1101,19,52,13.31247951601576,86.73902615541198,0.15347739196614377,0
shared_support_1101,19,53,16.53683413446345,80.74492061423881,0.20480339826536773,0
shared_support_1101,19,54,6.128765239813028,66.65605016569661,0.09194612078840356,0
shared_support_1101,19,55,13.820965240798735,89.25489121448466,0.1548482671676352,0
shared_support_1101,19,56,15.656542379992931,53.827347351811284,0.2908659473345957,2
shared_support_1101,19,57,18.279141354634532,61.237185117057976,0.29849741329052,2
shared_support_1101,19,58,16.074256327739104,70.03886921791211,0.2295047950835304,2
shared_support_1101,19,59,23.014776331184507,86.57011186705445,0.26585129480401104,2
shared_support_1101,19,60,16.371384069393418,74.34798092496638,0.22019944409675066,2
shared_support_1101,19,61,8.721970016572438,102.87655997547566,0.08478092598208606,7
shared_support_1101,19,62,16.3653995459484,76.40610454194777,0.21418968607362543,2
shared_support_1101,19,63,24.281680018399165,208.5884118055889,0.1164095349699027,1
shared_support_1101,20,0,25.802137197136123,48.64102595693871,0.5304603817357477,0
shared_support_1101,20,1,12.602530418302198,52.949262331777575,0.2380114446039935,0
shared_support_1101,20,2,12.026856258914117,72.73046595773963,0.16536201302357087,3
shared_support_1101,20,3,6.605943684016677,65.62468567723852,0.1006624811356301,1
shared_support_1101,20,4,10.086314330178954,75.41605005123765,0.13374227798096447,0
shared_support_1101,20,5,7.389766564660884,57.02696459299879,0.12958372617938932,1
shared_support_1101,20,6,12.691448228132549,95.20461971161065,0.13330706289859554,2
shared_support_1101,20,7,6.648735674948171,71.84153330562658,0.09254724069798559,2
shared_support_1101,20,8,11.42492294849303,47.95537240371354,0.23824073040893148,3
shared_support_1101,20,9,11.547963081759208,122.46810119100697,0.09429364029861512,2
shared_support_1101,20,10,22.8306181581805,49.02743571676704,0.4656702481866207,0
shared_support_1101,20,11,15.972329775605814,64.03145182192146,0.24944506677791137,0
shared_support_1101,20,12,26.95603617446754,67.30487536523148,0.40050644218847414,0
shared_support_1101,20,13,10.065816472749024,88.1397370925657,0.11420293280632038,2
shared_support_1101,20,14,8.687810308258106,88.80217521508644,0.09783330517766585,2
shared_support_1101,20,15,5.980165150426684,68.18521868946374,0.08770471467815008,3
shared_support_1101,20,16,6.2831730194254165,47.983291486534796,0.13094501908416636,2
shared_support_1101,20,17,16.9554193297587,74.78413167168357,0.22672482718922496,2
shared_support_1101,20,18,13.31978546932381,43.57275542193469,0.3056906853914173,0
shared_support_1101,20,19,4.957479465636179,11.007593591006556,0.45036904975185016,2
shared_support_1101,20,20,17.41856505417105,55.77676491754396,0.3122907016913101,0
shared_support_1101,20,21,10.66848686273263,88.11260278450082,0.12107787678029229,2
shared_support_1101,20,22,16.133376654409584,104.25847210563593,0.15474403497936412,2
shared_support_1101,20,23,6.50311456452673,27.750704984401985,0.23434051740962897,0
shared_support_1101,20,24,4.922041820586779,13.025135481505504,0.3778879557587425,1
shared_support_1101,20,25,10.014924346165458,24.941029692896997,0.40154414109925973,0
shared_support_1101,20,26,7.486646303080062,47.88957699826722,0.15633143519624215,0
shared_support_1101,20,27,26.597132806018422,140.58523324737155,0.18918866648831126,2
shared_support_1101,20,28,10.11209430732664,29.097692605398304,0.3475222054359942,0
shared_support_1101,20,29,6.939992227001944,22.900103327992472,0.3030550617000354,1
shared_support_1101,20,30,27.762847437901634,95.83428562952678,0.2896963988986822,2
shared_support_1101,20,31,23.827058608721273,40.21840333278616,0.5924416842599365,0
shared_support_1101,20,32,5.6515384856665625,23.650700251121147,0.23895861118947861,1
shared_support_1101,20,33,15.20855748479466,55.75595571657572,0.2727700976395119,0
shared_support_1101,20,34,14.93751775750184,78.1261751117543,0.19119735141435906,0
shared_support_1101,20,35,15.510744484969566,233.93090051474837,0.06630481245034013,1
shared_support_1101,20,36,45.54908378895268,236.86956712777555,0.1922960570294872,1
shared_support_1101,20,37,43.57335799667374,256.4256916786805,0.16992586706668317,1
shared_support_1101,20,38,11.89047120715861,40.47244721678851,0.2937917527810447,2
shared_support_1101,20,39,15.695057051065456,77.93997229517007,0.20137365447893646,3
shared_support_1101,20,40,14.494580279602348,77.34942221206528,0.18739093150383512,3
shared_support_1101,20,41,15.70134030881662,44.04083956836933,0.3565177336013711,2
shared_support_1101,20,42,11.835321815147728,80.56164267483908,0.14691013517334997,2
shared_support_1101,20,43,17.698007971737862,63.31258073001321,0.2795338267319777,2
shared_support_1101,20,44,13.119796754573745,46.927225703673294,0.27957750661460423,0
shared_support_1101,20,45,11.400142026810704,66.46365510767879,0.17152445209853653,0
shared_support_1101,20,46,15.52722504803023,36.25897857359196,0.428231176355833,2
shared_support_1101,20,47,23.612916710983875,77.22488424509002,0.30576823703669315,2
shared_support_1101,20,48,21.651782632592155,68.51180532858801,0.31602995321388044,2
shared_support_1101,20,49,17.32134033522252,52.356814348018574,0.3308325869501271,2
shared_support_1101,20,50,22.462852368784464,84.12251061659818,0.26702546326942755,2
shared_support_1101,20,51,17.00879157431886,47.95567711770088,0.35467733116504696,2
shared_support_1101,20,52,14.087185003891811,92.07485026060644,0.1529970992515305,0
shared_support_1101,20,53,15.661855178145649,63.13280051408486,0.24807794127002974,2
shared_support_1101,20,54,7.380134909522333,54.417425443946236,0.1356208025152603,2
shared_support_1101,20,55,12.97431204107175,109.90943896601027,0.11804547601306639,0
shared_support_1101,20,56,13.941988115722715,45.24678162884462,0.30813215026181573,2
shared_support_1101,20,57,13.60131021974337,55.278194977984576,0.24605199618331078,2
shared_support_1101,20,58,19.109508641156715,145.09593685571784,0.1317025759319439,2
shared_support_1101,20,59,19.212022955854057,102.54348034900504,0.18735489463070937,0
shared_support_1101,20,60,8.686863520809068,89.20773348464401,0.09737791984485741,0
shared_support_1101,20,61,13.795427304487847,65.12886480086233,0.21181740763743803,0
shared_support_1101,20,62,17.995534817909558,200.284182944449,0.089850004894799,3
shared_support_1101,20,63,43.717948242051705,223.01609270280957,0.19603046449347528,0
shared_support_1101,21,0,11.196926379726923,30.223038942225536,0.37047652293109923,0
shared_support_1101,21,1,23.77668759061165,204.1138962033854,0.11648735354559017,1
shared_support_1101,21,2,61.90680702354777,303.4086575674579,0.20403770782244016,1
shared_support_1101,21,3,32.8304563386315,99.55989960197503,0.3297558200629224,0
shared_support_1101,21,4,12.75489991706218,27.63677394971041,0.46151913172904296,2
shared_support_1101,21,5,22.275630041816253,149.85636472011893,0.1486465395274976,2
shared_support_1101,21,6,18.309774236562454,90.99706432143884,0.20121280145791126,0
shared_support_1101,21,7,10.822209547747647,48.64155860677535,0.2224889550771962,0
shared_support_1101,21,8,10.440145636963283,59.85479035419423,0.1744245627657053,2
shared_support_1101,21,9,16.22165646762558,41.241605408885015,0.3933323231915413,0
shared_support_1101,21,10,20.583780331706134,41.44603993084058,0.4966404598859988,0
shared_support_1101,21,11,22.0538497796236,51.79008975931154,0.425831464709104,0
shared_support_1101,21,12,15.389343594909574,42.10001988892693,0.3655424305145578,0
shared_support_1101,21,13,15.780073783655588,109.90866573464912,0.14357442771394557,2
shared_support_1101,21,14,7.335378882808642,16.98562348639875,0.43185808802852904,1
shared_support_1101,21,15,11.972099067950449,40.226276904208895,0.2976188697865251,2
shared_support_1101,21,16,9.604548468084326,77.50505853035222,0.12392156912342737,0
shared_support_1101,21,17,17.367001283813465,241.30485912274438,0.071971204172807,1
shared_support_1101,21,18,44.31760048222546,231.71895458009627,0.19125582783046166,1
shared_support_1101,21,19,11.160412232437908,80.85174101395958,0.13803552146775652,0
shared_support_1101,21,20,19.211861788455117,186.80389414505353,0.10284508187788138,1
shared_support_1101,21,21,6.65216512230618,17.455711231688863,0.38108817418048996,2
shared_support_1101,21,22,7.14739364395033,26.205468142544124,0.272744360263752,0
shared_support_1101,21,23,8.825545278767734,54.287215797862714,0.1625713374513341,2
shared_support_1101,21,24,15.016602480277259,52.7996448243467,0.28440726315933246,0
shared_support_1101,21,25,11.911563604077516,61.64432864332064,0.1932304863436642,0
shared_support_1101,21,26,32.97635368664446,92.7205974669307,0.3556529464599886,2
shared_support_1101,21,27,45.67857676165568,153.34275351123208,0.29788546061493415,0
shared_support_1101,21,28,4.90896165577897,16.1263525380445,0.3044061975079603,4
shared_support_1101,21,29,8.549054447665641,25.48461682356367,0.33545940701611754,2
shared_support_1101,21,30,5.494715064465838,24.279851144383876,0.22630760921023232,1
shared_support_1101,21,31,11.632513721713636,67.57280753220867,0.17214785276117145,2
shared_support_1101,21,32,15.152541943729847,76.53680172811252,0.19797720314414718,2
shared_support_1101,21,33,18.50601684745283,46.03563946771567,0.40199326133898744,0
shared_support_1101,21,34,21.817409421773633,48.11137456962255,0.4534771583007132,0
shared_support_1101,21,35,21.896066373448676,65.62531771614763,0.33365272939563956,0
shared_support_1101,21,36,16.158437030095193,65.23165974877952,0.24770850676381137,0
shared_support_1101,21,37,7.673830825122332,97.25368176376769,0.0789052988632586,1
shared_support_1101,21,38,14.524516914259777,57.332456358219,0.2533384724266674,0
shared_support_1101,21,39,19.101320988655704,129.48438061157566,0.14751834081019716,0
shared_support_1101,21,40,12.20631960034777,57.48684784283134,0.21233238659597004,1
shared_support_1101,21,41,18.79882807862227,80.60852410129587,0.23321141638815912,0
shared_support_1101,21,42,8.662242199445272,21.23380949262719,0.40794574343586243,0
shared_support_1101,21,43,9.126951886301333,45.76025184340965,0.19945152219733223,3
shared_support_1101,21,44,11.941766880399676,122.60866906173767,0.09739741057287382,3
shared_support_1101,21,45,9.541086004282576,98.44981190880515,0.09691319687965032,5
shared_support_1101,21,46,51.01241515929114,156.3702841168082,0.32622832047286554,0
shared_support_1101,21,47,8.257317851162245,20.018835315828063,0.41247743541970827,4
shared_support_1101,21,48,14.944537504896864,57.25996378013199,0.26099453297388053,2
shared_support_1101,21,49,8.362863992178077,48.843431834504756,0.1712177805301193,2
shared_support_1101,21,50,19.38696979550598,52.15636864248459,0.3717085813316017,2
shared_support_1101,21,51,9.521148205412837,35.74713595983067,0.26634716180092927,2
shared_support_1101,21,52,4.963836682139359,66.13439834592954,0.07505680563048284,5
shared_support_1101,21,53,18.431223417576128,64.27885920629684,0.28673849606482404,0
shared_support_1101,21,54,8.510701949201955,55.359207306490575,0.153735979312047,0
shared_support_1101,21,55,22.061763137366153,60.00952003700017,0.36763772021111807,0
shared_support_1101,21,56,10.99923685826227,89.08200295283915,0.12347316510255578,2
shared_support_1101,21,57,6.707620086058891,78.33202726063027,0.0856306203303147,0
shared_support_1101,21,58,5.70722455346386,59.17272719290551,0.0964502537606231,2
shared_support_1101,21,59,6.519595431304383,60.413096963407476,0.1079169213134916,2
shared_support_1101,21,60,26.00436088334028,98.71996395850022,0.2634154211631597,0
shared_support_1101,21,61,14.823585496759943,22.99974215181028,0.6445109427278165,0
shared_support_1101,21,62,7.847607853093478,54.9110853542852,0.142914819520701,0
shared_support_1101,21,63,14.646409041410283,88.95627966364717,0.1646472750073391,0
shared_support_1101,22,0,14.675235974779953,30.610891404915442,0.4794122386263939,0
shared_support_1101,22,1,20.115883262704124,68.26281750305253,0.294682874198748,0
shared_support_1101,22,2,18.973663595473134,68.0697944047211,0.2787383708354081,0
shared_support_1101,22,3,24.03216412082218,123.03657115068864,0.19532537274131986,1
shared_support_1101,22,4,17.753536300950227,46.67592981401604,0.3803574213023845,1
shared_support_1101,22,5,8.889217810463713,48.94488309319118,0.18161689738922493,0
shared_support_1101,22,6,12.076607103931103,50.03898919334917,0.24134394596316588,0
shared_support_1101,22,7,8.449408470452772,44.36984158059141,0.19043134186327082,0
shared_support_1101,22,8,26.406671010758508,205.08564775502686,0.12875923449456134,0
shared_support_1101,22,9,31.672754340301243,163.96911753541323,0.19316292492371753,0
shared_support_1101,22,10,13.854187047749155,59.643864383791914,0.23228184811435523,0
shared_support_1101,22,11,5.331557598851902,56.63387602739894,0.09414078591888263,3
shared_support_1101,22,12,19.52647370546609,90.25380655757442,0.21635069422816888,0
shared_support_1101,22,13,13.13489713619272,33.547967042067626,0.3915258745700494,0
shared_support_1101,22,14,9.540474147133734,67.4727276973429,0.1413974871436751,3
shared_support_1101,22,15,10.582712336134623,43.75340725364162,0.24187173069255807,0
shared_support_1101,22,16,15.201688817289549,78.57501177241754,0.19346721654104607,0
shared_support_1101,22,17,14.695003633178409,75.60428241162025,0.19436734487039867,0
shared_support_1101,22,18,18.525225752750345,63.710817425502896,0.29077049238007197,3
shared_support_1101,22,19,42.2972972563845,204.8018661524946,0.20652788986253726,0
shared_support_1101,22,20,8.557209421206318,39.29364518056713,0.21777591215788575,0
shared_support_1101,22,21,5.0968805211552635,23.327266482464413,0.21849454692802064,1
shared_support_1101,22,22,13.403666688144261,50.28008260752482,0.26658004508008293,0
shared_support_1101,22,23,14.950065308143632,86.96510048628869,0.17190879128002304,0
shared_support_1101,22,24,15.67227390468059,53.98045300399776,0.2903323894580861,1
shared_support_1101,22,25,12.264310837659691,92.30139532852544,0.1328724316030946,3
shared_support_1101,22,26,7.212709828120978,103.16353479843897,0.06991530333090251,0
shared_support_1101,22,27,12.880507846732197,78.14429018299275,0.1648298015961184,0
shared_support_1101,22,28,9.411683582642446,55.61247346128045,0.1692369174910953,0
shared_support_1101,22,29,5.056537347379787,31.41289662997532,0.1609701074989263,1
shared_support_1101,22,30,20.641576058926074,103.83313316939541,0.19879565827269222,3
shared_support_1101,22,31,30.964835292159933,190.4497976239561,0.1625879138674651,0
shared_support_1101,22,32,10.301753514114282,62.706701056945896,0.16428473098527285,2
shared_support_1101,22,33,19.057109267354456,102.58001842189508,0.18577798640058377,0
shared_support_1101,22,34,20.401467280206116,91.44852446304999,0.22309236152245826,0
shared_support_1101,22,35,7.474145561237547,94.22876578985684,0.0793191495037293,3
shared_support_1101,22,36,17.532944610226338,70.05982683677657,0.2502567505779611,2
shared_support_1101,22,37,21.31314082389561,92.48901581828189,0.23043969746386614,0
shared_support_1101,22,38,16.40952830078666,84.1750365171043,0.19494530658685558,0
shared_support_1101,22,39,16.643788706587145,78.07385898598056,0.2131800441627435,1
shared_support_1101,22,40,17.994369579640853,71.92256829009608,0.25019086508509353,2
shared_support_1101,22,41,24.647169889529415,72.58432714211011,0.33956600357090383,0
shared_support_1101,22,42,17.66523650563732,82.23006420174293,0.21482698179947293,2
shared_support_1101,22,43,19.648239277304114,108.94843012281544,0.18034440014560135,0
shared_support_1101,22,44,21.517887851058344,73.30075269182561,0.2935561649895307,2
shared_support_1101,22,45,14.18094732595814,90.66314056468327,0.15641359032605756,2
shared_support_1101,22,46,19.84656327734336,72.39838941972427,0.2741299003529538,0
shared_support_1101,22,47,19.94108979176205,123.51636625247846,0.1614449193801628,0
shared_support_1101,22,48,10.284112066302608,23.750106563887336,0.43301330200934224,0
shared_support_1101,22,49,17.019804788666086,78.85975172735216,0.21582371762353444,0
shared_support_1101,22,50,12.050677963679634,115.04270012077403,0.10474960993638538,2
shared_support_1101,22,51,20.924362721953663,63.34287444807406,0.3303349098738267,2
shared_support_1101,22,52,15.062457278249324,62.356386329678784,0.24155436459409266,2
shared_support_1101,22,53,24.837447423449092,75.73661456413366,0.3279450443671043,2
shared_support_1101,22,54,21.823826231689118,64.10911759895262,0.34041688684926874,2
shared_support_1101,22,55,25.29657621802224,87.98306167235043,0.28751643483636513,2
shared_support_1101,22,56,18.799353870850407,50.18867837822324,0.3745735986346954,2
shared_support_1101,22,57,25.424741023354862,90.39815705601984,0.28125286898934365,2
shared_support_1101,22,58,23.547471726215246,86.50305089051638,0.2722155055087986,2
shared_support_1101,22,59,33.13039949941785,218.37021029559253,0.1517166625180767,1
shared_support_1101,22,60,35.19260416717579,222.37764052495862,0.15825603727109397,1
shared_support_1101,22,61,13.47226970698568,36.20606800984161,0.372099773533089,0
shared_support_1101,22,62,5.796224821291459,21.982331078453445,0.2636765318748556,2
shared_support_1101,22,63,5.114411809995294,14.259711864029715,0.3586616517053515,0
shared_support_1101,23,0,18.256692028555467,37.132101140347274,0.4916687035713682,0
shared_support_1101,23,1,11.220813259338382,56.70769795854388,0.19787107682525482,0
shared_support_1101,23,2,11.686934420622796,72.61736841127015,0.1609385561100696,3
shared_support_1101,23,3,19.073092873463818,74.44951197209816,0.2561882861047087,0
shared_support_1101,23,4,11.598476233753527,89.27347863805025,0.12992073805904109,0
shared_support_1101,23,5,10.774906058159921,40.4388156577404,0.266449595095832,0
shared_support_1101,23,6,16.548783433244967,78.26154281681046,0.21145485812848444,1
shared_support_1101,23,7,17.57423068440315,122.92006720836251,0.14297283660456328,0
shared_support_1101,23,8,47.51755920983083,242.3617876819383,0.19606044197111694,1
shared_support_1101,23,9,7.302107847506125,41.8456601610697,0.17450095946388006,2
shared_support_1101,23,10,12.04975885158024,34.63084580113911,0.3479487310466985,2
shared_support_1101,23,11,9.196121471443673,65.0223740516098,0.14143010933658764,0
shared_support_1101,23,12,11.552775374413935,58.724245755586146,0.19672922531005818,2
shared_support_1101,23,13,17.646381854787695,59.15486464079116,0.29830821120025613,2
shared_support_1101,23,14,19.829805781644428,57.94840670685024,0.3421976014277592,2
shared_support_1101,23,15,16.57429874201801,47.02046657786828,0.3524911586015449,2
shared_support_1101,23,16,19.061020403130023,56.63419040000469,0.3365638365888681,2
shared_support_1101,23,17,11.594057914685685,90.82297610034746,0.12765556043743573,0
shared_support_1101,23,18,14.627225938580306,53.145406560820234,0.2752302952436865,2
shared_support_1101,23,19,18.745576127219092,55.23400153525684,0.33938471966861683,3
shared_support_1101,23,20,15.389015326549044,45.25169871697022,0.340075969806143,2
shared_support_1101,23,21,22.462705026030264,58.91908195157909,0.38124669091909097,2
shared_support_1101,23,22,18.813333548118397,66.32710367807209,0.2836447320153093,2
shared_support_1101,23,23,10.394604684554345,59.649274082959174,0.1742620483544814,2
shared_support_1101,23,24,12.170539736941123,56.87649107498812,0.21398190195831565,2
shared_support_1101,23,25,29.468343081868124,248.86193815900745,0.11841241493120441,1
shared_support_1101,23,26,12.653202157837361,35.150744274608726,0.3599696797025561,2
shared_support_1101,23,27,17.375313958824123,42.44253676638949,0.40938443558311866,2
shared_support_1101,23,28,26.990903407992697,75.5774486929223,0.3571290626342663,2
shared_support_1101,23,29,16.452581242705634,58.89219855723025,0.27936775406198067,2
shared_support_1101,23,30,21.294336719711,53.12776826275186,0.40081368775734116,2
shared_support_1101,23,31,22.403106152143003,69.40681369962961,0.32277963730040177,2
shared_support_1101,23,32,15.004828565392575,71.01216327446278,0.21129941510722255,1
shared_support_1101,23,33,13.179630072591499,89.4803640311418,0.14729075161120936,2
shared_support_1101,23,34,21.432783546298843,64.94234530622745,0.33002786464263417,0
shared_support_1101,23,35,14.958121929493284,50.146762545525554,0.2982868917193529,2
shared_support_1101,23,36,15.389180242548083,57.638387592185545,0.26699532872835785,2
shared_support_1101,23,37,11.464491146846155,71.6718992394065,0.15995796495570988,0
shared_support_1101,23,38,16.01453046160763,45.35136279845418,0.35312126192938775,2
shared_support_1101,23,39,21.431192604969723,51.2850661225286,0.41788368867005105,2
shared_support_1101,23,40,17.350147435929117,66.01750561438222,0.26281131458182977,0
shared_support_1101,23,41,15.686578029683373,39.52979670214798,0.39682921083252093,2
shared_support_1101,23,42,26.402494586112883,75.25707479794987,0.3508307312900253,2
shared_support_1101,23,43,23.96074448451353,62.4225035644474,0.38384786120882725,2
shared_support_1101,23,44,16.52451370443027,49.00915757172463,0.3371719597556178,2
shared_support_1101,23,45,7.193664700612984,57.31559768147342,0.12550972146519637,0
shared_support_1101,23,46,9.788630236991033,44.55178371088573,0.2197135427958026,0
shared_support_1101,23,47,21.727678515451416,70.98422058262214,0.30609166850203656,2
shared_support_1101,23,48,25.53677814445143,70.28668167118995,0.3633231436919405,2
shared_support_1101,23,49,15.64110345642691,59.34303899470987,0.2635709886347619,2
shared_support_1101,23,50,31.50127194109209,258.4714439356576,0.12187525036202389,1
shared_support_1101,23,51,6.836817713598902,13.840229358055124,0.4939815328724895,0
shared_support_1101,23,52,14.082440296275092,82.47115466312927,0.1707559492018485,0
shared_support_1101,23,53,8.844954284832223,68.17538995083787,0.12973822799122134,0
shared_support_1101,23,54,10.772050169683453,56.51588508420193,0.1906021670479792,0
shared_support_1101,23,55,13.942512549441869,51.59138283373452,0.27024886296176487,0
shared_support_1101,23,56,9.167014631586415,88.1350087217351,0.10401104810154428,2
shared_support_1101,23,57,24.037493290681535,66.47144317616356,0.36162135410505575,2
shared_support_1101,23,58,29.64440827429237,44.14077784962763,0.6715878087894287,0
shared_support_1101,23,59,9.10398577424659,48.45851417688036,0.1878717482136528,2
shared_support_1101,23,60,31.84103813242139,237.18947769077812,0.1342430467085571,1
shared_support_1101,23,61,54.75618801261882,281.8025225733038,0.19430694769020523,1
shared_support_1101,23,62,9.431243584922585,64.76725641283645,0.14561746331829142,1
shared_support_1101,23,63,15.245004536100781,39.89198510475663,0.3821570798261178,2
shared_support_1101,24,0,18.426739991891136,59.98878377925813,0.3071697545943982,0
shared_support_1101,24,1,10.949393116033992,29.36301242641409,0.37289747240593896,2
shared_support_1101,24,2,8.504894009336889,51.05498359918263,0.16658303283585912,2
shared_support_1101,24,3,21.02411310989071,60.46306005671216,0.34771831081938054,0
shared_support_1101,24,4,9.980536684181814,47.976909540170915,0.20802791967717602,2
shared_support_1101,24,5,16.28508618077981,50.7247567238897,0.32104808840039384,0
shared_support_1101,24,6,19.80831831709306,56.02535782596462,0.35355987156074914,2
shared_support_1101,24,7,6.452710602767558,31.132590608327625,0.2072654564455529,2
shared_support_1101,24,8,11.507461520901806,39.44586000444966,0.29172799172343344,2
shared_support_1101,24,9,11.332577076568453,63.09506109338819,0.17961115941856198,2
shared_support_1101,24,10,10.54118705914583,41.38628458687616,0.254702425317215,2
shared_support_1101,24,11,4.806474279484694,31.150713865057515,0.1542974039152351,2
shared_support_1101,24,12,11.532930460480362,42.770137081090354,0.26964913483008995,3
shared_support_1101,24,13,30.590481242832578,192.96756894301586,0.15852654106797642,1
shared_support_1101,24,14,21.489467396981663,65.95678606822989,0.32581131795523804,0
shared_support_1101,24,15,14.391556966182655,48.64746200159756,0.29583366478008744,2
shared_support_1101,24,16,15.466976673876578,45.63597301808557,0.3389207165090356,0
shared_support_1101,24,17,14.256992735079116,44.52972262380448,0.3201680112747364,3
shared_support_1101,24,18,24.73989112376144,56.76029994707856,0.43586610970745576,0
shared_support_1101,24,19,26.376314984011213,65.04410901912306,0.4055142791833237,3
shared_support_1101,24,20,14.618404276108567,46.40749195734914,0.31500095479289486,0
shared_support_1101,24,21,22.203378149284568,72.35544236978265,0.306865350028697,2
shared_support_1101,24,22,26.026530804552927,52.19929142961391,0.4985993122080476,2
shared_support_1101,24,23,17.731202252539774,60.68579926193867,0.29218041894787317,3
shared_support_1101,24,24,22.692225637892395,79.55160900076196,0.2852516237311435,3
shared_support_1101,24,25,16.068446913513743,63.016839385309616,0.25498655708936735,2
shared_support_1101,24,26,26.086217373693042,67.87104953079776,0.3843496977581867,3
shared_support_1101,24,27,15.283990110640866,55.78582954223457,0.27397620930006245,3
shared_support_1101,24,28,15.154950135102196,53.08343530381963,0.28549301770625457,0
shared_support_1101,24,29,12.47070593669723,52.56805003758895,0.2372297608106067,2
shared_support_1101,24,30,7.791068543440233,40.14500037368992,0.19407319643584597,2
shared_support_1101,24,31,11.009004132440728,29.01212264125007,0.37946220855925533,2
shared_support_1101,24,32,8.031369406745977,47.28101479990201,0.16986457335434818,2
shared_support_1101,24,33,11.491258527638946,49.0965512042075,0.234054291916418,1
shared_support_1101,24,34,13.121751050080613,51.93739056330766,0.2526455585805031,3
shared_support_1101,24,35,8.223369810452127,55.16410392882421,0.1490710303399902,0
shared_support_1101,24,36,6.941138553333262,34.279328154828605,0.20248759024629628,0
shared_support_1101,24,37,8.848531087013708,55.79625622305269,0.15858646593851333,2
shared_support_1101,24,38,10.898348317369525,55.62865259379094,0.19591249849157694,1
shared_support_1101,24,39,8.875241485242785,54.81793738723504,0.16190396626104145,3
shared_support_1101,24,40,31.449604015531484,205.56813302737865,0.15298871256150806,1
shared_support_1101,24,41,22.551331140769832,72.22225800047964,0.3122490457252121,2
shared_support_1101,24,42,17.240879162988126,66.35707698865433,0.2598197501366125,2
shared_support_1101,24,43,16.715768568803906,77.04469836514231,0.21696195745464425,3
shared_support_1101,24,44,26.35562049540874,65.54715974505046,0.4020863847941006,2
shared_support_1101,24,45,14.499548124601127,62.045043577732,0.23369389863407272,3
shared_support_1101,24,46,10.966700494268272,51.365073578059814,0.21350500895520202,3
shared_support_1101,24,47,23.27881222555115,132.45932744400872,0.17574309544483555,1
shared_support_1101,24,48,7.880177737519353,43.77540212244179,0.18001382866748175,2
shared_support_1101,24,49,11.090176639876786,61.21291252797389,0.18117381091462767,3
shared_support_1101,24,50,20.361299285682918,69.20488052880619,0.29421767843682106,3
shared_support_1101,24,51,24.654050345026803,80.01538040767741,0.30811639236625143,3
shared_support_1101,24,52,18.066951688351587,60.88659792795919,0.2967311740709892,3
shared_support_1101,24,53,11.123314079790292,62.07802717525625,0.17918278956235817,2
shared_support_1101,24,54,53.23962118023015,108.42543415615658,0.4910252063510609,0
shared_support_1101,24,55,11.952000833781288,53.529931385690226,0.22327696905989927,2
shared_support_1101,24,56,8.977813401312783,60.8750328423186,0.1474794013592985,2
shared_support_1101,24,57,7.108010766024498,74.00867232070426,0.09604294392991022,1
shared_support_1101,24,58,12.55120621083449,74.50067161268038,0.16847104783278508,0
shared_support_1101,24,59,13.13274629392429,54.52386662556336,0.2408623435331903,2
shared_support_1101,24,60,9.504298142506101,42.73348715693596,0.22240867232768025,2
shared_support_1101,24,61,10.009925413959609,55.787692515485745,0.17942891993930415,0
shared_support_1101,24,62,7.848078508938585,58.54768169005398,0.1340459311520751,3
shared_support_1101,24,63,7.164084786812512,56.282475638833596,0.12728801825962077,0
shared_support_1101,25,0,11.314772006947658,30.69247382616014,0.36864972406700336,0
shared_support_1101,25,1,19.248965705994888,168.17221210536755,0.1144598472304957,2
shared_support_1101,25,2,11.216214780462817,57.20173966440441,0.196081707414267,0
shared_support_1101,25,3,15.8126266008964,53.61776479375763,0.29491394618407074,2
shared_support_1101,25,4,44.18328202280887,144.73624922730397,0.3052675626091453,0
shared_support_1101,25,5,12.372650413173641,34.04113119397179,0.3634617881136883,2
shared_support_1101,25,6,6.56649989928044,52.838657521986235,0.12427454078575162,5
shared_support_1101,25,7,9.721090409297343,103.55733700082767,0.0938715757939937,2
shared_support_1101,25,8,11.120641120281094,76.93594506345357,0.14454415437555554,1
shared_support_1101,25,9,9.406548114573935,40.05225315848229,0.23485690249068575,2
shared_support_1101,25,10,11.606210541579493,72.8174292850961,0.15938780942318975,0
shared_support_1101,25,11,16.23574877666335,74.50837381493427,0.21790502121265054,2
shared_support_1101,25,12,16.78671024733914,66.76427398089268,0.25143252890225903,2
shared_support_1101,25,13,6.897365891776975,68.17912248182192,0.10116536618106176,3
shared_support_1101,25,14,14.588607073636798,66.66679738243883,0.21882867703915962,0
shared_support_1101,25,15,17.32853476383552,161.96503803314073,0.1069893538399924,2
shared_support_1101,25,16,9.82514922845356,82.30340065162885,0.11937719645438627,2
shared_support_1101,25,17,5.199082182351716,58.93245637504455,0.08822103306308662,0
shared_support_1101,25,18,11.444101617602495,81.65657517463202,0.14014917467611104,0
shared_support_1101,25,19,7.587035063913123,44.142271587537714,0.1718768606836967,3
shared_support_1101,25,20,8.756878988605335,81.58007260268485,0.10734090702828254,1
shared_support_1101,25,21,76.74318886526062,189.65291362467053,0.4046507243075525,0
shared_support_1101,25,22,22.997510905234527,71.96064962560177,0.31958453717255764,2
shared_support_1101,25,23,6.410503108137766,20.64835769422159,0.3104606769734396,1
shared_support_1101,25,24,18.473051778657403,69.00475674167086,0.2677069328396288,2
shared_support_1101,25,25,20.453336286354933,66.8949879842243,0.3057528957353038,2
shared_support_1101,25,26,22.25347225003534,71.12531069243359,0.31287697773674117,2
shared_support_1101,25,27,19.929519722880283,53.130360547678436,0.375106050804903,2
shared_support_1101,25,28,18.297283407166372,60.883005418313594,0.3005318689747624,2
shared_support_1101,25,29,25.45728343023261,89.14883635972889,0.2855593462544891,2
shared_support_1101,25,30,7.628509845165427,15.594656552553205,0.48917459768720994,0
shared_support_1101,25,31,17.446818860253572,58.31693998621604,0.299172399381335,2
shared_support_1101,25,32,21.08044508360156,70.62103241833465,0.2985009474051338,2
shared_support_1101,25,33,23.470779899927674,216.7833697197306,0.10826835993126217,1
shared_support_1101,25,34,17.673101804840616,151.17189335795385,0.11690732590742374,2
shared_support_1101,25,35,10.947232528600054,50.46592999557763,0.21692322978213952,0
shared_support_1101,25,36,18.22433308819618,64.10326065713166,0.2842965069385854,2
shared_support_1101,25,37,10.254163261065871,21.64276825600573,0.4737916674878412,2
shared_support_1101,25,38,12.57268697947848,66.4292052532785,0.18926444974829768,2
shared_support_1101,25,39,16.298227347157408,37.62362984765925,0.4331912527618969,2
shared_support_1101,25,40,20.57227447494461,46.8078981946163,0.4395043415410344,2
shared_support_1101,25,41,10.19917266633136,87.81222323463577,0.11614752810755054,3
shared_support_1101,25,42,23.689054890223947,63.53873811122186,0.3728285388475494,0
shared_support_1101,25,43,12.63211014724324,48.133778113719394,0.26243753643021756,2
shared_support_1101,25,44,4.031463829279914,17.803511315417246,0.2264420629086129,0
shared_support_1101,25,45,13.704905208793678,39.78116550708956,0.3445073826796571,2
shared_support_1101,25,46,18.821111570190535,72.28061783682728,0.2603894672383542,1
shared_support_1101,25,47,16.926367926064035,34.35652794261423,0.4926681751525119,0
shared_support_1101,25,48,10.023949497659324,109.97024733909888,0.09115146814892544,0
shared_support_1101,25,49,8.755851526203575,34.240870310257,0.2557134630886038,2
shared_support_1101,25,50,16.961167337680802,134.4016556639541,0.12619760711943154,2
shared_support_1101,25,51,7.665418409148543,66.18384376319774,0.11582008498290007,2
shared_support_1101,25,52,34.60049383021547,165.0717956021398,0.20960875662618011,1
shared_support_1101,25,53,6.647401524320206,13.612378101146545,0.4883350634934471,0
shared_support_1101,25,54,9.950729797685863,35.49871673619701,0.2803123806314777,0
shared_support_1101,25,55,14.596932807628441,46.63986736778619,0.3129711474632202,0
shared_support_1101,25,56,10.760421486618652,34.50989251647853,0.3118068675954448,0
shared_support_1101,25,57,13.392100421588552,82.33127988168555,0.1626611470249669,0
shared_support_1101,25,58,22.880699778135504,51.99447793492263,0.44006018882954195,3
shared_support_1101,25,59,60.64836784242786,95.09654639754419,0.6377557349863345,1
shared_support_1101,25,60,14.190225915806183,62.034589522968574,0.22874699461906153,3
shared_support_1101,25,61,15.907415192113714,67.85965353756937,0.23441639269948286,3
shared_support_1101,25,62,15.356260376957806,59.90150156432251,0.25635852150497734,3
shared_support_1101,25,63,13.532344587345554,62.65163061330845,0.2159934937826026,0
shared_support_1101,26,0,14.90016032105599,39.592774105531376,0.37633534546836256,0
shared_support_1101,26,1,11.702106987522876,72.45588016626895,0.161506657025894,2
shared_support_1101,26,2,9.780963579505736,68.87502214410279,0.14201031484304505,0
shared_support_1101,26,3,12.311846696679062,58.41836538456971,0.21075301603579347,0
shared_support_1101,26,4,22.691788404842406,144.97524215895604,0.15652181756635605,0
shared_support_1101,26,5,41.424407059735024,239.89804207206123,0.17267505270965008,1
shared_support_1101,26,6,17.913187300244772,75.0056259078547,0.2388245826019949,0
shared_support_1101,26,7,24.915786455942488,72.44963835532117,0.3439049113502236,0
shared_support_1101,26,8,16.241484143186803,71.93579878363242,0.22577749073222544,2
shared_support_1101,26,9,16.648217017685738,123.61394576155024,0.13467911662491497,2
shared_support_1101,26,10,20.712923895603684,130.06183317031898,0.15925443606872455,0
shared_support_1101,26,11,16.30744473947338,56.56608358007399,0.28829015034050987,2
shared_support_1101,26,12,19.186716291099913,168.75723598369905,0.11369418430717386,2
shared_support_1101,26,13,23.51109241092371,108.98073211494236,0.2157362311176849,0
shared_support_1101,26,14,10.928065659937058,57.45010526411014,0.19021837487848728,0
shared_support_1101,26,15,16.035608227346817,72.54579358884874,0.2210411856299785,1
shared_support_1101,26,16,16.91634306121737,146.73098312851397,0.1152881463787456,2
shared_support_1101,26,17,14.332047819843472,49.061974229395794,0.2921213025964278,0
shared_support_1101,26,18,14.062229141270336,66.28105093503713,0.21216062423411028,0
shared_support_1101,26,19,22.2021611106323,141.5818027314822,0.15681507568271283,2
shared_support_1101,26,20,18.63862031115856,96.34749204581567,0.19345205480071476,2
shared_support_1101,26,21,12.296807900778546,70.26146159793984,0.17501497437023292,2
shared_support_1101,26,22,8.597918544479075,32.09400985213303,0.2678979218892351,0
shared_support_1101,26,23,11.870533338120996,76.32259932462614,0.15553104117473193,3
shared_support_1101,26,24,25.36586953513782,261.17453234296033,0.09712229330932132,1
shared_support_1101,26,25,13.976295398306393,110.69055628585602,0.12626456914908718,0
shared_support_1101,26,26,16.780774119138776,103.84249834776753,0.16159832810397265,0
shared_support_1101,26,27,17.884728383937784,51.60877101516695,0.3465443573279775,2
shared_support_1101,26,28,17.345233267269254,140.04142726998055,0.12385787266956397,0
shared_support_1101,26,29,14.618170021732396,71.16872154284978,0.2054016104944499,2
shared_support_1101,26,30,16.912484809892078,62.64127437289501,0.26998947545693835,0
shared_support_1101,26,31,21.788738850986352,112.89707931596594,0.19299647947495646,0
shared_support_1101,26,32,14.1893694280197,84.66070220447476,0.1676027845097382,0
shared_support_1101,26,33,30.351134575787594,153.57196626998848,0.19763460293546367,2
shared_support_1101,26,34,20.016597161198135,102.86392496935,0.19459297481757973,2
shared_support_1101,26,35,6.661150415823472,37.012511403816454,0.17997023609526328,5
shared_support_1101,26,36,5.272561040228723,48.484493793300594,0.10874736699751346,5
shared_support_1101,26,37,40.42707661521948,251.30884985346532,0.1608661081326501,0
shared_support_1101,26,38,22.58495578612838,207.26747137228068,0.10896526906319379,0
shared_support_1101,26,39,8.793766104752729,66.83548218205105,0.13157331731070135,2
shared_support_1101,26,40,15.469634387257997,86.95458884486833,0.1779047499707768,0
shared_support_1101,26,41,10.196258919352367,57.84133593211583,0.17627979636084087,2
shared_support_1101,26,42,12.325747501063065,84.68704311069368,0.14554466714527026,0
shared_support_1101,26,43,22.21337612040542,109.54653074254318,0.20277571521284787,0
shared_support_1101,26,44,14.97923064488968,44.973937413947134,0.3330646927134377,3
shared_support_1101,26,45,13.983826693778985,124.98632858121026,0.11188285032864974,0
shared_support_1101,26,46,17.04446833730172,71.872522485811,0.23714860349679004,3
shared_support_1101,26,47,18.449481606584303,83.23890817464968,0.22164492556622786,2
shared_support_1101,26,48,20.11100335861188,57.95551707442204,0.34700757363249596,2
shared_support_1101,26,49,14.798602992740344,145.34482385416825,0.10181719995469893,0
shared_support_1101,26,50,19.56710830831921,44.47749389911234,0.43993279730874674,3
shared_support_1101,26,51,15.237506870881674,50.094055244436085,0.3041779467948763,1
shared_support_1101,26,52,6.498831547895027,57.08586655578546,0.11384309181930764,3
shared_support_1101,26,53,19.164288992577866,135.96785349660485,0.14094720553234594,2
shared_support_1101,26,54,16.74140004489124,73.04152194850833,0.22920387744238585,2
shared_support_1101,26,55,11.289379979374084,81.47806725530842,0.1385572873740272,3
shared_support_1101,26,56,17.04119317724099,147.93134146086132,0.11519663790617106,2
shared_support_1101,26,57,17.612274701809387,101.54800636179348,0.17343791702872707,0
shared_support_1101,26,58,15.258289263413545,55.80853393888136,0.27340423025846977,2
shared_support_1101,26,59,25.878286117659314,108.46588907113917,0.2385845572213639,2
shared_support_1101,26,60,6.91383115641039,56.31520050771129,0.12277024842455586,1
shared_support_1101,26,61,4.7581437970974365,34.08754790928093,0.13958598048063026,0
shared_support_1101,26,62,26.56230479703903,74.47776549091373,0.3566474453409807,0
shared_support_1101,26,63,11.165307366541446,60.34686842358578,0.18501883624134557,0
shared_support_1101,27,0,19.112898561434168,50.421679643189904,0.37906112403805275,0
shared_support_1101,27,1,5.095696464513649,68.20412043720859,0.07471244305840655,2
shared_support_1101,27,2,12.086466151688928,74.1654358880916,0.16296629294980786,0
shared_support_1101,27,3,22.33000563851318,102.82637911827914,0.2171622285058528,2
shared_support_1101,27,4,10.554648319507768,39.746589523955514,0.26554852745658636,0
shared_support_1101,27,5,8.110156449796184,50.99145620117502,0.15904932029788352,0
shared_support_1101,27,6,18.451185259120116,101.80885658825008,0.1812335967365102,2
shared_support_1101,27,7,7.697999260793929,53.13772582507657,0.14486881290582285,1
shared_support_1101,27,8,37.33853663530982,182.46914332572857,0.20462931953736532,0
shared_support_1101,27,9,30.08980486114554,165.41051895253375,0.1819098631192864,2
shared_support_1101,27,10,9.319044256070555,34.35901319300424,0.27122560836432824,0
shared_support_1101,27,11,10.771481814179044,78.29742805359574,0.13757133640208216,3
shared_support_1101,27,12,10.914567625089987,78.88053443431149,0.13836832753940323,2
shared_support_1101,27,13,13.483345067897426,63.45974357090682,0.2124708407122981,0
shared_support_1101,27,14,10.34768051881756,45.16196413502041,0.22912379293073196,2
shared_support_1101,27,15,22.350520184955748,66.11649796660957,0.33804755049554047,0
shared_support_1101,27,16,20.349736325220558,74.77422990009786,0.27214905927361377,0
shared_support_1101,27,17,9.618855663836234,31.56240539362219,0.3047567364995545,0
shared_support_1101,27,18,18.0041404611215,62.93577221320756,0.2860716541322296,0
shared_support_1101,27,19,17.81990717985573,77.57601214502326,0.2297089871872066,0
shared_support_1101,27,20,6.60878209939403,51.94326044570454,0.1272307907260093,1
shared_support_1101,27,21,27.604051075650364,137.64889475752202,0.2005395766110349,2
shared_support_1101,27,22,6.212409920709796,63.1368418532069,0.09839595612263348,0
shared_support_1101,27,23,10.252145345692892,37.17146305081421,0.2758068825991052,0
shared_support_1101,27,24,5.640314219964111,42.67074119612482,0.13218224155141559,5
shared_support_1101,27,25,18.951818249195238,98.97615196443617,0.19147863271149348,2
shared_support_1101,27,26,34.365755863829854,146.7716502179369,0.23414437197375076,0
shared_support_1101,27,27,5.423213261252015,22.010838641162817,0.24638830667314868,2
shared_support_1101,27,28,11.909444532213833,46.77484582225409,0.25461216008001614,0
shared_support_1101,27,29,25.930847169226322,110.47156727321781,0.23472869815537475,2
shared_support_1101,27,30,18.176151509971035,51.09691305376888,0.35571917017461335,0
shared_support_1101,27,31,18.408530462883515,61.152784471337206,0.3010252210430702,2
shared_support_1101,27,32,15.165477491946486,74.50532494299581,0.20354890745795184,0
shared_support_1101,27,33,11.508396311584796,50.06519207194164,0.22986821452812367,0
shared_support_1101,27,34,15.76806664682765,88.70018113196174,0.1777681448403026,2
shared_support_1101,27,35,8.250171936148487,69.91473889995744,0.1180033289969636,0
shared_support_1101,27,36,9.029204332217724,49.037837517024435,0.18412729413451523,0
shared_support_1101,27,37,7.486078327401052,55.656772835794065,0.13450435492347831,0
shared_support_1101,27,38,7.95295389702493,76.90917476827164,0.10340708921903381,2
shared_support_1101,27,39,4.386909396383144,28.356988453036987,0.154702936937343,1
shared_support_1101,27,40,10.628546165374326,68.30953383349889,0.15559389105598176,3
shared_support_1101,27,41,7.310108490590361,69.01974964759785,0.10591328609440676,1
shared_support_1101,27,42,10.528142401034714,27.69457351804582,0.38015181545130355,0
shared_support_1101,27,43,19.625966591289174,68.47498575085896,0.28661512486759416,2
shared_support_1101,27,44,22.99885057156244,290.55070691459326,0.07915606475644509,1
shared_support_1101,27,45,9.552975547856184,20.380284717939574,0.4687361182666529,0
shared_support_1101,27,46,7.036030210453044,67.45407832450994,0.1043084478391939,1
shared_support_1101,27,47,28.17740627976798,56.19055063725958,0.5014616507616804,0
shared_support_1101,27,48,14.097654860158976,64.68709586850116,0.21793612266683487,3
shared_support_1101,27,49,18.036637106194576,45.92419241310949,0.39274805191883677,0
shared_support_1101,27,50,14.37325611914303,83.3821505114022,0.17237809328481568,0
shared_support_1101,27,51,12.81894240175339,46.18999937577143,0.27752636014274246,2
shared_support_1101,27,52,15.668901569780171,26.955697876983802,0.5812834689455065,2
shared_support_1101,27,53,14.793027438440193,58.06365727518185,0.25477257432013634,0
shared_support_1101,27,54,12.93234991256415,59.18249406495327,0.2185164737797429,0
shared_support_1101,27,55,15.558124703061473,118.70889948642125,0.1310611484932612,0
shared_support_1101,27,56,16.796339565676476,49.080599541008034,0.34221952711972736,2
shared_support_1101,27,57,15.563841675089542,67.89714143094898,0.2292267589927609,2
shared_support_1101,27,58,6.850187156949589,34.64848596104587,0.1977052378176358,2
shared_support_1101,27,59,7.677592235356109,79.77949366330468,0.09623515872083667,2
shared_support_1101,27,60,9.619265625857295,96.69058438738391,0.09948502935216935,2
shared_support_1101,27,61,17.553936841190524,95.82939640653728,0.1831790400382093,0
shared_support_1101,27,62,6.578883730134328,22.409948663128837,0.29356978139617906,0
shared_support_1101,27,63,10.181146552252544,40.243983934204344,0.25298555354007435,0
shared_support_1101,28,0,18.711351888026456,31.597797149750374,0.5921726694854195,0
shared_support_1101,28,1,13.170174505322992,31.303379724266193,0.42072691898867237,0
shared_support_1101,28,2,14.20013775766674,64.43091786589142,0.22039322468171824,2
shared_support_1101,28,3,8.722001408365674,31.531347246057557,0.2766136613289243,2
shared_support_1101,28,4,8.113113602940748,64.91592855250823,0.12497878076839544,3
shared_support_1101,28,5,11.459998166852223,160.87694404599836,0.07123455902777187,2
shared_support_1101,28,6,15.256327884046799,126.54688333835323,0.1205587011041226,2
shared_support_1101,28,7,13.657028494159055,67.80981390724581,0.20140194622624874,0
shared_support_1101,28,8,29.5903950198688,229.9441594734633,0.12868513419791244,0
shared_support_1101,28,9,13.182726236841306,31.95173470970548,0.4125824890764693,0
shared_support_1101,28,10,9.220108110501105,100.81768992036963,0.09145327687813085,0
shared_support_1101,28,11,46.194548279477466,240.45388867821345,0.19211395803748949,1
shared_support_1101,28,12,38.36450641497637,242.5553726585644,0.15816803393994724,2
shared_support_1101,28,13,26.75012155069808,83.28655257102973,0.3211817601393049,2
shared_support_1101,28,14,20.19842734616862,64.7162826360462,0.31210734800330353,2
shared_support_1101,28,15,16.942331163178512,96.08576141753005,0.1763250965932141,0
shared_support_1101,28,16,40.70766799191959,201.08692130408014,0.20243816817087854,0
shared_support_1101,28,17,20.16920864047673,54.588965939589336,0.36947409230643613,2
shared_support_1101,28,18,18.336389948351012,58.59674063189844,0.31292508338542624,2
shared_support_1101,28,19,12.536297667912077,109.90149259012895,0.11406849327029114,2
shared_support_1101,28,20,12.892884206331367,80.97999583660535,0.15921072942934633,0
shared_support_1101,28,21,12.23889600153258,44.62576064060784,0.27425630007963664,0
shared_support_1101,28,22,12.11823011362479,65.97998042315491,0.18366525779343876,2
shared_support_1101,28,23,12.052607016064583,41.43802938333407,0.2908585952427557,0
shared_support_1101,28,24,9.863971138214657,32.229707540594205,0.30605214539383313,0
shared_support_1101,28,25,9.50300780628578,54.1274014450095,0.1755674123011488,2
shared_support_1101,28,26,8.952258678155228,20.7298704549168,0.43185309322721277,0
shared_support_1101,28,27,10.668004069690296,32.67352321604996,0.326503022008044,2
shared_support_1101,28,28,6.637126347915583,32.278100500075105,0.20562320102758647,0
shared_support_1101,28,29,16.154336209847408,69.61389413031075,0.23205620676251767,0
shared_support_1101,28,30,18.474656053733074,124.80925292085976,0.14802312826475822,0
shared_support_1101,28,31,15.900566251988256,132.84725746707124,0.11969058718377772,0
shared_support_1101,28,32,13.032217276419205,25.991979826211004,0.5013937900673949,0
shared_support_1101,28,33,9.428860123269008,42.22523617359308,0.22329916840502245,2
shared_support_1101,28,34,7.867295383768417,33.898862159136094,0.23208139986634035,0
shared_support_1101,28,35,6.286705219597793,53.24353981973859,0.11807451647433796,0
shared_support_1101,28,36,17.63984220390923,72.24018054546806,0.2441832519065576,0
shared_support_1101,28,37,15.677061392237766,85.35517603495826,0.1836685497059608,0
shared_support_1101,28,38,12.820166142350242,41.981932874707105,0.30537341338264157,2
shared_support_1101,28,39,6.249640244230915,61.67468619110908,0.10133233957389559,2
shared_support_1101,28,40,5.840428243380516,46.78732960794911,0.1248292709227037,0
shared_support_1101,28,41,12.79923866020871,59.147092497034244,0.2163967512156323,2
shared_support_1101,28,42,23.366256798136106,114.15109774150892,0.20469585716160313,3
shared_support_1101,28,43,8.66171334681317,58.13509106817994,0.1489928576297377,2
shared_support_1101,28,44,13.513079530403793,119.81204145394932,0.11278565465056073,0
shared_support_1101,28,45,9.323541436496757,54.78737685936756,0.17017681756199313,2
shared_support_1101,28,46,10.483697192489874,73.67676867414913,0.14229311872859424,0
shared_support_1101,28,47,10.296380487059201,66.87210645999545,0.15397123004071586,0
shared_support_1101,28,48,21.530719347150672,82.92425411993456,0.25964320783652123,2
shared_support_1101,28,49,15.463910523622403,56.42556371867387,0.27405859161145907,2
shared_support_1101,28,50,21.425905940558724,100.79162312617696,0.21257625659759938,0
shared_support_1101,28,51,13.470490313117804,77.75434072257801,0.17324422261105088,0
shared_support_1101,28,52,9.125434529470876,37.526107532778305,0.24317562170550175,1
shared_support_1101,28,53,7.241302983092584,81.65040670104915,0.08868667377990584,1
shared_support_1101,28,54,21.6060280690418,135.9068984492633,0.15897668415343721,2
shared_support_1101,28,55,15.829220014126863,67.0989602194942,0.2359085738787352,0
shared_support_1101,28,56,10.650023548376875,44.14726342301566,0.24123858927175565,0
shared_support_1101,28,57,16.954645123357647,70.76469722602512,0.23959185565655525,2
shared_support_1101,28,58,13.93323855952336,31.641332818506253,0.44034929373689796,3
shared_support_1101,28,59,22.671770991476684,82.89942507631794,0.27348526205826945,2
shared_support_1101,28,60,16.85037700517778,81.56857070998151,0.20657928487051208,0
shared_support_1101,28,61,13.626558264234394,58.16363122135458,0.23427970328013925,0
shared_support_1101,28,62,15.815309981296874,39.2564574140807,0.40287155344853304,3
shared_support_1101,28,63,22.288822407715294,82.17821936887673,0.2712254241925899,2
shared_support_1101,29,0,23.61468832317939,59.87595253112617,0.39439353070672956,0
shared_support_1101,29,1,16.846245929570888,57.990658249939315,0.2904993051978077,0
shared_support_1101,29,2,23.646877754957966,63.17678653859631,0.37429693801395686,0
shared_support_1101,29,3,15.560019929895047,55.68275606776006,0.2794405490805832,0
shared_support_1101,29,4,19.086351968975656,76.94889076593601,0.2480393385660715,1
shared_support_1101,29,5,10.496731900835929,75.06960654298682,0.13982665401110403,0
shared_support_1101,29,6,6.8739980922698045,40.979634748945124,0.16774180966673333,2
shared_support_1101,29,7,14.559729279275347,82.36760287308704,0.17676524229689125,0
shared_support_1101,29,8,21.142030437013617,60.99163464873586,0.3466381997920729,0
shared_support_1101,29,9,10.6577980985242,51.92633615119713,0.2052484132038746,0
shared_support_1101,29,10,3.7936535618357903,72.98622236703388,0.051977667000741946,0
shared_support_1101,29,11,8.463959838232364,65.34662842911848,0.129524048014401,1
shared_support_1101,29,12,15.97483586582097,53.83857223708134,0.29671730140752683,0
shared_support_1101,29,13,4.660444858477887,26.54406968729571,0.1755738631408291,0
shared_support_1101,29,14,36.099481047331125,243.55958621917634,0.14821621931499604,1
shared_support_1101,29,15,49.74555898047355,270.6925118021281,0.1837714632344051,1
shared_support_1101,29,16,6.2099513684988645,106.25429951629627,0.05844423610873686,3
shared_support_1101,29,17,8.170779277814574,61.72865231721936,0.13236607265983216,1
shared_support_1101,29,18,15.539244103723613,148.2897986259043,0.10478970399659784,0
shared_support_1101,29,19,14.250261393850213,32.6751062361534,0.4361198182756939,0
shared_support_1101,29,20,9.661707960027053,53.59061014532272,0.18028732895235206,0
shared_support_1101,29,21,6.339912106049755,25.248781951636015,0.25109774080166886,3
shared_support_1101,29,22,19.374122493339215,73.39087619876112,0.2639854365666541,2
shared_support_1101,29,23,21.530774428381466,58.74229208834307,0.3665293549662846,0
shared_support_1101,29,24,13.691334840913758,84.52268914129968,0.1619841368040888,3
shared_support_1101,29,25,9.395041225358984,79.65622952598528,0.11794483973527964,0
shared_support_1101,29,26,8.911026843753298,82.85339637553332,0.10755173877681533,0
shared_support_1101,29,27,13.367708249086933,39.38571800076554,0.3394049652421495,2
shared_support_1101,29,28,21.177238872237943,58.054702524328924,0.36478076626718087,2
shared_support_1101,29,29,7.607720831463535,104.91894188294842,0.07251046088466084,0
shared_support_1101,29,30,12.363765537079681,136.084394984509,0.09085366135101013,0
shared_support_1101,29,31,7.515890537694317,44.99013979662532,0.16705639439373512,7
shared_support_1101,29,32,20.47858421571782,75.42725870889484,0.27150110671200706,0
shared_support_1101,29,33,18.58105499565647,89.32524172529038,0.20801572586615988,3
shared_support_1101,29,34,12.291187792241027,81.67699237893973,0.15048531335747725,2
shared_support_1101,29,35,13.164340971966373,102.84225739103077,0.12800517322283594,0
shared_support_1101,29,36,14.038765486695933,71.30922270457197,0.19687166616381926,2
shared_support_1101,29,37,15.097635820843482,57.967626764585795,0.2604494381347882,0
shared_support_1101,29,38,10.852594594051006,36.2368198139556,0.2994908121013266,0
shared_support_1101,29,39,8.101232943792747,59.48424083861415,0.13619124711992353,2
shared_support_1101,29,40,10.644719228057996,49.531637763062406,0.21490747548017,2
shared_support_1101,29,41,10.093588124137195,59.40685179496277,0.16990612730959515,2
shared_support_1101,29,42,12.800399725204311,47.11559163063287,0.27168075964224864,1
shared_support_1101,29,43,13.196702892895978,54.942570760956826,0.2401908521956856,0
shared_support_1101,29,44,12.627997222673958,65.64981942384571,0.19235387596644543,2
shared_support_1101,29,45,10.094637473016354,90.00824399156183,0.11215236544291116,2
shared_support_1101,29,46,17.08188510984098,69.92242852460735,0.2442976519877232,2
shared_support_1101,29,47,21.433886243020474,90.98715462582173,0.23557046410744267,2
shared_support_1101,29,48,16.651934993479465,103.91624175687502,0.16024381474879296,0
shared_support_1101,29,49,17.75982217227415,67.44886747547118,0.2633079373605907,2
shared_support_1101,29,50,14.966120893567961,70.40455853889326,0.21257317997811603,2
shared_support_1101,29,51,18.73413836223541,68.8234683040527,0.27220567088352104,2
shared_support_1101,29,52,12.805397064061099,44.315001243698006,0.28896303068212464,2
shared_support_1101,29,53,15.431609777045898,96.94043101806236,0.15918651913328727,2
shared_support_1101,29,54,19.50832894959149,71.28518548823018,0.27366596321493036,2
shared_support_1101,29,55,13.720324568552794,69.83728802795166,0.19646130249303745,2
shared_support_1101,29,56,13.982039295204888,74.21534207689758,0.18839823281711104,2
shared_support_1101,29,57,13.503817073416043,49.54315051476158,0.27256678134331663,1
shared_support_1101,29,58,14.154227744492472,65.82601186061525,0.21502484115950476,3
shared_support_1101,29,59,6.785166170563435,67.95944662145698,0.09984139818497492,0
shared_support_1101,29,60,25.219807920120008,282.08162423086844,0.08940606460589212,0
shared_support_1101,29,61,16.73461199183917,105.74707533798352,0.1582512985664411,1
shared_support_1101,29,62,44.73807938459895,191.7414715069618,0.2333250028436054,2
shared_support_1101,29,63,16.248466540515658,43.12960212818874,0.37673583197504035,1
shared_support_1101,30,0,11.345311949252654,28.281689531548697,0.4011539670074084,0
shared_support_1101,30,1,13.82749520061632,49.9069215352495,0.27706568097673373,3
shared_support_1101,30,2,16.361944352314435,54.33445611926552,0.30113385724151814,3
shared_support_1101,30,3,20.383974616421913,78.37097359981883,0.26009597278333463,3
shared_support_1101,30,4,16.86133637332711,64.2015826165781,0.26263116400144915,3
shared_support_1101,30,5,6.712961339590777,54.98212577932202,0.12209352120240183,0
shared_support_1101,30,6,21.244650418318688,95.8306961479778,0.22168940926311936,2
shared_support_1101,30,7,14.616990633333282,57.88159568476109,0.2525326135260919,0
shared_support_1101,30,8,40.00317643633297,152.32552606442135,0.2626163681812257,2
shared_support_1101,30,9,11.512742783558815,51.889578856926754,0.2218700370512253,3
shared_support_1101,30,10,10.792504458884238,50.436273383560625,0.2139829875377348,3
shared_support_1101,30,11,15.099696891045463,61.43152096950723,0.24579721701079973,3
shared_support_1101,30,12,9.678186421042266,67.55709616388113,0.14325936090510405,0
shared_support_1101,30,13,15.251495596231374,53.12283752265412,0.2870986624110093,2
shared_support_1101,30,14,7.2446366667643955,31.884328560925265,0.22721622169089079,2
shared_support_1101,30,15,12.16983096593023,50.20831446501598,0.2423867659291748,2
shared_support_1101,30,16,9.40553740484251,41.50159368612138,0.22663075244717246,0
shared_support_1101,30,17,10.107760146399835,55.9146689103573,0.18077117048845717,2
shared_support_1101,30,18,6.102052623234107,67.19400284587492,0.09081245892182646,3
shared_support_1101,30,19,9.834182875428947,42.081596436972376,0.2336931986446397,0
shared_support_1101,30,20,12.34797275599899,63.7662452194437,0.19364434448829407,0
shared_support_1101,30,21,3.8747044846578973,73.67215946521759,0.052593876883536166,1
shared_support_1101,30,22,9.382509406859576,53.96909172911826,0.1738496814797677,1
shared_support_1101,30,23,10.232312690767765,37.26087487162169,0.27461278689837776,1
shared_support_1101,30,24,8.509525396678475,54.007147687339675,0.15756294788871572,0
shared_support_1101,30,25,32.35851824067694,299.5699323873782,0.1080165755715219,2
shared_support_1101,30,26,12.410177530798808,48.15357048156575,0.25772081710015043,3
shared_support_1101,30,27,13.975192138248893,27.6581480394637,0.5052830044263469,2
shared_support_1101,30,28,15.651447827833673,47.75805024079731,0.3277237606836685,1
shared_support_1101,30,29,11.251743331163464,27.652160523111927,0.40690286466980236,0
shared_support_1101,30,30,16.941252396116074,63.253683786389985,0.26783028879910464,0
shared_support_1101,30,31,13.965184102555567,68.00175367567086,0.20536505821837242,3
shared_support_1101,30,32,8.360597060474952,73.91067506712051,0.1131175848804309,2
shared_support_1101,30,33,11.090144704446887,65.70049973973991,0.1687984832440909,2
shared_support_1101,30,34,12.115618218580313,75.54374927228783,0.16037883127710684,0
shared_support_1101,30,35,10.60391429910268,97.91005237237394,0.10830261083686903,0
shared_support_1101,30,36,13.628653947593927,58.97732946397843,0.231082927481786,3
shared_support_1101,30,37,11.833306585482532,80.5843572959117,0.14684371734863824,3
shared_support_1101,30,38,12.7324997291582,71.83274674748684,0.17725202370329327,3
shared_support_1101,30,39,12.115856609829406,42.47595450335531,0.2852403613171856,0
shared_support_1101,30,40,12.345896444168728,70.59381679649779,0.17488637113585304,2
shared_support_1101,30,41,5.368594130558473,40.274309674453086,0.1333007113952817,1
shared_support_1101,30,42,6.737526270131368,33.8447328926141,0.19907163373127673,2
shared_support_1101,30,43,7.26824173577763,55.51407858914087,0.1309260987572146,2
shared_support_1101,30,44,12.439008303937449,58.283691128945996,0.21342176624362322,0
shared_support_1101,30,45,8.045740969657912,60.372966111251166,0.1332672798423018,0
shared_support_1101,30,46,17.2407759156222,59.543411990205584,0.28954968046604673,2
shared_support_1101,30,47,5.764898063199525,42.99070332275229,0.13409638869872886,0
shared_support_1101,30,48,11.369900793089238,59.199713365638104,0.192060064934179,2
shared_support_1101,30,49,28.64722374789802,275.80004377504935,0.10386954025019496,1
shared_support_1101,30,50,18.549514236130427,112.92406097957432,0.16426538396883955,2
shared_support_1101,30,51,8.119101976197337,45.21171166582198,0.17957961946251666,0
shared_support_1101,30,52,11.605369479454064,81.06406434152997,0.14316293629887136,2
shared_support_1101,30,53,5.161689823052302,46.300300577131985,0.11148285775064047,0
shared_support_1101,30,54,31.80994525305022,162.08537035593824,0.19625426516406647,2
shared_support_1101,30,55,6.381444339643592,48.335925102145545,0.13202280345639503,0
shared_support_1101,30,56,25.235096714819942,67.58597928757919,0.3733776884025648,0
shared_support_1101,30,57,39.224016313711125,141.968898999763,0.2762859794649573,0
shared_support_1101,30,58,7.8013287442668355,68.13045624610777,0.1145057463887528,3
shared_support_1101,30,59,7.414259122064897,70.13386875788387,0.10571581538814578,0
shared_support_1101,30,60,8.266899065024553,53.58299824967661,0.15428212931467392,2
shared_support_1101,30,61,7.303776511004488,39.01255296440766,0.18721606139613434,2
shared_support_1101,30,62,6.269184578023052,37.298206776578475,0.16808273426055984,2
shared_support_1101,30,63,9.003023250934966,33.018308471059456,0.2726676098149036,0
shared_support_1101,31,0,14.910306371948932,35.35177813009524,0.42176962972212345,0
shared_support_1101,31,1,25.440561724882027,96.14421469937297,0.26460834699654523,0
shared_support_1101,31,2,16.282588661658664,44.93471222370451,0.3623610312801575,0
shared_support_1101,31,3,12.133797960437908,62.483222485334494,0.1941928965537244,0
shared_support_1101,31,4,11.694360390290436,75.60988788193487,0.15466707751969194,2
shared_support_1101,31,5,13.277299982313188,42.32612202564946,0.31369044332167256,0
shared_support_1101,31,6,10.17942922779628,82.1570756635975,0.12390203942357,2
shared_support_1101,31,7,13.279787222717529,64.80262105208676,0.20492669906119323,1
shared_support_1101,31,8,6.516468694707782,48.81311013780706,0.13349833018856552,0
shared_support_1101,31,9,33.612963261191936,227.30367456534694,0.14787690223427793,0
shared_support_1101,31,10,17.73705338760504,81.99786118089986,0.21631117119597035,2
shared_support_1101,31,11,4.3516652136232405,29.61904730077531,0.1469211743859611,0
shared_support_1101,31,12,19.184319140290437,79.20218020707101,0.24221958398283713,2
shared_support_1101,31,13,7.534871604141282,43.46284935161865,0.17336349817250687,6
shared_support_1101,31,14,17.72818856697107,42.955135852360016,0.41271406119873927,0
shared_support_1101,31,15,9.135696836933922,19.830968792106187,0.46067829225622253,2
shared_support_1101,31,16,6.8013167415518145,31.96201060637541,0.2127937702453289,1
shared_support_1101,31,17,15.1193285167562,51.241979933048725,0.2950574614117306,2
shared_support_1101,31,18,8.48292745657731,38.75924366844438,0.21886204821596242,0
shared_support_1101,31,19,3.4186009803537347,30.272554310052957,0.1129274043194459,3
shared_support_1101,31,20,9.60663946823179,39.150093397344556,0.24537973308853928,0
shared_support_1101,31,21,7.879099041175713,47.16533030287587,0.16705276928157736,2
shared_support_1101,31,22,11.918853935023726,60.40247848243434,0.19732392170777976,2
shared_support_1101,31,23,11.600818271829134,21.789553813298813,0.5324027454269765,0
shared_support_1101,31,24,15.719153221108051,71.36481759431835,0.22026474320253175,0
shared_support_1101,31,25,20.02640205758603,59.533871050347685,0.3363866938981632,0
shared_support_1101,31,26,8.15161421396126,49.6815028379739,0.16407744831202245,1
shared_support_1101,31,27,10.264449390792617,26.340555895307347,0.38968233744152914,0
shared_support_1101,31,28,15.062884608412595,76.76051196805018,0.19623220614633444,3
shared_support_1101,31,29,6.55270569354606,34.441926393602486,0.19025375115961027,0
shared_support_1101,31,30,28.476522890856184,234.80073791631096,0.12127952894682108,1
shared_support_1101,31,31,7.701059466563801,71.9693070363987,0.10700477444737609,3
shared_support_1101,31,32,11.855758876326355,59.39767162575464,0.19959972422868064,2
shared_support_1101,31,33,8.244877870257685,46.91280030880887,0.1757490027451961,1
shared_support_1101,31,34,20.913304499351273,48.50814548488715,0.43112974718579733,2
shared_support_1101,31,35,17.69094515386225,75.1042682632384,0.23555179436481521,1
shared_support_1101,31,36,31.33555443127891,113.54306636286003,0.2759794625515661,2
shared_support_1101,31,37,12.442197323599682,74.10714455360255,0.1678947070292271,2
shared_support_1101,31,38,19.817421980676283,72.35353212123837,0.2738970911256889,0
shared_support_1101,31,39,12.403220887752498,52.64021168766668,0.2356225495699993,0
shared_support_1101,31,40,10.516434535097641,74.76734947045098,0.14065544130668792,3
shared_support_1101,31,41,9.409630792111598,59.648597595154094,0.15775108169309324,2
shared_support_1101,31,42,37.89429625213019,249.8505933023352,0.15166782576447865,0
shared_support_1101,31,43,37.04562402781692,227.6701690842981,0.16271619675435062,3
shared_support_1101,31,44,12.945726285296292,95.40867821919561,0.13568709395128897,2
shared_support_1101,31,45,11.253461078561077,59.629990638409105,0.18872149665092272,2
shared_support_1101,31,46,15.370564005935387,68.61146465382329,0.22402326030331843,2
shared_support_1101,31,47,10.015594627201653,50.63891865183117,0.1977845280635643,2
shared_support_1101,31,48,25.61657078139633,73.36453768262714,0.3491682983434431,0
shared_support_1101,31,49,8.989248353561695,29.76393510833404,0.30201814111080577,0
shared_support_1101,31,50,9.799874153597992,32.95782328548517,0.2973459159820763,0
shared_support_1101,31,51,5.320434291018197,47.658730750278956,0.11163608865070447,2
shared_support_1101,31,52,10.745196439080837,126.42998394105287,0.08498930478462066,3
shared_support_1101,31,53,7.172890175293005,54.324065630901096,0.13203890563030427,3
shared_support_1101,31,54,11.7072051713885,93.64351131813775,0.12501886149500824,0
shared_support_1101,31,55,12.414789999579725,62.56772117426929,0.1984216424472441,0
shared_support_1101,31,56,33.683597437062126,207.22414187672985,0.162546685593705,3
shared_support_1101,31,57,56.93845285078259,277.89353987455866,0.2048930424092789,0
shared_support_1101,31,58,15.348390109619094,64.44695765061411,0.23815538652463977,0
shared_support_1101,31,59,28.227710212955504,136.0720495856624,0.20744679233471172,2
shared_support_1101,31,60,27.517780279500858,137.6348995532085,0.199933159168418,0
shared_support_1101,31,61,9.377123548762956,71.40616387500103,0.13132092581220212,0
shared_support_1101,31,62,26.311031627679824,149.3138003684535,0.17621299278937064,0
shared_support_1101,31,63,9.712643617474694,86.02084638157031,0.11291034703833833,2
shared_support_1102,0,0,21.147462934564548,42.36299599829007,0.49919658504365794,0
shared_support_1102,0,1,20.922532146308537,48.01835829925902,0.4357194391344153,0
shared_support_1102,0,2,8.139609815296584,52.58935172489037,0.15477676655679581,0
shared_support_1102,0,3,13.339924093709065,59.69560147258585,0.22346577913006185,0
shared_support_1102,0,4,17.02138698455613,156.91273936382282,0.1084767690218562,2
shared_support_1102,0,5,14.20901676267715,125.89394628469496,0.11286497231999591,2
shared_support_1102,0,6,6.814904907538557,46.10905010558437,0.1477997246079287,5
shared_support_1102,0,7,13.298850719415968,82.42148851080603,0.1613517416355857,0
shared_support_1102,0,8,53.98054110041806,244.29528017789968,0.22096432260626803,1
shared_support_1102,0,9,12.084805211976219,68.48928351886623,0.1764481184658226,2
shared_support_1102,0,10,8.166323953615867,35.71597845439881,0.22864623361900635,0
shared_support_1102,0,11,22.751986527661078,144.83540444348284,0.15708856971182952,2
shared_support_1102,0,12,15.106925679849933,117.51502537748904,0.12855314144997657,0
shared_support_1102,0,13,15.383877034379914,183.3974549561333,0.08388271820925526,1
shared_support_1102,0,14,23.095870140804113,192.62016451076025,0.11990369855339791,2
shared_support_1102,0,15,8.946192019251274,37.08627154936188,0.2412265144352373,2
shared_support_1102,0,16,10.449081197141266,40.04241148170505,0.260950347656143,3
shared_support_1102,0,17,18.518992551746578,190.02033106706963,0.0974579533029553,3
shared_support_1102,0,18,15.286777951945576,190.41323635419243,0.08028211822160439,3
shared_support_1102,0,19,7.652091323530512,17.38024129734885,0.44027532141902703,0
shared_support_1102,0,20,8.254362480638603,54.547758231838245,0.15132358777341515,2
shared_support_1102,0,21,6.234906237870973,53.997502636782706,0.1154665666634701,1
shared_support_1102,0,22,8.352395785108174,51.67843342393767,0.16162246476378883,1
shared_support_1102,0,23,11.710520972166329,49.73385609108488,0.2354637643765072,0
shared_support_1102,0,24,14.635512710741867,70.1803311590278,0.20854151681869337,2
shared_support_1102,0,25,28.02411216152072,145.93634876458387,0.19202969238820417,2
shared_support_1102,0,26,14.057413959686796,92.71023141528666,0.15162742822545602,1
shared_support_1102,0,27,11.512258698652467,49.458888533283535,0.2327642015429694,0
shared_support_1102,0,28,34.39966839299933,182.84323852223363,0.1881374923733718,2
shared_support_1102,0,29,8.42883450333245,69.69284064084854,0.1209426165704619,1
shared_support_1102,0,30,9.432192976449079,12.820656161919446,0.7357028265421429,0
shared_support_1102,0,31,11.497890409108223,33.49291561332069,0.3432932068934399,2
shared_support_1102,0,32,11.274571255212976,67.31295048735478,0.16749483083988398,2
shared_support_1102,0,33,32.02421951801953,139.04290812996453,0.23031897094734405,2
shared_support_1102,0,34,8.358137273132101,80.60839360747156,0.10368817562390165,0
shared_support_1102,0,35,7.412781058015111,29.813960034696006,0.24863456747739932,2
shared_support_1102,0,36,16.459570711356008,102.40500723720517,0.1607301357171919,2
shared_support_1102,0,37,20.044342692950345,144.61789174574568,0.13860209446415195,2
shared_support_1102,0,38,15.85440274742373,45.51538280280071,0.34833064715975887,0
shared_support_1102,0,39,28.497290387760685,135.73919228397082,0.2099415055317511,2
shared_support_1102,0,40,24.310386022807855,127.87824916497178,0.19010571525299644,2
shared_support_1102,0,41,9.496448732721765,64.67383044255072,0.14683603348896102,1
shared_support_1102,0,42,11.673217092091631,61.642177754412195,0.18937061468851318,0
shared_support_1102,0,43,7.160146443119114,67.90998253290755,0.10543584574844322,5
shared_support_1102,0,44,16.65115173301522,110.66172903355664,0.1504689279521919,2
shared_support_1102,0,45,7.475522345799351,52.87956160160212,0.1413688411814076,0
shared_support_1102,0,46,11.133594304624657,45.2447529658587,0.24607481696332767,0
shared_support_1102,0,47,6.36767085768311,63.697040135660245,0.09996808084208333,5
shared_support_1102,0,48,20.99324678858797,140.4230335057465,0.1495000233542802,0
shared_support_1102,0,49,5.371780296764973,19.802911814138497,0.2712621430212972,0
shared_support_1102,0,50,10.005481063457623,83.69528280526889,0.11954653509848401,3
shared_support_1102,0,51,12.671792703865858,86.38075160961682,0.14669694888895943,2
shared_support_1102,0,52,4.647678813436921,38.80713068018448,0.11976352623797817,0
shared_support_1102,0,53,11.892472573769288,43.17582285487494,0.27544287027818676,3
shared_support_1102,0,54,9.618245711444011,67.0839998844202,0.14337615121363365,3
shared_support_1102,0,55,11.632918960239449,90.5594193525764,0.1284562008392393,2
shared_support_1102,0,56,18.41208256478894,77.78246519240203,0.23671250993710435,2
shared_support_1102,0,57,8.557355423783935,54.9926047550603,0.15560920349015667,2
shared_support_1102,0,58,10.071180410647134,71.30714961622097,0.14123661462911904,2
shared_support_1102,0,59,13.16669534801811,38.93766876403537,0.33814801363196856,0
shared_support_1102,0,60,9.07512976145649,42.08160298754421,0.21565551493232446,2
shared_support_1102,0,61,20.77205021807324,66.92200541726385,0.31039192696868406,2
shared_support_1102,0,62,27.327375035410714,103.4530211923646,0.2641525082636023,0
shared_support_1102,0,63,14.973547981294692,49.39988116495848,0.30310898787983503,2
shared_support_1102,1,0,14.487556567303939,38.73868791611882,0.3739816020272539,0
shared_support_1102,1,1,8.539329567794777,23.12140325781232,0.3693257486398229,0
shared_support_1102,1,2,18.196080151992824,59.365595504899325,0.3065088456914601,3
shared_support_1102,1,3,21.46076239353279,197.45663780190154,0.10868595065952308,2
shared_support_1102,1,4,12.46430859338151,82.09956470529578,0.15181942362451414,0
shared_support_1102,1,5,17.038177282287656,44.59773266520516,0.3820413340335735,0
shared_support_1102,1,6,12.982123189876575,57.566366854139396,0.2255157637926055,3
shared_support_1102,1,7,7.6903406400548695,76.57186772823532,0.10043297712612947,0
shared_support_1102,1,8,20.573541179600486,114.7370892109186,0.17931029382992808,2
shared_support_1102,1,9,8.870622024086053,50.471621655401904,0.17575464653485418,0
shared_support_1102,1,10,10.394508801789408,65.35815855229971,0.15903919314788686,0
shared_support_1102,1,11,17.13295485358719,87.03165022146229,0.19685889914749827,3
shared_support_1102,1,12,19.806851477417336,75.40480707012836,0.2626735913400915,3
shared_support_1102,1,13,16.22185316115573,148.92281330614819,0.10892792582294054,3
shared_support_1102,1,14,15.411071185043673,55.598088440031134,0.27718706915016095,0
shared_support_1102,1,15,9.810884568294094,51.68036055678156,0.18983777323911682,0
shared_support_1102,1,16,40.96004012744894,301.268090802201,0.1359587735242145,1
shared_support_1102,1,17,10.879484182491487,50.80458303006951,0.21414375502407507,5
shared_support_1102,1,18,7.629906340512797,38.075828084232526,0.20038714124965795,3
shared_support_1102,1,19,13.101622676058957,77.23531484896442,0.16963254052475227,3
shared_support_1102,1,20,15.638749138674957,180.34059307117718,0.08671785354782893,3
shared_support_1102,1,21,10.224838423008856,96.39630256504782,0.10607085698239493,3
shared_support_1102,1,22,14.989364302840592,61.77713210208418,0.24263613076229051,2
shared_support_1102,1,23,16.305248077771747,132.1089095649862,0.12342277391784065,0
shared_support_1102,1,24,8.049857278619436,43.69529416207665,0.1842270988898833,0
shared_support_1102,1,25,22.37901848738474,82.92075316108469,0.26988440932163865,2
shared_support_1102,1,26,21.459802067348935,150.06356632781444,0.14300474520557452,2
shared_support_1102,1,27,5.871555228025058,71.68665906740412,0.08190582884472643,0
shared_support_1102,1,28,6.12859467702206,73.84804161253311,0.08298926475501751,0
shared_support_1102,1,29,8.195203401763374,61.07733409642533,0.13417749027528386,1
shared_support_1102,1,30,4.823145917667743,68.47112397216527,0.07044058338560993,5
shared_support_1102,1,31,9.349240248651485,118.86868978228455,0.07865183225099229,0
shared_support_1102,1,32,7.30679016699489,78.76346997749901,0.09276876919061945,1
shared_support_1102,1,33,8.858597967738188,68.58129335675406,0.12916930454572378,5
shared_support_1102,1,34,14.47160021097978,114.27711490749923,0.12663603051839128,3
shared_support_1102,1,35,15.014434653790916,101.0341206313746,0.1486075650479647,2
shared_support_1102,1,36,22.738597353458733,136.36157688822937,0.16675223235425574,1
shared_support_1102,1,37,11.33785801063125,82.28276499139534,0.13779140761515365,0
shared_support_1102,1,38,11.837791262622364,69.30061518365308,0.17081798236929233,0
shared_support_1102,1,39,53.70204438295746,351.5816019798883,0.15274418251848515,1
shared_support_1102,1,40,13.355984674660547,63.9932214930976,0.20870936582089625,3
shared_support_1102,1,41,14.511439961206953,62.83636910784962,0.23094014131052268,3
shared_support_1102,1,42,16.586263491453423,169.70270108205807,0.09773718029056767,3
shared_support_1102,1,43,14.80198051374116,83.01017604311801,0.17831525265110343,0
shared_support_1102,1,44,14.170650824305515,131.14364449426873,0.10805442291124374,2
shared_support_1102,1,45,19.115879224240604,164.6558683904311,0.11609594854471349,2
shared_support_1102,1,46,10.802796588947043,87.29242863771097,0.1237541074012478,0
shared_support_1102,1,47,4.539833338142951,39.463797945665455,0.11503792271573769,2
shared_support_1102,1,48,21.628591779405927,95.96842897222693,0.22537194795243753,2
shared_support_1102,1,49,9.570994347958951,158.68331709964568,0.06031506350443138,3
shared_support_1102,1,50,13.613682680151532,89.59801811580616,0.15194178360681748,0
shared_support_1102,1,51,7.5850057957342045,45.78139964458891,0.16567876593154154,2
shared_support_1102,1,52,40.725330291366625,63.27636155317048,0.6436104935829084,2
shared_support_1102,1,53,12.651206329174066,34.60926753735684,0.3655438912574067,1
shared_support_1102,1,54,16.964057818228788,104.74375021551494,0.1619577090119886,2
shared_support_1102,1,55,14.952524102165212,71.3081728323569,0.20968878472483216,2
shared_support_1102,1,56,10.558273476975778,100.83606701819237,0.10470731147289694,2
shared_support_1102,1,57,8.347411288344171,79.73562550374348,0.10468860356469231,0
shared_support_1102,1,58,7.377274424812989,58.413209251445245,0.12629462615308135,2
shared_support_1102,1,59,14.36811847266944,50.991855668937184,0.2817728102690347,2
shared_support_1102,1,60,17.17524077700771,86.24100261932728,0.19915400163910668,2
shared_support_1102,1,61,28.80929840286358,128.51624840538437,0.22416852935193968,2
shared_support_1102,1,62,12.908813057105059,57.40504055969159,0.22487246644625333,0
shared_support_1102,1,63,16.502516844137535,91.76980988650948,0.1798251174819473,0
shared_support_1102,2,0,27.36144157132816,91.81174135953533,0.29801680227565436,0
shared_support_1102,2,1,16.665702809007712,85.8952216058249,0.19402363132010994,0
shared_support_1102,2,2,15.486511191898005,48.38355837452837,0.32007797095078716,0
shared_support_1102,2,3,15.237302503714158,62.836885877574275,0.24248977795305046,0
shared_support_1102,2,4,18.71776041915871,88.40628405954772,0.21172432048553258,2
shared_support_1102,2,5,11.65048198699426,80.36299542180112,0.1449732171610129,2
shared_support_1102,2,6,16.830294414777395,78.91180657738344,0.21327980114449754,0
shared_support_1102,2,7,26.925299371813946,226.12442585617703,0.11907293637061292,1
shared_support_1102,2,8,10.324256031398336,43.351436011313744,0.2381525730474981,0
shared_support_1102,2,9,16.171387532976546,54.983795773013505,0.29411187979338443,0
shared_support_1102,2,10,18.906555249760846,102.04985439795989,0.18526783170147093,2
shared_support_1102,2,11,7.090491285731695,51.331458827378455,0.13813149767623337,0
shared_support_1102,2,12,11.408561280032021,69.36699195692539,0.164466714761343,0
shared_support_1102,2,13,18.007230051669662,93.6443042631918,0.1922939167881421,2
shared_support_1102,2,14,9.435019290055703,35.82219746726966,0.26338471554338266,2
shared_support_1102,2,15,8.9228453920939,71.76562894217574,0.12433313166228044,2
shared_support_1102,2,16,14.747249469531239,82.92029917711011,0.1778484836147597,0
shared_support_1102,2,17,15.534249804499904,73.84568707449982,0.2103609624327559,0
shared_support_1102,2,18,13.668132157206855,43.00714762458645,0.31781071082689094,0
shared_support_1102,2,19,12.190388592055601,38.155551643891116,0.31949187121783734,2
shared_support_1102,2,20,8.958748511370793,85.7212643377153,0.10451022369520929,3
shared_support_1102,2,21,17.1389452999141,71.14089058125258,0.2409155291686866,2
shared_support_1102,2,22,15.602238418156755,62.217225913068994,0.2507703966093969,2
shared_support_1102,2,23,27.676465598979025,157.41342993665873,0.17582023090479448,2
shared_support_1102,2,24,7.327086758164097,63.531918068632606,0.11532922318272765,0
shared_support_1102,2,25,9.376312552061501,68.84136733320446,0.13620171875259945,0
shared_support_1102,2,26,16.674340493855077,103.20454130203476,0.161565957112842,2
shared_support_1102,2,27,12.206711929200997,66.16220778280726,0.18449674426331647,0
shared_support_1102,2,28,6.3391574304478215,39.63382227996551,0.15994312599146412,1
shared_support_1102,2,29,13.015644135460555,59.48430018394583,0.21880805683536203,2
shared_support_1102,2,30,32.113127141764174,269.76013023496387,0.11904326674884576,1
shared_support_1102,2,31,9.409418031273391,81.22692450681488,0.11584112150502446,0
shared_support_1102,2,32,16.073986431320627,153.77576195432565,0.1045287386453979,3
shared_support_1102,2,33,16.729783898958853,88.3194246733498,0.18942360597155283,0
shared_support_1102,2,34,9.493245931407781,27.153009588386748,0.3496203947671425,2
shared_support_1102,2,35,10.58177010712326,85.48200399860512,0.12378944821293533,0
shared_support_1102,2,36,7.050176574501586,41.406103933028696,0.17026901603456157,1
shared_support_1102,2,37,5.189532594038439,90.686367732001,0.05722505734681862,6
shared_support_1102,2,38,11.641878741909228,64.93913901878494,0.1792736848349896,3
shared_support_1102,2,39,25.861911152993503,140.62044746548509,0.18391287767265313,2
shared_support_1102,2,40,12.343648481631714,76.57056467021101,0.1612061832741568,0
shared_support_1102,2,41,11.0350382482927,31.63304762763309,0.34884524495366764,2
shared_support_1102,2,42,10.656567009592361,76.28016356682727,0.13970299106997053,3
shared_support_1102,2,43,13.389205308306764,48.51703172451011,0.2759691768518215,3
shared_support_1102,2,44,10.948332488698004,42.75776430422223,0.2560548397900421,1
shared_support_1102,2,45,6.195784245337746,48.4248891628932,0.12794627623196345,5
shared_support_1102,2,46,11.31896776908556,42.31028569088491,0.26752283952372496,2
shared_support_1102,2,47,11.960384705163374,40.82452050669286,0.292970610719177,0
shared_support_1102,2,48,12.408216509473128,40.288167862320805,0.3079866166135049,2
shared_support_1102,2,49,9.148593269079115,58.16301201146587,0.15729228856434777,3
shared_support_1102,2,50,16.7864502290891,61.11900569291865,0.27465188673764707,2
shared_support_1102,2,51,6.9341773222243575,42.95736763965603,0.1614199776017719,2
shared_support_1102,2,52,11.60348645155051,72.0850384878766,0.16096941466573547,0
shared_support_1102,2,53,13.932897555349404,47.067069879594776,0.2960221996183749,0
shared_support_1102,2,54,28.687513816877328,73.09761286536283,0.3924548653827634,2
shared_support_1102,2,55,12.841838297566861,47.807996064575846,0.26861277097289255,0
shared_support_1102,2,56,9.605797126627692,45.873562523153296,0.20939723444804306,2
shared_support_1102,2,57,28.33067681623463,252.48217634443878,0.112208620926911,1
shared_support_1102,2,58,9.132822284646384,25.980764189717277,0.351522465542449,2
shared_support_1102,2,59,9.247471784587427,40.09314632880052,0.23064969031738464,3
shared_support_1102,2,60,10.910248532647849,58.41680152941942,0.18676559220985955,3
shared_support_1102,2,61,15.492958774053097,101.02449020752908,0.15335844548412725,0
shared_support_1102,2,62,9.774477903411801,50.03533518501382,0.1953515024386081,0
shared_support_1102,2,63,8.98046682678788,54.61282684363652,0.1644387838135554,0
shared_support_1102,3,0,24.1817538417344,46.90991283812706,0.515493472033914,0
shared_support_1102,3,1,12.031554975826584,46.38323535012002,0.25939447485729245,0
shared_support_1102,3,2,8.965327632824973,48.31574478053404,0.18555706164829772,2
shared_support_1102,3,3,10.790655612537693,23.34144463425591,0.4622959624658931,0
shared_support_1102,3,4,10.746409811700932,93.01241626965302,0.11553736847934293,2
shared_support_1102,3,5,9.629054348287493,105.00589877395765,0.0917001279043914,2
shared_support_1102,3,6,41.44869942604738,184.74021278786654,0.2243620855500588,2
shared_support_1102,3,7,9.473117550456328,50.87061668043368,0.18621982921822855,0
shared_support_1102,3,8,22.085162853474746,84.0424363052548,0.262785847536096,2
shared_support_1102,3,9,15.614269794861992,91.75460181723875,0.1701742417885835,0
shared_support_1102,3,10,7.608232205246303,22.503144845558303,0.3380963975241009,1
shared_support_1102,3,11,9.343685088989806,80.10235494357082,0.11664682137712544,0
shared_support_1102,3,12,34.22458605429111,189.2251523107353,0.18086700227932356,1
shared_support_1102,3,13,11.621144891943448,35.107814257927885,0.33101305614089077,0
shared_support_1102,3,14,13.308411585841917,100.36561210235887,0.1325993167088863,2
shared_support_1102,3,15,16.23935177732341,74.01088227391578,0.2194184325113331,0
shared_support_1102,3,16,10.999892883138289,91.39578710844616,0.12035448494016805,1
shared_support_1102,3,17,8.840989615086361,54.569552318034,0.1620132333789481,2
shared_support_1102,3,18,25.59149125711325,73.46079065238374,0.3483693958347402,2
shared_support_1102,3,19,16.17173389272023,163.56238398838443,0.09887196247927448,2
shared_support_1102,3,20,5.961963781846845,95.31956531864236,0.06254711466545913,0
shared_support_1102,3,21,37.403479330841556,180.75174515003056,0.20693288078516364,2
shared_support_1102,3,22,9.153976243390455,26.808320951284575,0.34146026004481356,0
shared_support_1102,3,23,8.092770789476717,61.383312776440484,0.1318399158245301,0
shared_support_1102,3,24,7.253809292930716,95.84898715198273,0.07567956123968977,5
shared_support_1102,3,25,14.932891604714783,72.08449661316936,0.20715815891522285,0
shared_support_1102,3,26,8.912318752452782,91.0107727464294,0.097925976052131,0
shared_support_1102,3,27,6.896492383191492,71.86007536411405,0.09597112650170565,0
shared_support_1102,3,28,6.434898877015441,111.71235380102425,0.0576023927351573,2
shared_support_1102,3,29,20.476572915991046,76.5510947898731,0.267488962400834,2
shared_support_1102,3,30,11.806296906432253,48.85247187054425,0.24167245697859757,0
shared_support_1102,3,31,17.892313387511596,66.84779225648295,0.2676575064567878,2
shared_support_1102,3,32,14.490227487351813,46.588330051867814,0.31102697759759845,2
shared_support_1102,3,33,16.977010582389596,56.36707017747025,0.3011866774153406,2
shared_support_1102,3,34,7.39485893329246,30.94024991728238,0.23900449909300486,2
shared_support_1102,3,35,10.897154485170848,46.20892299155324,0.23582359812114198,2
shared_support_1102,3,36,12.870154381396873,62.648722805753785,0.20543362745480984,0
shared_support_1102,3,37,13.360194039752294,83.12889399741873,0.16071661004135515,1
shared_support_1102,3,38,22.944895972726343,60.79439010618215,0.3774179810448183,2
shared_support_1102,3,39,14.53260990720135,37.38445031235992,0.3887340802332629,2
shared_support_1102,3,40,10.161898795071167,37.31446096280597,0.27233138394254897,2
shared_support_1102,3,41,21.202711189085182,52.54594207636976,0.403508060779829,2
shared_support_1102,3,42,10.079750315584473,50.975711913497015,0.1977363324064852,2
shared_support_1102,3,43,14.138897017792022,53.03628186159505,0.2665891446668392,2
shared_support_1102,3,44,18.70473360126803,56.176603767849656,0.3329630548433564,2
shared_support_1102,3,45,12.88653673910026,45.06809054557488,0.28593482845848134,2
shared_support_1102,3,46,13.376941526002915,39.89921151529698,0.33526831779305516,2
shared_support_1102,3,47,10.441620665328967,48.99323218349319,0.21312373566663684,0
shared_support_1102,3,48,46.293027784251684,273.09997539530787,0.16950945424745376,1
shared_support_1102,3,49,52.10896467772972,262.1884756338388,0.19874620557504166,1
shared_support_1102,3,50,11.990194788730651,74.66623072243927,0.16058390349584456,0
shared_support_1102,3,51,14.950074416478374,161.60722208891252,0.09250870241586848,2
shared_support_1102,3,52,14.807832436024851,107.57057793395178,0.1376569013612332,2
shared_support_1102,3,53,26.88473861029419,82.94372050234881,0.3241322965435685,2
shared_support_1102,3,54,7.457771674776468,107.84524682732065,0.06915253007596785,3
shared_support_1102,3,55,15.375836733103137,65.99037788478806,0.23300119238516342,2
shared_support_1102,3,56,23.335079765161353,238.23029975733587,0.09795177099189623,0
shared_support_1102,3,57,8.746333456190143,19.622261256499787,0.4457352464050472,1
shared_support_1102,3,58,14.051196515330489,40.944148597659435,0.3431795994442469,0
shared_support_1102,3,59,17.88012679819608,85.93268341362268,0.20807131917588403,0
shared_support_1102,3,60,10.043965793181762,56.78672332838035,0.17687172642627333,0
shared_support_1102,3,61,11.602141466181397,72.74031642159149,0.15950083855749542,2
shared_support_1102,3,62,6.378427962762436,20.810928577102793,0.3064941547000597,0
shared_support_1102,3,63,3.9786160612794697,12.921494350316875,0.3079068065515117,5
shared_support_1102,4,0,19.360672777088215,42.480199603553864,0.45575757547684675,0
shared_support_1102,4,1,17.873689867839953,56.94299113290249,0.31388744272536595,1
shared_support_1102,4,2,9.064203102366093,40.76547401862454,0.22234999887956478,0
shared_support_1102,4,3,11.448504102044252,65.38437599131589,0.17509540969794984,3
shared_support_1102,4,4,7.816741552117814,60.149387902719646,0.1299554629676353,3
shared_support_1102,4,5,8.223980413385299,55.8908331601568,0.1471436360560102,3
shared_support_1102,4,6,10.214119130331346,60.1837293276083,0.16971562321655242,0
shared_support_1102,4,7,37.436338000606,227.57460549921888,0.16450138590148844,2
shared_support_1102,4,8,30.606244587582598,284.00931046515933,0.10776493396450537,1
shared_support_1102,4,9,12.81633410787645,46.359580020839125,0.2764549226312096,0
shared_support_1102,4,10,9.401950932413138,48.45299790197565,0.1940427081815257,2
shared_support_1102,4,11,24.44067921536327,188.3029076674602,0.12979448654359127,0
shared_support_1102,4,12,11.50022908889777,36.374682803006664,0.31616025770394296,2
shared_support_1102,4,13,9.726257450729765,36.01915015798801,0.2700301758389144,0
shared_support_1102,4,14,11.122164531179088,79.10055347649921,0.14060792298354124,2
shared_support_1102,4,15,10.757003550708697,75.31972598355598,0.1428178795161469,2
shared_support_1102,4,16,24.792261905424525,177.91291565246678,0.1393505458246408,2
shared_support_1102,4,17,16.650955146402875,94.70812214792159,0.17581338082489145,0
shared_support_1102,4,18,17.77812952149458,80.66078166192493,0.22040611503132207,2
shared_support_1102,4,19,24.334009637839145,174.9162948631624,0.13911802589276043,2
shared_support_1102,4,20,18.56883592275134,99.61548845644543,0.18640510838703697,0
shared_support_1102,4,21,10.320144959986806,85.64644908824695,0.12049705585987934,0
shared_support_1102,4,22,12.661762561512905,64.6002417558592,0.1960017829246667,2
shared_support_1102,4,23,11.267365514863384,50.78971666030182,0.22184344106944318,1
shared_support_1102,4,24,19.57554935788804,120.83631666835495,0.1620005466702094,2
shared_support_1102,4,25,13.83960018649004,78.75740390816733,0.17572443351011524,2
shared_support_1102,4,26,23.679048267118453,171.69649343015593,0.13791224150277015,2
shared_support_1102,4,27,15.292627067625224,89.2938123671243,0.17126188995885652,0
shared_support_1102,4,28,11.207321180315656,25.238155650412676,0.44406260645802786,0
shared_support_1102,4,29,13.263580625774512,51.64703398126915,0.25681204908271826,0
shared_support_1102,4,30,13.472418202880988,67.45480817898599,0.19972509842638636,0
shared_support_1102,4,31,12.647988385196507,85.41255669005338,0.14808113555356686,2
shared_support_1102,4,32,6.468118641514824,58.266008383306165,0.11101015533729283,0
shared_support_1102,4,33,9.024186671333545,57.247594764822345,0.15763433744955782,1
shared_support_1102,4,34,15.134221704525041,48.47714098162156,0.3121929511120027,2
shared_support_1102,4,35,15.415537299476895,57.73755577263439,0.26699324370747485,2
shared_support_1102,4,36,21.393817715917553,213.4041126366826,0.10025025971425497,1
shared_support_1102,4,37,47.708248191281314,230.62993492108754,0.2068606063978867,1
shared_support_1102,4,38,18.264242672927818,107.01768241283392,0.1706656531999193,0
shared_support_1102,4,39,15.835549150295925,57.00176020593116,0.2778080728224284,2
shared_support_1102,4,40,8.037080814815225,70.98052612836743,0.11322937787584528,1
shared_support_1102,4,41,15.867933715889574,65.05073501306524,0.24393165907660458,2
shared_support_1102,4,42,23.88958285031922,72.25920689494451,0.3306095358208341,1
shared_support_1102,4,43,27.44129023016363,150.18599433520194,0.18271537470342997,2
shared_support_1102,4,44,7.854128441388703,52.59770600476946,0.14932454355854427,0
shared_support_1102,4,45,5.247127527512385,34.8732898906189,0.15046264760136352,2
shared_support_1102,4,46,13.850150210001429,24.353060833004104,0.5687231804238435,0
shared_support_1102,4,47,13.617646158117678,19.591424816225377,0.6950819700892663,0
shared_support_1102,4,48,5.253306401783171,14.849873763994653,0.3537610140848779,3
shared_support_1102,4,49,7.113212929000465,11.945875456229013,0.595453464676076,0
shared_support_1102,4,50,8.235475090599053,48.08895533848887,0.17125502171197385,2
shared_support_1102,4,51,16.878795894302815,53.24947696917725,0.31697580624262056,0
shared_support_1102,4,52,45.71993922234585,159.18283855659567,0.28721650924757597,2
shared_support_1102,4,53,8.464151774242175,48.075611498215736,0.17605915994550192,0
shared_support_1102,4,54,15.027580946024747,77.39226877787821,0.19417418798194255,2
shared_support_1102,4,55,3.8896025094210422,32.17239823821742,0.12089874309713736,5
shared_support_1102,4,56,17.39664067616766,72.95974368346201,0.23844163641313623,2
shared_support_1102,4,57,33.59779007233324,196.74062666315245,0.17077199886049652,0
shared_support_1102,4,58,15.68288867244231,96.7388859532829,0.16211566339533703,0
shared_support_1102,4,59,17.267378283106837,75.17387020052537,0.22969920581508332,2
shared_support_1102,4,60,9.813045078524075,45.516565099096624,0.2155928299325653,0
shared_support_1102,4,61,9.367251143261461,37.09948247535509,0.2524900758247519,0
shared_support_1102,4,62,21.089295414635206,105.13734189491582,0.20058805971824775,2
shared_support_1102,4,63,17.664852124672173,92.0177262355061,0.19197227368411093,2
shared_support_1102,5,0,15.240384265352983,54.051809596192584,0.2819588165356543,0
shared_support_1102,5,1,12.326213041906556,78.96786471021629,0.1560915074396317,0
shared_support_1102,5,2,18.471766607215283,87.20368686619457,0.2118232298544714,0
shared_support_1102,5,3,21.175202999473683,129.6534759521278,0.16332152180241002,0
shared_support_1102,5,4,13.745935143165608,68.41093224085047,0.20093184952912319,1
shared_support_1102,5,5,19.709007907041862,241.92485017611196,0.08146748005711056,1
shared_support_1102,5,6,60.00958141322042,286.4407815784295,0.2095008297440683,1
shared_support_1102,5,7,15.47138301612058,35.81588924356539,0.43196981403721924,0
shared_support_1102,5,8,12.285237577423018,61.59167989890456,0.19946261569075205,2
shared_support_1102,5,9,14.5873962841907,68.0915448647747,0.2142321240201012,0
shared_support_1102,5,10,16.17259863197955,53.05921137221074,0.3048028459851892,2
shared_support_1102,5,11,6.829743249197074,37.58287139011482,0.1817248921271475,2
shared_support_1102,5,12,43.67594721867953,82.51929192886593,0.5292816527840483,2
shared_support_1102,5,13,11.697146724088622,41.018612432794505,0.28516680673324574,0
shared_support_1102,5,14,13.696098784237558,48.03448495938343,0.2851305431049918,2
shared_support_1102,5,15,11.053667813814515,32.31410459200011,0.34206944470158807,1
shared_support_1102,5,16,6.333303250294394,41.86708192080717,0.15127166641979073,0
shared_support_1102,5,17,8.234523876345964,65.33304498479144,0.12603918703410866,2
shared_support_1102,5,18,5.84132787945338,55.61656146561865,0.1050285692880241,2
shared_support_1102,5,19,7.151291797751924,53.54215720898751,0.13356375929790737,2
shared_support_1102,5,20,26.849760372655552,44.612704681308124,0.6018411249543696,2
shared_support_1102,5,21,12.357404301826913,34.41610909647261,0.3590587264582286,0
shared_support_1102,5,22,6.412584355180582,45.906719947053986,0.1396872693709432,3
shared_support_1102,5,23,9.485482267733234,62.73973331930177,0.15118780023272815,2
shared_support_1102,5,24,9.896073454394694,70.34925444700686,0.14067062305328726,0
shared_support_1102,5,25,11.913572457001065,70.33282803895828,0.1693885030529695,2
shared_support_1102,5,26,8.911417177692673,65.10268045499154,0.1368824926318286,5
shared_support_1102,5,27,9.553864319094437,57.271333876800306,0.16681756251122612,3
shared_support_1102,5,28,16.055321729246504,91.24059920552156,0.1759668598085543,2
shared_support_1102,5,29,15.657403975027973,77.77280129375373,0.20132236096124118,0
shared_support_1102,5,30,17.924787790711097,77.54078100715945,0.23116594336412571,2
shared_support_1102,5,31,29.92235692776044,264.8641005381873,0.11297248991826404,3
shared_support_1102,5,32,21.23762882181022,63.03625600956034,0.3369113295464317,0
shared_support_1102,5,33,10.815470071662045,29.90495343891757,0.3616614917576517,1
shared_support_1102,5,34,17.969332700698967,80.05737615103098,0.2244556787222105,2
shared_support_1102,5,35,7.234759426797421,100.76351019402067,0.07179939854086914,2
shared_support_1102,5,36,24.094254311646345,218.25521435215973,0.11039486219453946,1
shared_support_1102,5,37,34.8385617299087,244.43600186004852,0.1425263114467707,5
shared_support_1102,5,38,15.01042841604139,40.000422575395156,0.37525674604434117,2
shared_support_1102,5,39,15.735312732289126,117.11081471401184,0.1343625929912215,0
shared_support_1102,5,40,13.601498001854837,87.69325980683678,0.1551031177517526,0
shared_support_1102,5,41,16.574189406313238,63.578362850167565,0.2606891505742752,2
shared_support_1102,5,42,15.475995667098815,97.34583226874463,0.15897954032971762,0
shared_support_1102,5,43,18.336362117080537,79.15217261968499,0.23165961855758738,0
shared_support_1102,5,44,7.792555622803815,39.79831507207002,0.19580114406080817,2
shared_support_1102,5,45,14.14609279655231,54.71798519782392,0.2585272967454746,2
shared_support_1102,5,46,18.755453140779338,51.267588469979614,0.3658345106628495,0
shared_support_1102,5,47,13.151159055945465,28.15742318061595,0.4670583302877995,0
shared_support_1102,5,48,21.916069855432447,79.1246377917391,0.2769816136551157,2
shared_support_1102,5,49,33.703990538957456,212.38478544126198,0.15869305547914953,1
shared_support_1102,5,50,55.70732906077946,268.88440220414844,0.20717947416854657,1
shared_support_1102,5,51,22.774162219353325,91.05142785379904,0.25012416341149224,0
shared_support_1102,5,52,10.727341580100768,40.69118078923083,0.26362817131469984,2
shared_support_1102,5,53,20.41300635031396,216.04954011555648,0.09448298913015894,1
shared_support_1102,5,54,12.788243328982116,28.607816244085306,0.44701920691433755,0
shared_support_1102,5,55,15.236924796745852,44.32499786137487,0.34375466513047304,4
shared_support_1102,5,56,10.764439261766581,30.522775124081143,0.35266908785347983,0
shared_support_1102,5,57,15.07376961632993,49.92601239031141,0.30192216230862307,1
shared_support_1102,5,58,14.353639065410736,58.89567535950909,0.24371295477628388,0
shared_support_1102,5,59,17.998065261268277,159.22596467009814,0.1130347383892988,1
shared_support_1102,5,60,15.8997920471124,52.844151876323906,0.3008808256460273,0
shared_support_1102,5,61,16.851631073139274,50.60842884691652,0.33298071995305606,1
shared_support_1102,5,62,14.197169750794563,45.12050727709219,0.3146500473411678,0
shared_support_1102,5,63,17.812939447821428,95.97451310584991,0.18560072743662276,2
shared_support_1102,6,0,27.36144157132816,91.81174135953533,0.29801680227565436,0
shared_support_1102,6,1,13.143215925618618,49.43736398094337,0.2658559208513815,2
shared_support_1102,6,2,19.410411201453698,82.92417278575236,0.23407422165794223,0
shared_support_1102,6,3,7.998549549362176,56.5828805487878,0.14135988609603461,3
shared_support_1102,6,4,12.753776231966594,52.02618512249452,0.24514148408033581,3
shared_support_1102,6,5,12.479351447589357,44.85529283766786,0.27821357655053913,2
shared_support_1102,6,6,6.819352583330753,66.36941044065658,0.10274842789854516,0
shared_support_1102,6,7,16.360651143212,56.051371659227236,0.2918867221069815,1
shared_support_1102,6,8,16.352084956550815,134.58296292171244,0.12150189445645436,0
shared_support_1102,6,9,28.237626502693747,80.01642001526231,0.3528978989225925,0
shared_support_1102,6,10,22.568406701991783,85.12691483279718,0.2651148199875413,0
shared_support_1102,6,11,18.632466728060226,50.234620021178266,0.37090888156822965,0
shared_support_1102,6,12,30.02689653227391,65.98962678254354,0.4550244939439031,2
shared_support_1102,6,13,9.568593887824678,59.32555438267782,0.16128958232910445,0
shared_support_1102,6,14,14.041420522665751,104.8797836340008,0.13388109734919101,0
shared_support_1102,6,15,25.75758377544347,80.21087266557679,0.32112334549500005,0
shared_support_1102,6,16,11.145843817572356,50.442828486177746,0.22095992933121344,0
shared_support_1102,6,17,9.296986042953765,88.53219378294216,0.10501248919401625,2
shared_support_1102,6,18,6.1958968623911055,57.20951512106076,0.10830185938964873,0
shared_support_1102,6,19,4.79870175496105,23.550429315743333,0.20376281428352322,0
shared_support_1102,6,20,10.882913794979647,75.39865951201827,0.14433829282130606,0
shared_support_1102,6,21,17.56979744289349,72.62416223491176,0.24192771251614337,2
shared_support_1102,6,22,22.205091177740613,94.54091383481445,0.2348728214806365,2
shared_support_1102,6,23,29.286167906766437,268.34976711814795,0.109134314597234,1
shared_support_1102,6,24,11.93677461865543,45.68470482368895,0.2612860182575994,2
shared_support_1102,6,25,14.094068985888597,40.933899713893375,0.34431288209525096,2
shared_support_1102,6,26,11.958964593228881,96.73968747220349,0.12362004577144295,3
shared_support_1102,6,27,7.740091121041595,133.04316328812652,0.05817729321633141,0
shared_support_1102,6,28,15.014367655732299,77.24375386227716,0.19437646288530172,2
shared_support_1102,6,29,18.723161477666935,79.18748843303312,0.2364409056046858,2
shared_support_1102,6,30,17.611482880940468,69.75599179761365,0.25247268983053806,2
shared_support_1102,6,31,7.927414289494715,96.06765955476298,0.08251907380938873,0
shared_support_1102,6,32,4.797276532521606,77.18206942727792,0.06215532400361032,3
shared_support_1102,6,33,12.463753703398663,66.06597492634657,0.18865616858441636,2
shared_support_1102,6,34,6.925892058270841,103.86377759879518,0.06668245868183385,2
shared_support_1102,6,35,7.347917301729072,71.44357931216346,0.10284923253387543,1
shared_support_1102,6,36,15.904536637261863,94.69768997141378,0.16795062944051684,2
shared_support_1102,6,37,16.912786634469462,69.98339107493146,0.24166857842542785,2
shared_support_1102,6,38,6.390787315833023,76.59657279254573,0.08343437679831761,0
shared_support_1102,6,39,16.318735780833723,61.21071129538445,0.266599348961727,2
shared_support_1102,6,40,10.72490485868928,64.36208736077751,0.16663388803056559,2
shared_support_1102,6,41,23.932559021751366,72.50407765387835,0.3300856971934899,2
shared_support_1102,6,42,5.783729805163959,107.12494693414605,0.05399050333924036,0
shared_support_1102,6,43,10.340565475579252,110.69300516330222,0.09341661164880394,2
shared_support_1102,6,44,10.974437945428054,82.59290254994869,0.13287386211897784,0
shared_support_1102,6,45,6.74672131306204,39.15181810876757,0.17232204375079058,3
shared_support_1102,6,46,12.149713872691843,54.43842174582746,0.22318269859877193,0
shared_support_1102,6,47,8.445664021582816,53.06080954646457,0.159169528203053,0
shared_support_1102,6,48,13.195178915025544,64.29888725695561,0.20521628721651228,2
shared_support_1102,6,49,29.554037141392552,241.45740366652998,0.12239855433138344,1
shared_support_1102,6,50,46.26632686171832,260.4446897608969,0.17764357915760715,1
shared_support_1102,6,51,7.254319780457552,100.5432775144026,0.07215121646913078,2
shared_support_1102,6,52,9.859487110740567,81.0917075012842,0.1215844062795746,0
shared_support_1102,6,53,11.474050907340448,33.42627788486528,0.34326439057504693,2
shared_support_1102,6,54,10.251588254634495,67.49424885750418,0.15188832275588318,0
shared_support_1102,6,55,7.1416474214668195,37.015939615928204,0.19293438166280458,5
shared_support_1102,6,56,15.37105114450975,47.82454048702202,0.321405098469915,0
shared_support_1102,6,57,12.006760103761067,53.90234462429668,0.22275023818442538,1
shared_support_1102,6,58,14.311849766827287,38.60383991679569,0.3707364292690612,2
shared_support_1102,6,59,21.45302768145151,93.62793998083522,0.22913061726919065,2
shared_support_1102,6,60,18.015671159938083,60.73357040531406,0.2966344813866196,2
shared_support_1102,6,61,24.150176029069847,68.19274429119633,0.354145830030595,2
shared_support_1102,6,62,15.802810792970252,57.26656016940978,0.2759518075858113,2
shared_support_1102,6,63,11.839734916417168,48.7655125910403,0.24278910006971782,2
shared_support_1102,7,0,32.61648678709752,79.96207524628308,0.4078994534176206,0
shared_support_1102,7,1,13.40000769716453,45.808417503181026,0.29252282500774024,0
shared_support_1102,7,2,12.090860334421452,34.15754689909162,0.35397332162465667,0
shared_support_1102,7,3,12.561005895444126,100.26829835807891,0.12527395100080552,2
shared_support_1102,7,4,18.737711973983924,84.56136404756403,0.22158715372004106,0
shared_support_1102,7,5,12.515092876916805,37.38917451278594,0.3347250384636609,0
shared_support_1102,7,6,6.4129728739704905,92.16898002465436,0.06957842944833587,2
shared_support_1102,7,7,12.723273563262376,71.14276589812212,0.17884142403856437,0
shared_support_1102,7,8,9.628152214109988,69.62995274884767,0.13827601246317558,0
shared_support_1102,7,9,28.216485950680084,304.6716093207983,0.09261278401877629,1
shared_support_1102,7,10,13.251145074386475,62.98340633461895,0.2103910513189084,3
shared_support_1102,7,11,12.580299080302966,100.81320613555576,0.1247882054597808,3
shared_support_1102,7,12,23.976924257864766,107.89029704857063,0.22223429644531154,2
shared_support_1102,7,13,26.76015238703478,81.86738042257355,0.3268719757357244,2
shared_support_1102,7,14,20.50789122009478,45.86744545627907,0.44711212966161235,2
shared_support_1102,7,15,10.077488569604917,74.76157771110724,0.13479502276618913,0
shared_support_1102,7,16,11.209801336219382,37.88567155045976,0.29588498441393857,0
shared_support_1102,7,17,22.072533052250684,59.380453783516074,0.3717137819916423,2
shared_support_1102,7,18,15.850970393976462,61.636309522444485,0.25716936196844215,2
shared_support_1102,7,19,16.271188658961975,72.65826654738093,0.22394132742420197,0
shared_support_1102,7,20,7.438319998138094,30.300830496297284,0.2454823803937336,2
shared_support_1102,7,21,6.931030763624224,58.99214702362681,0.11749073585757597,2
shared_support_1102,7,22,14.313496482142918,42.09206212760182,0.3400521561227303,0
shared_support_1102,7,23,14.885340006829479,65.6955694970789,0.22658057644954796,0
shared_support_1102,7,24,14.946196075343204,43.202682948394006,0.34595527535168524,2
shared_support_1102,7,25,12.100686107976221,55.27858872329348,0.218903672967273,2
shared_support_1102,7,26,14.613596531723012,41.2865144063938,0.3539556860595597,2
shared_support_1102,7,27,10.707503382049696,84.46792844690177,0.12676412904787462,1
shared_support_1102,7,28,18.23785833661322,68.5447085094734,0.26607244721294,2
shared_support_1102,7,29,14.446251133995215,69.51263100773417,0.2078219587514661,0
shared_support_1102,7,30,16.463802496508855,77.01312984677246,0.21377916375124228,2
shared_support_1102,7,31,16.39647532572148,46.46009828087109,0.352915209662231,2
shared_support_1102,7,32,5.817014919232124,78.18142239983189,0.07440405585719596,1
shared_support_1102,7,33,13.276273531100694,71.00946534030307,0.18696484289067639,1
shared_support_1102,7,34,13.337615957339002,64.04471300262432,0.20825475409332345,2
shared_support_1102,7,35,20.18724959908759,86.15922253560628,0.23430166852706893,2
shared_support_1102,7,36,10.79263101542058,25.841251821485358,0.4176512457669405,2
shared_support_1102,7,37,17.280260849622262,49.430977547630555,0.3495836357468634,2
shared_support_1102,7,38,12.368425383816549,67.57346228516424,0.18303672722319628,0
shared_support_1102,7,39,20.33554701204424,50.9810479445333,0.3988844449445026,2
shared_support_1102,7,40,10.221782297036942,49.20153277647776,0.20775333043940789,0
shared_support_1102,7,41,15.453781397451714,108.55515652430411,0.14235879613873348,2
shared_support_1102,7,42,10.601344871714952,109.7595582670245,0.09658698558100845,2
shared_support_1102,7,43,20.265040670791063,57.93598200823494,0.349783329260055,2
shared_support_1102,7,44,18.603540423064903,49.90795588326651,0.3727570102566038,2
shared_support_1102,7,45,7.977507956837168,94.82045418770156,0.08413277520317837,2
shared_support_1102,7,46,15.51202308732918,61.85618306429757,0.2507756269281103,1
shared_support_1102,7,47,14.37284380314655,82.28774016879673,0.17466567648672274,1
shared_support_1102,7,48,9.097123287026648,62.64780992635502,0.14521055560794024,0
shared_support_1102,7,49,12.950269296701967,53.056120879478215,0.24408624456581884,2
shared_support_1102,7,50,29.770466507831124,255.48714946961238,0.11652432057594357,1
shared_support_1102,7,51,12.572595367958263,128.08789923567744,0.09815599633518159,2
shared_support_1102,7,52,19.580905525852163,68.09160913143552,0.2875670846323463,0
shared_support_1102,7,53,5.7696764244593215,60.52044911788964,0.09533432928133748,3
shared_support_1102,7,54,12.311903927974985,60.94777442400877,0.20200744070361057,0
shared_support_1102,7,55,12.08380821614488,108.45635987784387,0.1114163173995058,2
shared_support_1102,7,56,5.011411743472183,75.72201572000681,0.06618170020727669,1
shared_support_1102,7,57,10.445706174834351,106.26729395693552,0.09829652930719625,2
shared_support_1102,7,58,8.613869977040858,42.36353758946682,0.20333216882205304,0
shared_support_1102,7,59,12.113758692852908,89.50546649956176,0.13534099275279707,0
shared_support_1102,7,60,8.776421909219819,101.85223594592668,0.0861681810684963,3
shared_support_1102,7,61,17.088068604853248,76.73404069466709,0.222692151360157,0
shared_support_1102,7,62,12.405167191278117,50.66898126703333,0.24482764170649055,0
shared_support_1102,7,63,23.66241338776783,61.443477105634265,0.38510863158162684,2
shared_support_1102,8,0,7.679623190502367,33.82935653836532,0.22701061966085676,0
shared_support_1102,8,1,9.336231888113126,99.98242532561785,0.0933787298888514,2
shared_support_1102,8,2,9.597515495955566,48.814654791548534,0.19661135650635023,2
shared_support_1102,8,3,11.803825671498787,83.37870094180442,0.14156883638349638,2
shared_support_1102,8,4,14.136983757979161,51.653188817464766,0.27369043580130764,0
shared_support_1102,8,5,8.495022424098766,24.877774902141162,0.3414703468262197,0
shared_support_1102,8,6,14.776098934324512,69.793300887954,0.21171228106901013,2
shared_support_1102,8,7,20.055239250100215,73.67507074072101,0.2722120121293004,3
shared_support_1102,8,8,7.831689137878729,71.94976860086352,0.10884939993795525,5
shared_support_1102,8,9,8.07731682376124,56.42255948795057,0.14315757557021508,0
shared_support_1102,8,10,9.662299936163574,150.05360111247768,0.06439232290680498,2
shared_support_1102,8,11,11.920463494488448,75.07469234601109,0.15878138320631843,0
shared_support_1102,8,12,10.403637179949278,66.1228314206119,0.1573380473345284,0
shared_support_1102,8,13,8.982363531626945,30.53497896341708,0.2941663572910402,0
shared_support_1102,8,14,13.251252492266817,66.8157497509601,0.1983252832102869,0
shared_support_1102,8,15,9.715125110507987,66.24449096685635,0.14665559307216489,0
shared_support_1102,8,16,24.988398698483174,246.594771196484,0.1013338546362473,0
shared_support_1102,8,17,16.425311530397952,126.42273169448738,0.12992371949445997,0
shared_support_1102,8,18,14.026721778197158,33.359075775155155,0.4204769302584768,0
shared_support_1102,8,19,17.063905222774192,34.7534705808199,0.4909985948911702,0
shared_support_1102,8,20,15.437084622841414,110.51986027165015,0.13967701899819754,0
shared_support_1102,8,21,27.670861537335423,266.3614800687666,0.10388462149328662,1
shared_support_1102,8,22,18.765828636983162,137.52565711629327,0.13645329192002742,0
shared_support_1102,8,23,4.10497513938355,79.20985139859047,0.05182404798018087,2
shared_support_1102,8,24,17.91218132489525,146.26412699167784,0.12246462405586588,2
shared_support_1102,8,25,13.856834300490041,73.33285440221714,0.18895806543255317,0
shared_support_1102,8,26,13.651941096066528,56.89299215560038,0.23995821943639276,2
shared_support_1102,8,27,6.245996277620691,55.63729154394549,0.11226276664972537,2
shared_support_1102,8,28,6.992626013366922,80.03013851737398,0.08737490828969229,0
shared_support_1102,8,29,8.516050411108418,92.43395426713667,0.0921311922510293,2
shared_support_1102,8,30,13.807034785455187,120.51228294889451,0.11456952310255643,2
shared_support_1102,8,31,20.06163146156424,78.25284170918748,0.25636936657354453,0
shared_support_1102,8,32,7.842358229310061,49.52273947016907,0.15835873203327228,0
shared_support_1102,8,33,13.797937974310733,82.41314719481295,0.16742399051566823,2
shared_support_1102,8,34,54.50330061246961,202.09645559352262,0.2696895423148455,2
shared_support_1102,8,35,17.761519682471274,111.89126995344006,0.1587391017177851,2
shared_support_1102,8,36,23.800587567088638,174.21269751226365,0.13661798426267524,2
shared_support_1102,8,37,8.078414451631524,58.205709233584955,0.1387907570924373,0
shared_support_1102,8,38,17.539550703337373,120.31063741294332,0.1457855355145049,1
shared_support_1102,8,39,11.755675542631517,56.788362983828996,0.2070085300042731,0
shared_support_1102,8,40,4.773080984953601,31.33448340876841,0.15232678077654016,5
shared_support_1102,8,41,16.931551886436722,46.29456403049826,0.36573520543972365,1
shared_support_1102,8,42,6.298041546583923,36.14271695123976,0.17425478983997322,2
shared_support_1102,8,43,9.743705909024575,67.69374508935559,0.14393805359952985,0
shared_support_1102,8,44,11.350245731065671,147.98419646095428,0.07669903950899541,0
shared_support_1102,8,45,15.778142623253252,37.36420537231931,0.4222796247379114,2
shared_support_1102,8,46,8.550225756704348,27.927232177997695,0.30616087201941167,1
shared_support_1102,8,47,11.966783105067028,24.527536353781784,0.4878917691715877,1
shared_support_1102,8,48,13.152498079054293,58.62348299265669,0.2243554529283394,3
shared_support_1102,8,49,16.22558530055744,102.77602997137599,0.15787324442359182,0
shared_support_1102,8,50,13.899071965418784,49.93631623918792,0.2783359489082893,2
shared_support_1102,8,51,12.785756005634616,52.87683054598564,0.24180261701796152,2
shared_support_1102,8,52,11.635551851727103,75.48087245189116,0.15415232328088407,5
shared_support_1102,8,53,39.96139601524821,325.0176281681664,0.12295147263388403,1
shared_support_1102,8,54,11.94976195820991,37.0282439726344,0.322720190756044,2
shared_support_1102,8,55,17.17399001202174,52.756662121647025,0.3255321569135993,0
shared_support_1102,8,56,57.70674690569278,297.0552232910612,0.1942626905070457,0
shared_support_1102,8,57,15.036390705753584,95.33736063492789,0.15771771533860607,2
shared_support_1102,8,58,3.7300087465404936,49.869283700901285,0.07479571531269219,5
shared_support_1102,8,59,6.822214938480532,39.14784213569273,0.17426796896834407,2
shared_support_1102,8,60,50.1360077690705,219.54799780044715,0.22836012294059005,0
shared_support_1102,8,61,11.125516328135603,100.30930020252532,0.1109121118946408,2
shared_support_1102,8,62,6.009667012815929,86.20818967582917,0.06971109166558573,2
shared_support_1102,8,63,14.583369758703272,61.919550550268525,0.23552124699070556,2
shared_support_1102,9,0,23.71232317326865,73.91875639547173,0.32078898955504165,0
shared_support_1102,9,1,15.235959712108519,56.85550481858331,0.26797686100447077,0
shared_support_1102,9,2,17.005719063123802,94.68469279251282,0.17960367786574818,0
shared_support_1102,9,3,11.090620365824812,28.944715232184432,0.3831656410111385,0
shared_support_1102,9,4,15.768819000743887,48.11640678038179,0.3277222896696686,2
shared_support_1102,9,5,14.33728216581175,89.18741084951247,0.16075455077402465,0
shared_support_1102,9,6,45.90180137738781,191.22796455159389,0.24003707556591897,1
shared_support_1102,9,7,11.157450736799856,52.4976747086155,0.21253228450076064,0
shared_support_1102,9,8,15.721204698371265,79.63247199612478,0.19742203531162913,0
shared_support_1102,9,9,10.910835531061442,77.84210147649657,0.14016625096325067,3
shared_support_1102,9,10,25.244153928644725,86.23699210627521,0.29272999106386716,3
shared_support_1102,9,11,20.380973894017796,139.13567401151548,0.1464827337691337,0
shared_support_1102,9,12,16.451402927419092,160.708061131901,0.10236824967925298,0
shared_support_1102,9,13,9.015614425232098,82.5306280718046,0.10923961971291665,0
shared_support_1102,9,14,19.47006120482262,111.32854037531115,0.1748883182981209,2
shared_support_1102,9,15,8.813659789477533,23.065485597190264,0.38211464277826324,0
shared_support_1102,9,16,28.75007602198395,204.65590216696785,0.14048007273461527,0
shared_support_1102,9,17,17.642262330998857,165.55452007409374,0.10656466717491665,1
shared_support_1102,9,18,11.073210607069369,38.08998735685045,0.29071184779686887,0
shared_support_1102,9,19,13.987611096660187,56.25988301353427,0.24862495880581958,0
shared_support_1102,9,20,10.31091145034356,120.26229187182874,0.08573686140400985,2
shared_support_1102,9,21,18.053135366889066,102.20055634294604,0.1766441985531824,2
shared_support_1102,9,22,14.42405043644406,70.4092047143147,0.2048602948289167,0
shared_support_1102,9,23,39.501935648051244,205.90691333324338,0.19184365890678287,1
shared_support_1102,9,24,14.527429773821314,46.80866769256554,0.31035768565847593,0
shared_support_1102,9,25,17.116357236801864,69.0537501533349,0.24787006062371317,0
shared_support_1102,9,26,24.195575136015627,83.29688010891256,0.29047396618432003,3
shared_support_1102,9,27,37.62768519079774,340.0633067653318,0.11064905987273586,1
shared_support_1102,9,28,18.32262876372403,61.55261818778806,0.29767423877607224,0
shared_support_1102,9,29,10.083745702809994,21.609441647516995,0.4666361059804918,0
shared_support_1102,9,30,17.231498400464464,103.47162548017653,0.16653356241867232,2
shared_support_1102,9,31,23.246774642463798,85.26130877120912,0.2726532700177566,1
shared_support_1102,9,32,13.44599321564072,42.591211237959556,0.31569877504814736,0
shared_support_1102,9,33,11.58564661745986,118.05752069402533,0.0981356083826872,2
shared_support_1102,9,34,12.280261330071962,58.0212791526859,0.21165099269452228,2
shared_support_1102,9,35,33.711316531805714,155.73206589199995,0.21646997577996865,2
shared_support_1102,9,36,32.00004470224313,101.53169419287984,0.3151729610800409,1
shared_support_1102,9,37,71.74017366235738,329.36599654167657,0.21781293277273595,1
shared_support_1102,9,38,21.94195239893653,118.50132168214147,0.18516209007180426,0
shared_support_1102,9,39,9.690537005935472,29.736038708136697,0.32588527009429274,0
shared_support_1102,9,40,24.16127454771989,74.45392316828512,0.3245131152203916,1
shared_support_1102,9,41,14.205542092261743,70.71761004461881,0.20087701045466397,3
shared_support_1102,9,42,9.385795076222937,82.45748852256237,0.11382586644819719,2
shared_support_1102,9,43,10.82534734234039,76.88580137934312,0.1407977435122219,0
shared_support_1102,9,44,11.731974180297549,147.79630428282474,0.0793793473877879,0
shared_support_1102,9,45,14.879663613433602,86.8749389874698,0.1712768237521264,0
shared_support_1102,9,46,10.074031585413929,57.716642374343834,0.17454292507306404,0
shared_support_1102,9,47,7.276271836606284,88.24207090516526,0.08245808107139932,3
shared_support_1102,9,48,9.25953588391087,42.71390998053884,0.21678033896053223,2
shared_support_1102,9,49,12.403187663173899,83.96585185725873,0.1477170467377526,2
shared_support_1102,9,50,12.932958752800275,31.38949183930925,0.4120155502678209,0
shared_support_1102,9,51,10.798117486949046,27.70688600007636,0.38972685298951626,1
shared_support_1102,9,52,13.215149024082931,35.931983820440315,0.36778233815649625,0
shared_support_1102,9,53,17.438947929181293,48.51145229172889,0.3594810525215837,0
shared_support_1102,9,54,12.922353743584026,48.93714854203461,0.2640602104653555,0
shared_support_1102,9,55,13.443265710660903,62.13330701223843,0.2163616642522017,2
shared_support_1102,9,56,43.40363056657932,139.37672099802455,0.3114123381277889,2
shared_support_1102,9,57,14.160718016321244,100.94932058880401,0.14027551581057165,2
shared_support_1102,9,58,7.981735592274846,71.98757891269138,0.11087656666374801,0
shared_support_1102,9,59,13.04483581285096,57.00927431056897,0.22881953805948682,0
shared_support_1102,9,60,8.727342992518308,41.47970917029101,0.21040029371201782,0
shared_support_1102,9,61,10.570141825913089,66.49214728146758,0.15896827306792596,0
shared_support_1102,9,62,12.05882500729097,62.05972211046181,0.19431000650997332,0
shared_support_1102,9,63,30.480956873543096,292.2991134637027,0.10428001820583072,0
shared_support_1102,10,0,15.536699174374068,36.00619169451684,0.4315007625963413,0
shared_support_1102,10,1,4.802376778483143,20.979198373203182,0.2289113574814774,3
shared_support_1102,10,2,10.82543552909298,32.48350164281605,0.3332595004112526,3
shared_support_1102,10,3,7.844686914096753,50.69069572862321,0.15475595277077922,3
shared_support_1102,10,4,8.149292826332287,42.23981399139248,0.19292918354216543,3
shared_support_1102,10,5,8.350609308904051,41.6548752680107,0.20047135551782555,3
shared_support_1102,10,6,13.646225590658721,33.44802260444275,0.4079830294316458,2
shared_support_1102,10,7,8.766120063821987,28.948875346444613,0.30281383849679006,0
shared_support_1102,10,8,19.438834818762142,115.07245505362077,0.16892691487032366,0
shared_support_1102,10,9,50.76517316519442,246.61267004955224,0.2058498176715499,1
shared_support_1102,10,10,10.218074842096827,73.77919904029369,0.1384953343897965,0
shared_support_1102,10,11,9.015131369913881,64.7215384543085,0.1392910549596762,3
shared_support_1102,10,12,10.789934336773495,77.75112494028517,0.13877528260922833,0
shared_support_1102,10,13,11.286121746568803,90.40051129678201,0.12484577337750694,2
shared_support_1102,10,14,15.694304895518915,137.1878162595494,0.11440013642192852,1
shared_support_1102,10,15,20.57984355406954,159.99438330054744,0.12862853763691542,1
shared_support_1102,10,16,10.595363415150755,76.13618607187944,0.13916330672445,2
shared_support_1102,10,17,16.256331310240398,50.96685935819426,0.318958859049783,0
shared_support_1102,10,18,10.60995914959668,19.130610369802135,0.5546064105902554,0
shared_support_1102,10,19,18.528114089463777,95.66785680216171,0.193671257084596,2
shared_support_1102,10,20,11.283009133153236,72.56166946348468,0.155495445688873,0
shared_support_1102,10,21,10.126169130050242,31.35420134251728,0.3229605187333807,1
shared_support_1102,10,22,17.16330159085167,75.46521371409969,0.22743328675745778,0
shared_support_1102,10,23,6.613538030561348,81.40715586140948,0.08124025413466696,0
shared_support_1102,10,24,11.255148928165173,40.755305115498004,0.2761640207641381,0
shared_support_1102,10,25,12.203326396737724,24.60037461712577,0.49606262451963923,0
shared_support_1102,10,26,11.738889656917987,66.347841768966,0.17692948774120962,0
shared_support_1102,10,27,23.387794616429648,84.84298684709798,0.275659727286341,1
shared_support_1102,10,28,15.96765987262769,52.99094103169685,0.30132810555442935,0
shared_support_1102,10,29,8.506353993789647,82.70134024608582,0.10285630158445037,0
shared_support_1102,10,30,11.163411514988466,47.3993612957865,0.23551818441867534,2
shared_support_1102,10,31,27.023313796821707,230.7859857777876,0.11709252494577863,0
shared_support_1102,10,32,14.388182978959415,40.53300944184724,0.3549744560566656,0
shared_support_1102,10,33,16.001282569486133,49.67824813050505,0.3220983664208663,1
shared_support_1102,10,34,12.270729142751652,44.44718187399997,0.276074401691811,0
shared_support_1102,10,35,13.347320803558159,117.67097679266209,0.11342916637019446,2
shared_support_1102,10,36,11.091867337790486,21.91168460402461,0.50620787667568,0
shared_support_1102,10,37,12.069074897248948,18.123028448762142,0.6659524334672279,0
shared_support_1102,10,38,8.024813311880875,21.225900533353197,0.37806703650905793,2
shared_support_1102,10,39,7.189423215234376,19.50042995024099,0.3686802410808141,1
shared_support_1102,10,40,12.404211419212935,59.68865815386731,0.20781521653974808,2
shared_support_1102,10,41,11.4386285176583,49.63434900978957,0.23045791363964938,2
shared_support_1102,10,42,8.461695852238284,67.10240817163984,0.1261012247219845,3
shared_support_1102,10,43,58.0251518116112,270.11464706529694,0.21481675444865575,2
shared_support_1102,10,44,43.09673955390971,227.87310181841264,0.18912604958637289,1
shared_support_1102,10,45,18.984580370808356,115.45933656338333,0.16442654995151867,0
shared_support_1102,10,46,7.209195894953618,77.73798186346575,0.09273711153983145,0
shared_support_1102,10,47,31.495419059595612,64.62410401246309,0.4873633381984152,2
shared_support_1102,10,48,9.243451244446534,64.71215729498705,0.14283948535838073,0
shared_support_1102,10,49,16.6800614479345,79.25981511886809,0.21044789749911677,2
shared_support_1102,10,50,6.001824801685113,77.98142706518928,0.07696479825468996,0
shared_support_1102,10,51,18.429413666031603,107.13843759573618,0.17201495634620906,2
shared_support_1102,10,52,6.753517395106016,75.41345251182442,0.08955321855934259,3
shared_support_1102,10,53,28.06192982794064,171.6252078378301,0.16350704061175306,1
shared_support_1102,10,54,8.257541023855008,47.01044132785591,0.1756533397818162,0
shared_support_1102,10,55,13.218870356045954,50.21260981200524,0.26325798251748067,0
shared_support_1102,10,56,7.0757819276922564,77.21703647069964,0.09163498433894435,2
shared_support_1102,10,57,16.23884531346696,90.99494374631637,0.17845876534347918,0
shared_support_1102,10,58,12.594675542688544,49.08103789621016,0.25660980457100424,0
shared_support_1102,10,59,14.427935247528222,95.14385338143201,0.15164337720994528,0
shared_support_1102,10,60,31.45152485741802,215.8924243070699,0.14568146593547732,1
shared_support_1102,10,61,18.68670756515232,120.96300817977622,0.15448282781939401,2
shared_support_1102,10,62,22.680112150662776,171.67413962167225,0.13211140711492242,2
shared_support_1102,10,63,19.32019482207468,218.70528173527075,0.08833894942446147,1
shared_support_1102,11,0,27.36144157132816,91.81174135953533,0.29801680227565436,0
shared_support_1102,11,1,10.627359133033115,33.12724417102974,0.3208042020690299,0
shared_support_1102,11,2,18.108993883199354,98.56935773246279,0.1837182903468929,0
shared_support_1102,11,3,20.48330626372708,80.17483625652501,0.25548298219393056,0
shared_support_1102,11,4,16.465650979761897,35.94197237322323,0.45811762384049926,2
shared_support_1102,11,5,5.591841211607865,30.573465730884923,0.18289850620235895,0
shared_support_1102,11,6,14.560617043357293,47.42664491939516,0.30701343238814516,2
shared_support_1102,11,7,19.68844681893264,60.847244639024915,0.32357170707949,1
shared_support_1102,11,8,9.884907057996942,36.28887726126367,0.272394954157166,2
shared_support_1102,11,9,17.53956529699923,63.003637299036505,0.27838972556061387,2
shared_support_1102,11,10,8.073482297976005,44.893011801976506,0.1798382860474635,2
shared_support_1102,11,11,16.242436477335126,63.65925860156255,0.2551464914003326,2
shared_support_1102,11,12,20.298589386994532,52.25648764932749,0.3884415179835716,2
shared_support_1102,11,13,12.231767691144604,27.783979701696886,0.4402453436286364,2
shared_support_1102,11,14,23.106865963752206,57.735945984468884,0.40021628761340483,2
shared_support_1102,11,15,25.61943867275106,46.94895423779761,0.545687099716598,2
shared_support_1102,11,16,19.407695092598377,71.60798254559091,0.2710269777568724,2
shared_support_1102,11,17,17.545282783336418,75.74028964427985,0.23165059000618032,2
shared_support_1102,11,18,9.399472209186467,48.4747315397212,0.19390457482955517,0
shared_support_1102,11,19,16.9367468113139,58.20313888051383,0.29099370132053565,2
shared_support_1102,11,20,29.696101805416333,248.88654261895016,0.11931581954144306,1
shared_support_1102,11,21,8.686638586683314,42.17172952557459,0.20598250734334705,0
shared_support_1102,11,22,17.181410564328463,90.63254686170453,0.1895721918809745,0
shared_support_1102,11,23,17.178123759661485,84.1834747960352,0.2040557698679186,2
shared_support_1102,11,24,12.292374883220516,62.78945502006893,0.1957713262408727,0
shared_support_1102,11,25,8.947514695036832,66.30364068467503,0.1349475624964422,0
shared_support_1102,11,26,19.450844198160606,84.33298862981383,0.23064336405225233,2
shared_support_1102,11,27,16.636686742996133,82.77521996962557,0.20098631872075942,2
shared_support_1102,11,28,14.412156304668132,65.17767074238682,0.22112107015348606,2
shared_support_1102,11,29,17.13975688023895,66.26202872384758,0.258666346478317,2
shared_support_1102,11,30,17.09893176527189,97.48508444324366,0.1754004919104007,2
shared_support_1102,11,31,30.258122386383484,75.09095245478109,0.4029529709934706,2
shared_support_1102,11,32,14.08551807707542,49.0942817125443,0.28690750909746715,2
shared_support_1102,11,33,9.745103187717323,57.4990943763454,0.16948272478751195,3
shared_support_1102,11,34,13.019906512311861,45.284397877544194,0.28751417977378524,2
shared_support_1102,11,35,12.86669971897809,28.79369523042739,0.44685823115128903,2
shared_support_1102,11,36,11.496177594120473,67.23885382536365,0.17097521656123052,2
shared_support_1102,11,37,13.257108867680158,42.30718041387268,0.31335363732566546,2
shared_support_1102,11,38,18.427491227134897,58.31254458692686,0.3160124696610508,2
shared_support_1102,11,39,22.94445375017759,60.677053048654805,0.37814054238559075,2
shared_support_1102,11,40,8.186694247505603,39.621457674010514,0.2066227425265987,0
shared_support_1102,11,41,37.66736061510216,280.1946106852172,0.1344328519488168,1
shared_support_1102,11,42,49.83561680525662,295.3510042959448,0.16873352749910006,1
shared_support_1102,11,43,12.574878440014858,79.7239738593061,0.15773020123415493,0
shared_support_1102,11,44,21.459094653986792,66.2823397303857,0.3237528237728961,0
shared_support_1102,11,45,8.748584592746766,80.02180973860115,0.10932750235623076,2
shared_support_1102,11,46,20.305498519492627,187.08705850021465,0.10853502472202976,2
shared_support_1102,11,47,19.408535918105557,137.70113372528238,0.14094681280421503,0
shared_support_1102,11,48,6.486739435149372,53.09538887091098,0.12217142718212991,0
shared_support_1102,11,49,5.309754739347803,51.64368821444252,0.10281517302365893,3
shared_support_1102,11,50,17.248777107985223,105.23433643198214,0.1639082612464033,0
shared_support_1102,11,51,5.459799928077894,21.170998130756658,0.25789052997676304,0
shared_support_1102,11,52,8.180679678007065,31.34267492581596,0.2610077058633212,1
shared_support_1102,11,53,11.44906578192426,55.21164320948334,0.2073668725722282,2
shared_support_1102,11,54,13.697133847266759,89.41562981433108,0.15318500664490597,1
shared_support_1102,11,55,13.749335280156428,116.72265478335223,0.1177949156971835,0
shared_support_1102,11,56,5.702289334658305,31.40445311618611,0.18157582026860064,0
shared_support_1102,11,57,4.574468641026424,80.46863053990982,0.05684785002967879,2
shared_support_1102,11,58,17.192452244020142,99.52124459847704,0.17275157996047846,2
shared_support_1102,11,59,9.981020562961533,84.31827364526355,0.11837316078069635,1
shared_support_1102,11,60,21.225125090900317,173.68934756884371,0.12220165132745116,2
shared_support_1102,11,61,19.968162078664037,80.09702097128847,0.24929968476382924,0
shared_support_1102,11,62,48.553452209629484,249.33794505931476,0.1947294953364565,0
shared_support_1102,11,63,14.728989094429012,40.50478197878336,0.36363580730157097,1
shared_support_1102,12,0,15.78716053595299,52.6022258618218,0.30012343160959587,0
shared_support_1102,12,1,6.889717891932687,42.1996267351279,0.1632649012555728,3
shared_support_1102,12,2,24.100801595152934,101.421845961979,0.23762929343829767,1
shared_support_1102,12,3,9.159286816299256,22.721318730725407,0.40311422610842595,0
shared_support_1102,12,4,16.9722311616415,71.37789630755273,0.23777992963692335,3
shared_support_1102,12,5,53.712658502271545,241.30454385818976,0.2225928183674713,3
shared_support_1102,12,6,8.350904467242435,28.11690674457155,0.297006514376078,0
shared_support_1102,12,7,9.387953248417885,39.945192755208986,0.23502085234508388,2
shared_support_1102,12,8,11.721962207028401,51.21961860658133,0.22885688191208473,2
shared_support_1102,12,9,9.760946365336032,37.08277477402872,0.263220495899142,2
shared_support_1102,12,10,33.45574565782132,149.30713556519387,0.2240733206164357,2
shared_support_1102,12,11,28.597171388690338,55.57686776200454,0.5145516928221163,0
shared_support_1102,12,12,26.884347339250255,161.89746051684276,0.16605786930458605,3
shared_support_1102,12,13,16.92352291689277,45.12072138905335,0.3750720820921661,1
shared_support_1102,12,14,7.3743041874340225,89.90725452016963,0.08202123651523231,1
shared_support_1102,12,15,9.572304822815672,50.22012768784631,0.19060693916021743,2
shared_support_1102,12,16,6.145684042515656,42.94450943320789,0.14310756191252136,1
shared_support_1102,12,17,8.73867380670123,37.590049486923725,0.23247305938613122,1
shared_support_1102,12,18,11.349331224255193,79.61644719408126,0.14255008386130183,2
shared_support_1102,12,19,24.00948014179682,127.36456279631948,0.188509893291061,3
shared_support_1102,12,20,9.6334871138226,49.448539277847225,0.19481843659107578,2
shared_support_1102,12,21,8.070582416063342,56.83534204795587,0.14199936386858794,2
shared_support_1102,12,22,7.189643524024438,80.40541885502066,0.08941740029970013,3
shared_support_1102,12,23,18.553192016766396,80.44414378115103,0.23063446442093424,0
shared_support_1102,12,24,6.7193704761767075,49.930837372854626,0.13457355874087057,1
shared_support_1102,12,25,7.919430865226698,58.86008064832754,0.13454672127520645,2
shared_support_1102,12,26,7.438869382650014,44.903199027045886,0.16566457499318632,0
shared_support_1102,12,27,10.982824206082638,31.744263442992445,0.3459782340140294,2
shared_support_1102,12,28,12.756140743523494,82.66761750927482,0.1543063793037501,0
shared_support_1102,12,29,8.69902113924995,51.14626863517019,0.17008124681197487,1
shared_support_1102,12,30,15.92113054919529,40.942773151376954,0.3888630232820427,2
shared_support_1102,12,31,16.899971279992958,73.66236182904868,0.22942478167090852,2
shared_support_1102,12,32,14.093107258853923,64.80991042599585,0.2174529661624258,2
shared_support_1102,12,33,9.998239456070726,58.884795423691834,0.16979322733705232,2
shared_support_1102,12,34,37.28083730407144,176.55337278262064,0.21115902073404766,1
shared_support_1102,12,35,12.642613200827979,41.21106340927961,0.3067771650362511,1
shared_support_1102,12,36,7.753945978579224,38.4072098041138,0.20188777102336392,0
shared_support_1102,12,37,8.105764383833117,50.70344741058715,0.15986613924284349,5
shared_support_1102,12,38,13.997657223835624,58.70568505233424,0.23843784824854972,2
shared_support_1102,12,39,13.808955012926145,48.47610006692224,0.28486109637249285,2
shared_support_1102,12,40,6.610089111277403,59.559095192656486,0.11098370601325745,0
shared_support_1102,12,41,36.55324354578697,185.05702911789206,0.1975242103476136,1
shared_support_1102,12,42,8.021503031675083,22.907695677923062,0.3501662997647416,3
shared_support_1102,12,43,6.744996550994203,38.79833699212572,0.17384756857911532,0
shared_support_1102,12,44,6.808074924507399,45.35154537758063,0.1501178155634129,5
shared_support_1102,12,45,10.296800653087862,47.8829619419241,0.21504101324342806,0
shared_support_1102,12,46,8.654250812740628,58.56459955720997,0.14777273093597362,0
shared_support_1102,12,47,10.541068659260079,35.36534655071634,0.29806207735426715,2
shared_support_1102,12,48,5.18032248778796,17.10884846974011,0.30278615752253785,1
shared_support_1102,12,49,8.580491767478138,63.94234982596698,0.13419106102343462,3
shared_support_1102,12,50,32.06224329681307,182.26976434562542,0.1759054411022098,1
shared_support_1102,12,51,9.406457026266487,39.067159071597644,0.2407765819118675,0
shared_support_1102,12,52,11.681888937328802,47.54957682529417,0.24567808416571604,2
shared_support_1102,12,53,6.678405478255569,90.7220967565562,0.07361387927548028,0
shared_support_1102,12,54,16.188330948410496,69.85602006525659,0.23173852351290597,0
shared_support_1102,12,55,3.6436055757712005,27.36138840617953,0.13316596079416415,5
shared_support_1102,12,56,9.47273202952668,44.32990035459446,0.21368719428093422,2
shared_support_1102,12,57,11.976550572644877,52.14157734717555,0.22969290884510676,1
shared_support_1102,12,58,12.315542461136234,54.18627135443079,0.22728160017840382,1
shared_support_1102,12,59,12.56321491407161,47.24059229521418,0.2659410964951927,2
shared_support_1102,12,60,14.083290773068393,40.382961034331274,0.3487433910825803,2
shared_support_1102,12,61,15.767254906283288,36.3970057920613,0.43320197810673616,2
shared_support_1102,12,62,12.699290634052547,49.33270327780116,0.2574213410228221,0
shared_support_1102,12,63,16.834698615110828,78.89400668386868,0.21338374513755035,0
shared_support_1102,13,0,15.317425874030025,34.324776534742,0.44624983526189643,0
shared_support_1102,13,1,15.60701401929358,28.121062331704387,0.5549937564662286,0
shared_support_1102,13,2,5.851482938459059,43.100422252261,0.13576393530929032,3
shared_support_1102,13,3,17.938087163676325,94.74314101230013,0.1893338870974047,3
shared_support_1102,13,4,14.84900110121474,44.340270345355314,0.3348874732959355,0
shared_support_1102,13,5,46.33919595256367,182.64751487996634,0.2537083298561013,3
shared_support_1102,13,6,26.624338956811723,58.88277955463334,0.45215832469506306,2
shared_support_1102,13,7,43.91513728971573,98.75273079924015,0.4446979535076678,3
shared_support_1102,13,8,28.50726268106696,93.38170989581934,0.3052767261690848,3
shared_support_1102,13,9,71.43087210597508,106.89086534504366,0.6682598356313821,3
shared_support_1102,13,10,20.05835375510404,101.82372393612441,0.1969909661493716,3
shared_support_1102,13,11,56.375169492296216,291.77843944213987,0.19321225242030093,3
shared_support_1102,13,12,15.426792468290698,149.2967651289241,0.10332971685601497,0
shared_support_1102,13,13,15.33138735042213,112.1599071519464,0.13669222576702242,0
shared_support_1102,13,14,24.23822640793801,126.74485606005501,0.19123637172662303,2
shared_support_1102,13,15,22.95591108523822,91.50656070345632,0.25086628662212573,2
shared_support_1102,13,16,31.65175582002004,117.67256401311093,0.2689816108408536,3
shared_support_1102,13,17,9.966792999707733,85.40576449426425,0.11669930078756091,2
shared_support_1102,13,18,14.006443222221714,100.39704946801207,0.1395105064983445,3
shared_support_1102,13,19,25.476602721059535,75.15095988561896,0.3390056861527166,2
shared_support_1102,13,20,11.045692048060651,102.96056210280297,0.10728080560624627,2
shared_support_1102,13,21,30.176296672339745,75.124036747418,0.4016863041292426,2
shared_support_1102,13,22,28.837460381542034,92.75128721780563,0.3109116999511146,2
shared_support_1102,13,23,16.22709867265013,95.87499811290486,0.16925266223776797,0
shared_support_1102,13,24,16.589822486393512,44.46001077059558,0.37314031640688416,2
shared_support_1102,13,25,7.179571831255161,20.220612716946817,0.35506203158908184,1
shared_support_1102,13,26,7.858191203871885,28.90865684642641,0.2718283054663361,1
shared_support_1102,13,27,11.821964042357255,62.16180736901135,0.19018050701419426,2
shared_support_1102,13,28,14.521927278488247,69.45539413187579,0.20908278557768012,2
shared_support_1102,13,29,18.249628932436856,84.550388722471,0.21584322920548138,2
shared_support_1102,13,30,29.846026136785216,86.37709914273807,0.3455317026503134,2
shared_support_1102,13,31,17.84373697696134,49.68163086828414,0.35916165925125576,2
shared_support_1102,13,32,20.9454461849336,73.55630510677945,0.2847539195250188,2
shared_support_1102,13,33,13.924569166706092,59.36890342302601,0.23454314234993096,2
shared_support_1102,13,34,13.034022060933639,43.305554574508605,0.30097806595475374,2
shared_support_1102,13,35,10.904437228923085,49.3569784640204,0.22092999953131365,2
shared_support_1102,13,36,16.163919460262267,72.30646743215313,0.2235473538439595,2
shared_support_1102,13,37,40.40160876558776,241.32795240395396,0.16741371384099066,1
shared_support_1102,13,38,23.21907365213967,141.0473468170124,0.16461900330718668,2
shared_support_1102,13,39,13.63958069454666,145.86880369771373,0.09350581035004704,2
shared_support_1102,13,40,35.85579448379576,121.41522865896023,0.2953154631410371,2
shared_support_1102,13,41,11.843977209071301,125.00424492660211,0.09474860006574695,0
shared_support_1102,13,42,14.462651791703282,114.25336106446471,0.1265840379395323,1
shared_support_1102,13,43,34.62896005924226,85.92633799630362,0.4030075162836793,2
shared_support_1102,13,44,10.898531549816994,67.00474611701286,0.16265312804535498,2
shared_support_1102,13,45,21.128859109119908,52.49234182308106,0.4025131738327109,2
shared_support_1102,13,46,14.1148873551011,76.85088121615294,0.1836659141929833,0
shared_support_1102,13,47,19.412949434553067,100.22762527962142,0.1936886101051839,2
shared_support_1102,13,48,21.094328711385025,91.73719433039979,0.2299430330887589,2
shared_support_1102,13,49,25.461062228895372,71.95587268596384,0.3538427271949683,2
shared_support_1102,13,50,42.58295476909755,95.73723998678335,0.4447898725195773,2
shared_support_1102,13,51,48.66460211745176,71.61908588572652,0.6794920867197284,2
shared_support_1102,13,52,65.98836569008368,100.2182506949152,0.6584465926367616,3
shared_support_1102,13,53,50.138151127798054,74.21751022594198,0.6755568999170329,2
shared_support_1102,13,54,40.69745721779466,73.50148934081918,0.5536956813090488,2
shared_support_1102,13,55,28.06924999748135,82.09709315626493,0.3419030920382758,2
shared_support_1102,13,56,43.02934391356095,78.58118554716454,0.5475781971720786,3
shared_support_1102,13,57,25.736640130136262,66.91387060345603,0.384623395688113,3
shared_support_1102,13,58,31.180721364969763,56.02494377760149,0.5565506944325693,2
shared_support_1102,13,59,18.5582688288561,52.58291438113505,0.35293343945032785,2
shared_support_1102,13,60,37.70493585906489,124.75268900606667,0.3022374600457014,0
shared_support_1102,13,61,23.22520142525733,64.44481299129646,0.36038899559525434,2
shared_support_1102,13,62,21.37541104112627,96.21144531806216,0.22217118733080063,2
shared_support_1102,13,63,17.007964260724876,84.89801050467817,0.20033407331480022,2
shared_support_1102,14,0,10.790080034277839,34.41867324379698,0.3134949438012534,0
shared_support_1102,14,1,18.002059508140846,56.506185554447825,0.31858564388131544,2
shared_support_1102,14,2,14.60271424305539,58.28796050253191,0.2505271091518304,0
shared_support_1102,14,3,18.243496446433742,54.47734531218412,0.33488225870568433,2
shared_support_1102,14,4,5.837495777343928,35.00046266134445,0.16678338894619904,2
shared_support_1102,14,5,18.659874004579546,46.09626034989738,0.40480233890862877,2
shared_support_1102,14,6,11.529768755813281,24.5950478578945,0.46878415616143904,2
shared_support_1102,14,7,16.178860351321475,41.73618243409572,0.3876459083642593,2
shared_support_1102,14,8,18.217908394924056,54.26990876238817,0.33569078722221846,2
shared_support_1102,14,9,11.423073844428723,50.65339047198142,0.2255144964234392,2
shared_support_1102,14,10,8.53610282886115,49.96725368670579,0.17083394021177217,2
shared_support_1102,14,11,18.24324894487653,65.89007203552532,0.27687401730325156,2
shared_support_1102,14,12,16.307341811296673,35.03915999313479,0.4654033320003038,2
shared_support_1102,14,13,12.938136797690662,45.46824064899368,0.2845532752756074,2
shared_support_1102,14,14,40.743289969405495,210.81060992812434,0.19326963658658775,1
shared_support_1102,14,15,54.89157021948633,263.89692264367784,0.20800382842509577,1
shared_support_1102,14,16,22.365787198344158,67.5438321933813,0.3311299710432451,2
shared_support_1102,14,17,14.000230099485904,26.99438799987143,0.5186348399360854,2
shared_support_1102,14,18,15.24844285109144,45.523959990703425,0.33495422749262954,2
shared_support_1102,14,19,29.354196719951485,67.51749743267598,0.43476428831239733,2
shared_support_1102,14,20,9.490777663165154,20.70951364140384,0.4582810503183695,0
shared_support_1102,14,21,21.749189545714362,59.99875235146619,0.3624940301809939,2
shared_support_1102,14,22,31.057666691860803,67.22656419887814,0.4619850361530016,0
shared_support_1102,14,23,34.97687058301212,63.877424613104544,0.5475623163404206,2
shared_support_1102,14,24,36.67073341384178,70.58641777581832,0.5195154332708543,2
shared_support_1102,14,25,28.78858067399804,45.61408845654438,0.6311335301904442,2
shared_support_1102,14,26,29.500535004317626,71.79721115275423,0.4108869206848844,2
shared_support_1102,14,27,11.916935854034683,21.978427935544637,0.5422105661507303,2
shared_support_1102,14,28,16.998779750835308,36.64947123110451,0.4638206004022343,2
shared_support_1102,14,29,25.815958363589115,55.520832257026235,0.46497787072206703,2
shared_support_1102,14,30,17.535037777511516,40.65412008418731,0.4313225262580922,2
shared_support_1102,14,31,23.994335479539476,69.64921021001787,0.3445026211666689,2
shared_support_1102,14,32,9.994791470482198,40.60269453249927,0.24616079266567276,2
shared_support_1102,14,33,19.21134126870744,45.500761784413584,0.4222202116028822,2
shared_support_1102,14,34,10.618199309156843,33.59094728567511,0.31610300295654314,2
shared_support_1102,14,35,39.16734093548459,258.38380918401,0.15158589487157562,1
shared_support_1102,14,36,28.02203732762755,85.82846729615882,0.3264888470038152,2
shared_support_1102,14,37,17.360530360773204,54.171170325079174,0.32047545320865894,0
shared_support_1102,14,38,18.339538259922243,70.38557729488167,0.2605581848549513,2
shared_support_1102,14,39,22.64580317984249,68.27400900356287,0.33168995801404777,2
shared_support_1102,14,40,7.302223751494771,52.84341048041955,0.13818608006386182,2
shared_support_1102,14,41,17.86652916499535,44.025458279970216,0.4058226731310118,0
shared_support_1102,14,42,22.022994924070677,69.22337908236553,0.31814388745551686,2
shared_support_1102,14,43,29.464436230818762,72.17819524544112,0.4082179684685283,2
shared_support_1102,14,44,12.140883497067273,33.94688803291659,0.3576434895974815,1
shared_support_1102,14,45,15.043078088627514,40.60322343904655,0.3704897496921677,2
shared_support_1102,14,46,16.189337387322265,65.0571493040055,0.24884793693727836,2
shared_support_1102,14,47,19.518000593182748,52.38678097865962,0.3725749173466802,2
shared_support_1102,14,48,26.85527625663687,59.10727810058402,0.45434804510768906,2
shared_support_1102,14,49,15.11697538358952,44.615162702647254,0.3388304439085358,2
shared_support_1102,14,50,12.210794874979449,63.758065906137276,0.19151764880941993,2
shared_support_1102,14,51,16.800440239208037,67.40898144794076,0.24923148041011178,2
shared_support_1102,14,52,20.499183202457736,61.966690756376636,0.3308097132869449,2
shared_support_1102,14,53,14.66090876955537,60.30243275496933,0.2431230068134724,2
shared_support_1102,14,54,18.219076607858717,59.01069316029238,0.3087419522148255,0
shared_support_1102,14,55,29.358098460179136,90.80907001761878,0.3232947816168922,2
shared_support_1102,14,56,31.989386813669235,83.44501180121406,0.38335888656682787,2
shared_support_1102,14,57,22.509724977862803,57.5576979112498,0.39108105074965516,2
shared_support_1102,14,58,23.44464889626253,55.8440903102957,0.4198232752291814,0
shared_support_1102,14,59,23.51097244637772,62.15432802837769,0.3782676636073253,2
shared_support_1102,14,60,17.982474908107523,58.535510048589664,0.3072062563934349,2
shared_support_1102,14,61,18.85023299870429,45.93461284694566,0.41037099978426617,2
shared_support_1102,14,62,17.681090849965596,62.00846296184678,0.285139963247349,2
shared_support_1102,14,63,21.660873064275773,66.45225375806535,0.32596145110649133,3
shared_support_1102,15,0,24.082715494639853,100.41865921394296,0.23982311338504717,0
shared_support_1102,15,1,65.91581977920703,313.28583089863486,0.21040153520551144,1
shared_support_1102,15,2,10.757608976387198,35.91526736236572,0.29952746468093117,0
shared_support_1102,15,3,8.949780304519873,72.65516030071007,0.12318161941254992,0
shared_support_1102,15,4,17.775875559596084,68.44580457375662,0.2597073066829239,0
shared_support_1102,15,5,14.568589801659103,54.93470126782982,0.2651983075439163,0
shared_support_1102,15,6,17.322796281644397,36.70016251407408,0.4720087077271472,0
shared_support_1102,15,7,10.216722803474017,79.64488465507056,0.12827845564371188,2
shared_support_1102,15,8,22.278720382220737,74.53981471514682,0.29888349558365085,2
shared_support_1102,15,9,18.664915168655003,66.12484162296892,0.28226782417232466,2
shared_support_1102,15,10,12.56669438642995,92.05926949149686,0.13650656208596879,0
shared_support_1102,15,11,16.5572508039622,76.17485292751252,0.2173584873175662,2
shared_support_1102,15,12,6.749057368841001,20.514501070502284,0.3289895935390524,2
shared_support_1102,15,13,13.011760551840347,53.18098332972647,0.24466942386466156,2
shared_support_1102,15,14,15.298888784851087,63.4570354586327,0.2410905059506656,2
shared_support_1102,15,15,11.464304730533774,57.58481059457399,0.19908556808926997,2
shared_support_1102,15,16,7.1655967182261,98.22598829972893,0.07295011068110449,0
shared_support_1102,15,17,20.40282749304464,119.56034886284311,0.17064877852146698,2
shared_support_1102,15,18,21.74976819822141,134.02361245495345,0.16228310668414272,2
shared_support_1102,15,19,29.85736185914947,72.23119793696124,0.4133582539390675,2
shared_support_1102,15,20,22.512325497741262,91.39171657346078,0.24632785488437373,2
shared_support_1102,15,21,28.67189417225798,97.88231905238437,0.29292209716561207,2
shared_support_1102,15,22,16.39896268122074,43.822739493587264,0.37421126270803906,2
shared_support_1102,15,23,24.16340429768845,56.077905532957395,0.43088992122730835,2
shared_support_1102,15,24,16.11861598944906,56.145577265162395,0.28708612101937464,0
shared_support_1102,15,25,10.326508550226308,38.27195281659238,0.26981922243981665,2
shared_support_1102,15,26,31.785550028495432,59.23951898030717,0.5365598940643292,2
shared_support_1102,15,27,23.784145953296786,67.71499476539549,0.351238983857254,2
shared_support_1102,15,28,18.30086761564593,79.29217030056037,0.23080296006876477,1
shared_support_1102,15,29,37.55516639473199,234.29005328306746,0.16029347327587196,1
shared_support_1102,15,30,12.668034100999586,34.49568731214081,0.36723530064412,1
shared_support_1102,15,31,8.847205206449148,55.21337233061218,0.1602366389336439,2
shared_support_1102,15,32,7.3663990745680366,83.6485623581787,0.08806366621132719,2
shared_support_1102,15,33,13.341951748850697,50.370559730600505,0.264875987485709,2
shared_support_1102,15,34,8.495707980932675,68.05365739960862,0.12483837468199811,3
shared_support_1102,15,35,15.056300241621212,129.8050854528683,0.11599160532957774,1
shared_support_1102,15,36,8.866520123785246,130.60574524305298,0.0678876729908393,2
shared_support_1102,15,37,13.687589276993165,32.889513687310995,0.4161687949273003,0
shared_support_1102,15,38,27.143552888357434,93.80817517781561,0.28935167789914035,3
shared_support_1102,15,39,7.047479444518401,48.0951747897365,0.14653194369973122,0
shared_support_1102,15,40,20.857269746592124,52.62901367413315,0.3963074412858197,2
shared_support_1102,15,41,8.393967284020144,31.4615971160557,0.26680041871544014,1
shared_support_1102,15,42,14.449507285011709,115.03028248531034,0.12561481179407646,3
shared_support_1102,15,43,11.29838839674749,118.12846447754922,0.09564492729772842,3
shared_support_1102,15,44,21.680708408869002,97.3093155782334,0.22280198231831613,3
shared_support_1102,15,45,19.98315342041311,51.42462502718558,0.38859113527515343,2
shared_support_1102,15,46,7.788340121298457,135.08360773795775,0.05765570117439184,3
shared_support_1102,15,47,16.938712420298067,128.64914580585034,0.13166595327310582,2
shared_support_1102,15,48,11.864128213025463,37.35807322712501,0.3175786968694932,1
shared_support_1102,15,49,6.615686807358272,20.874429351353086,0.31692779218079276,3
shared_support_1102,15,50,15.709798894685699,92.2485593576033,0.17029858248285878,3
shared_support_1102,15,51,22.57587458739865,56.20635025539278,0.4016605683311128,0
shared_support_1102,15,52,28.00336017999679,75.22175262263039,0.3722774224695744,3
shared_support_1102,15,53,32.63034038379351,93.63102323174343,0.34849923943510797,3
shared_support_1102,15,54,30.721864936521186,116.41953846408587,0.2638892521120803,3
shared_support_1102,15,55,10.203895085833599,59.884513565558024,0.1703928858779654,0
shared_support_1102,15,56,14.111684978929768,119.55560592481915,0.11803449005815504,3
shared_support_1102,15,57,7.652981864494178,83.11685425219044,0.09207497003283777,3
shared_support_1102,15,58,10.079218060112307,58.281128383355245,0.1729413678097364,2
shared_support_1102,15,59,5.638868300425623,72.84636893476102,0.07740767841806392,6
shared_support_1102,15,60,12.084793934203352,49.735069817021106,0.24298335115772787,0
shared_support_1102,15,61,34.38126760322625,210.2234739684729,0.16354628222147252,1
shared_support_1102,15,62,8.847825687039586,100.91714534027535,0.08767415742098364,0
shared_support_1102,15,63,6.766177964321453,89.92331406126291,0.07524386789961716,1
shared_support_1102,16,0,19.162571950714803,65.35998832672504,0.29318505772865044,0
shared_support_1102,16,1,27.146113884387205,77.45866424410586,0.35045935983143245,0
shared_support_1102,16,2,14.756243211311416,38.07798765843977,0.38752686574918777,2
shared_support_1102,16,3,27.523506508341196,83.64861863477847,0.32903719102060325,2
shared_support_1102,16,4,29.71141273855264,186.48729108096262,0.15932138091733855,3
shared_support_1102,16,5,30.884373979924078,87.13093430262623,0.3544593458926468,2
shared_support_1102,16,6,20.158429602540718,84.91325188603358,0.2374002779871907,2
shared_support_1102,16,7,17.534731351679323,65.50291919131422,0.26769389163352664,2
shared_support_1102,16,8,20.881537341343428,65.95367187152188,0.31660917047986015,3
shared_support_1102,16,9,21.657869839481766,58.34037318872953,0.37123296708128933,2
shared_support_1102,16,10,23.303157191697185,72.63764065303465,0.32081379546740035,2
shared_support_1102,16,11,21.115086595372045,83.43224090024091,0.25308066003667745,2
shared_support_1102,16,12,19.00421479465416,56.64153380850443,0.33551730535589375,2
shared_support_1102,16,13,14.50274065169468,97.9500758273935,0.14806257707499115,0
shared_support_1102,16,14,26.661325223477306,96.35611000703076,0.2766957406388855,2
shared_support_1102,16,15,24.283019214443748,67.05390683655031,0.3621417507205912,2
shared_support_1102,16,16,28.03581189989502,88.28517333395654,0.3175596857452371,2
shared_support_1102,16,17,35.12273600567411,226.85007077951545,0.15482797023154243,1
shared_support_1102,16,18,32.183069457102995,102.21152319626215,0.3148673305191476,2
shared_support_1102,16,19,25.496548147465855,73.06631763349165,0.3489507747654566,2
shared_support_1102,16,20,13.226482057112136,40.9828349024289,0.32273223871900214,2
shared_support_1102,16,21,11.185537472510791,66.4759410071546,0.1682644473029261,3
shared_support_1102,16,22,19.86551913783522,80.58981748729273,0.2465016022770815,2
shared_support_1102,16,23,16.887063783640468,71.47185919726316,0.23627570309920126,2
shared_support_1102,16,24,14.01996017174108,57.06295457386993,0.24569285408437386,2
shared_support_1102,16,25,7.669231913369497,16.75751602377605,0.4576592319821249,0
shared_support_1102,16,26,20.423073135844767,74.7382150812936,0.27326145150282705,2
shared_support_1102,16,27,8.863637787245763,70.7486651045655,0.12528346328719325,3
shared_support_1102,16,28,19.963877600293543,79.59037662277828,0.2508328072740895,2
shared_support_1102,16,29,18.567046556734926,52.32733437948566,0.3548250025901171,2
shared_support_1102,16,30,14.267307622050456,76.98020576767206,0.18533735367127366,2
shared_support_1102,16,31,10.967010980228336,22.159015100174187,0.49492321435089986,0
shared_support_1102,16,32,19.745408586611124,50.0588379626872,0.3944440060979628,2
shared_support_1102,16,33,11.049349419054732,26.74138094318076,0.4131929253216967,2
shared_support_1102,16,34,14.019655404707427,57.59648183420071,0.24341166262663244,2
shared_support_1102,16,35,11.585395106947782,29.052000085177895,0.39878132565676816,2
shared_support_1102,16,36,20.577544671037128,248.0235738050205,0.08296608405140478,1
shared_support_1102,16,37,16.50136402801013,104.4046499611818,0.1580520028001188,2
shared_support_1102,16,38,18.593318628273835,105.12320481252954,0.1768716874778699,0
shared_support_1102,16,39,9.166917425265243,35.03760193783236,0.2616308456706088,1
shared_support_1102,16,40,23.544760887598212,78.21756907708975,0.3010162699430475,0
shared_support_1102,16,41,16.930315774253774,90.64010506108166,0.1867861446414318,3
shared_support_1102,16,42,31.795757709507814,101.48748069335474,0.31329733965491724,2
shared_support_1102,16,43,5.67538830285057,72.05738676573169,0.07876206115137127,0
shared_support_1102,16,44,11.817082339595387,101.65017225044484,0.11625245760017562,2
shared_support_1102,16,45,19.263890821103946,91.23433596361788,0.21114737798701066,3
shared_support_1102,16,46,16.488006724659076,66.55573677715674,0.24773231464425904,2
shared_support_1102,16,47,12.7030085052507,60.257300176903335,0.2108127723604811,2
shared_support_1102,16,48,18.654296713238082,61.60365875356728,0.30281150650257227,3
shared_support_1102,16,49,11.32944479278192,56.17114121344133,0.20169511510780683,2
shared_support_1102,16,50,9.005617599729916,40.88516434914775,0.22026614648835668,2
shared_support_1102,16,51,10.153001477467953,126.92134640479942,0.07999443564903773,1
shared_support_1102,16,52,18.042704024247588,97.30017458404113,0.1854334188132782,2
shared_support_1102,16,53,21.535332347230785,74.90178695248512,0.28751426666084734,2
shared_support_1102,16,54,16.68062483039372,70.70573086627401,0.23591616444700705,2
shared_support_1102,16,55,17.283908188696174,77.50256380299523,0.22301079268332805,3
shared_support_1102,16,56,14.109312475002199,58.39967767296837,0.24159914981059932,2
shared_support_1102,16,57,24.80978052385877,56.751650289934105,0.4371640365894209,2
shared_support_1102,16,58,22.51153162176544,61.55943872982463,0.3656877334532769,2
shared_support_1102,16,59,8.695195927199109,88.971344510775,0.09773029704126888,0
shared_support_1102,16,60,20.548735757090647,93.0030760911696,0.22094683983298585,2
shared_support_1102,16,61,11.735115652684483,56.021094882311765,0.20947672796001987,2
shared_support_1102,16,62,19.366793586537483,75.55656678202484,0.2563217786537239,2
shared_support_1102,16,63,16.78938339252064,57.971358218719786,0.28961514631373786,2
shared_support_1102,17,0,13.21118195519236,38.301162087304,0.344929010902559,0
shared_support_1102,17,1,14.975119116588072,60.79604547190047,0.24631732212762872,0
shared_support_1102,17,2,15.5886111016127,29.71601798689781,0.524586137634118,0
shared_support_1102,17,3,16.877111295468058,85.37379984950388,0.1976849024550725,0
shared_support_1102,17,4,12.828766663829251,63.17241978689868,0.2030754355635718,0
shared_support_1102,17,5,6.051686030416232,18.977631413185343,0.31888521273585396,1
shared_support_1102,17,6,22.4885655789379,75.29725851142506,0.29866380295274164,2
shared_support_1102,17,7,34.02748039520174,259.36933330953786,0.13119315210095595,1
shared_support_1102,17,8,7.036290018705339,39.7599908438446,0.17696910561021054,2
shared_support_1102,17,9,10.846384790035096,91.98810331883429,0.11791073409178914,0
shared_support_1102,17,10,16.06994583922571,51.84772654800088,0.3099450430936075,2
shared_support_1102,17,11,11.341927275423023,69.83021963020306,0.16242147505028606,2
shared_support_1102,17,12,12.75943357583773,70.77538084083312,0.1802806770412503,0
shared_support_1102,17,13,15.654796101333703,101.77515049770308,0.1538174694390357,1
shared_support_1102,17,14,23.44507220872096,116.55623201942018,0.20114816516044054,2
shared_support_1102,17,15,21.270638729797454,71.73607978753853,0.29651242154289614,2
shared_support_1102,17,16,7.291480906471932,108.8273942523359,0.06700041801575549,0
shared_support_1102,17,17,6.762504846913589,90.89238192359768,0.07440122817551437,0
shared_support_1102,17,18,7.110336869248939,24.23504837487647,0.2933906612961395,2
shared_support_1102,17,19,16.324338468169696,63.16486034772634,0.25844018934425306,2
shared_support_1102,17,20,13.508081111507787,72.09575021243185,0.18736307024624757,0
shared_support_1102,17,21,9.835908946881368,30.700776735161295,0.3203798077074838,0
shared_support_1102,17,22,12.255830610501588,45.8416691403539,0.267351316833115,2
shared_support_1102,17,23,19.435355047355067,108.00337781218623,0.1799513630134088,2
shared_support_1102,17,24,13.047574133989139,52.325964593393174,0.2493518129169197,2
shared_support_1102,17,25,18.460046483068695,102.40964439685622,0.18025691419777434,3
shared_support_1102,17,26,10.132599691794137,164.08063324023047,0.061753782220958384,2
shared_support_1102,17,27,18.72866903420494,83.17903187549781,0.2251609403465764,2
shared_support_1102,17,28,23.85012741741102,59.98131030124874,0.3976259821205421,2
shared_support_1102,17,29,4.257732924624682,12.527308076436414,0.33987612491412916,5
shared_support_1102,17,30,5.539756579432941,13.573782284141853,0.4081218089010457,1
shared_support_1102,17,31,11.194967492905988,32.368201547191106,0.34586312979373673,0
shared_support_1102,17,32,14.207673151456737,46.54900323593124,0.3052197074864498,2
shared_support_1102,17,33,18.259176450683142,48.41012365130153,0.37717681909271955,2
shared_support_1102,17,34,24.0070438849695,77.15096761692836,0.3111697056629256,2
shared_support_1102,17,35,36.77090334784603,263.10598856147413,0.13975699887672677,1
shared_support_1102,17,36,49.4263518901611,271.6363620461429,0.18195778914814448,3
shared_support_1102,17,37,15.311561048826256,126.66001997426491,0.12088708853778245,0
shared_support_1102,17,38,12.919965234279724,39.357589500845755,0.32827125335005813,0
shared_support_1102,17,39,7.219926905751821,21.940556743060174,0.32906762532520933,3
shared_support_1102,17,40,14.386836383872483,80.09183782107164,0.17962924531727253,3
shared_support_1102,17,41,20.5578296986946,48.82192535712319,0.4210778159263066,0
shared_support_1102,17,42,30.71422666851635,77.42065735784334,0.3967187533238472,3
shared_support_1102,17,43,33.90789869661008,82.8638784931546,0.40919999538051094,2
shared_support_1102,17,44,28.736114840499333,103.4760782558549,0.27770780768716835,3
shared_support_1102,17,45,10.28230824158408,92.62065703686552,0.11101528072178804,2
shared_support_1102,17,46,13.24635768528863,83.23385161937274,0.15914627795748346,2
shared_support_1102,17,47,21.25106424333022,62.314503768347244,0.34102918194342957,2
shared_support_1102,17,48,36.89974988504608,79.38087518905967,0.4648443318011141,2
shared_support_1102,17,49,38.57188432443291,82.09375386171389,0.46985163316330814,2
shared_support_1102,17,50,46.07867296453351,65.1235475783585,0.7075577832901432,2
shared_support_1102,17,51,69.3904898711609,108.44578826559261,0.6398633914783108,3
shared_support_1102,17,52,32.31049396436365,50.15489459290222,0.6442141734445225,2
shared_support_1102,17,53,24.402803216087285,53.48267948504451,0.4562748809717191,2
shared_support_1102,17,54,14.552096028144556,75.1414831082234,0.1936626138611841,2
shared_support_1102,17,55,11.29571191008678,88.77199484522801,0.12724409234895084,2
shared_support_1102,17,56,11.609811925544797,85.22238831124012,0.13622960064372613,2
shared_support_1102,17,57,11.452018729626307,104.46446915246365,0.1096259696960919,0
shared_support_1102,17,58,15.786399607124373,29.411519508953077,0.536742061297407,0
shared_support_1102,17,59,31.953463640064644,83.23917428704243,0.3838753076751596,2
shared_support_1102,17,60,22.652119800085682,102.83722758610604,0.2202715916385335,3
shared_support_1102,17,61,24.877823787001997,149.65592822043072,0.16623346687849902,2
shared_support_1102,17,62,26.846669778321655,89.70279329945582,0.2992846575992246,2
shared_support_1102,17,63,12.356299952567358,149.17200661888938,0.08283256512152262,0
shared_support_1102,18,0,18.65945140463074,47.365065784952215,0.3939496566804898,0
shared_support_1102,18,1,19.921052947978648,58.00806113333427,0.3434187000697914,0
shared_support_1102,18,2,17.735445443141,33.45310827267633,0.5301583726863094,0
shared_support_1102,18,3,30.460703702679105,127.65796796850995,0.23861184842134572,0
shared_support_1102,18,4,15.55173135010842,51.30044108910438,0.30315005134354345,0
shared_support_1102,18,5,12.41632550638241,62.693018027612425,0.1980495738921642,0
shared_support_1102,18,6,9.645259298936733,164.5469581279912,0.058617062318674196,6
shared_support_1102,18,7,17.9107925954158,121.31101618064669,0.14764357895365807,0
shared_support_1102,18,8,12.6832409336025,145.37858559188444,0.08724284172916402,2
shared_support_1102,18,9,14.437284214767752,101.08894200461624,0.1428176408662826,0
shared_support_1102,18,10,12.630716247839645,143.34182266412233,0.08811605721964245,2
shared_support_1102,18,11,24.586963606082552,123.60841299942028,0.1989101146877265,0
shared_support_1102,18,12,18.570225942572222,72.54976618746896,0.25596534514786257,2
shared_support_1102,18,13,20.660083512721638,61.917399544406926,0.33367169268638786,2
shared_support_1102,18,14,43.411650084793976,283.4491386994595,0.1531549902884808,1
shared_support_1102,18,15,56.14979000174783,309.9809979913449,0.18113945811386675,3
shared_support_1102,18,16,21.865254162537443,123.73992139784144,0.17670331381767684,2
shared_support_1102,18,17,33.58014172325871,116.45256266885856,0.28835897599562765,2
shared_support_1102,18,18,19.838485280969937,110.44044596829806,0.17963061546006953,1
shared_support_1102,18,19,21.797986582910944,104.3542239830262,0.2088845640446381,1
shared_support_1102,18,20,28.807205280912775,100.54940401963933,0.286498021164662,2
shared_support_1102,18,21,35.112001757948725,107.34178750511764,0.3271046865720838,2
shared_support_1102,18,22,18.017955009293765,44.24806779109351,0.40720320476729416,2
shared_support_1102,18,23,13.310321198825022,37.013748302718895,0.35960479035967546,2
shared_support_1102,18,24,5.076128451680266,16.438141768023335,0.30880184167499514,1
shared_support_1102,18,25,7.063878899683496,24.47724654196294,0.28858960453633653,1
shared_support_1102,18,26,18.029986941024383,53.327148767376784,0.3381014615965056,2
shared_support_1102,18,27,17.212516135899563,82.87574379458476,0.20769063839188442,1
shared_support_1102,18,28,7.568562164795509,64.94506628602232,0.11653790807546589,1
shared_support_1102,18,29,15.281605080726353,61.73752062527668,0.24752540960431332,0
shared_support_1102,18,30,20.146844046225024,78.96729812182774,0.2551289524322238,2
shared_support_1102,18,31,18.00756867470082,76.72465957016405,0.234703793742259,2
shared_support_1102,18,32,21.854524374558284,95.7178205762282,0.22832241940938966,1
shared_support_1102,18,33,17.000635581953432,139.8616853229362,0.12155320124092243,1
shared_support_1102,18,34,5.725132615931815,16.846777028593166,0.3398354834408292,1
shared_support_1102,18,35,7.178146025100149,18.10321018430684,0.3965123285881463,0
shared_support_1102,18,36,14.855027112111227,39.269200197899764,0.37828697903823666,0
shared_support_1102,18,37,14.70643641825931,51.19299109635815,0.28727441204945575,2
shared_support_1102,18,38,18.58990839700205,62.82380531842671,0.29590548205059913,2
shared_support_1102,18,39,42.00974711546639,246.35115499146832,0.17052790808681728,1
shared_support_1102,18,40,16.264412262959787,83.867405919677,0.19393007431917988,2
shared_support_1102,18,41,25.590371851133547,52.19137632276786,0.49031801140622644,2
shared_support_1102,18,42,42.51349864308492,94.11658734889163,0.45171100908585576,2
shared_support_1102,18,43,22.106687918902907,65.36220713831261,0.3382181980501831,2
shared_support_1102,18,44,11.747792760998799,23.18142477170258,0.5067761311780653,2
shared_support_1102,18,45,14.804227657042848,38.7025223955515,0.3825132508351564,2
shared_support_1102,18,46,14.615608113129129,34.7706485308339,0.4203432702777547,2
shared_support_1102,18,47,34.04164329195669,73.54471275225785,0.46287002855839693,0
shared_support_1102,18,48,30.180459003755242,86.78593356296189,0.347757496689942,2
shared_support_1102,18,49,25.659459650763424,55.076615628362894,0.4658866445953068,2
shared_support_1102,18,50,13.43092498752627,47.90277463830352,0.28037885255996786,2
shared_support_1102,18,51,23.76248275736876,52.9650110801403,0.4486449124199034,2
shared_support_1102,18,52,11.153338541377545,62.246704240458406,0.17917958352127863,2
shared_support_1102,18,53,15.591123507843976,60.92721886936767,0.25589750848914444,2
shared_support_1102,18,54,10.982704234986231,31.33788218255987,0.350460958752928,2
shared_support_1102,18,55,10.309388653485728,50.32426945516152,0.20485918156589045,2
shared_support_1102,18,56,7.903747722667403,78.18455727183589,0.10109090590853213,2
shared_support_1102,18,57,13.982025481641301,43.65843671280614,0.32025941683660913,2
shared_support_1102,18,58,17.67989852547165,66.30337113905696,0.26665157776656473,2
shared_support_1102,18,59,19.259686485551267,57.38754504187241,0.3356074296521758,2
shared_support_1102,18,60,36.87393971050505,264.63739485403113,0.13933760091178346,1
shared_support_1102,18,61,18.28070873232188,82.2446324936739,0.2222723620745463,2
shared_support_1102,18,62,22.768875533907867,86.58409391288961,0.2629683410074735,2
shared_support_1102,18,63,5.962639881579665,105.09562465157609,0.05673537696119726,0
shared_support_1102,19,0,27.36144157132816,91.81174135953533,0.29801680227565436,0
shared_support_1102,19,1,14.985241594738897,48.66850125276676,0.3079043161183641,0
shared_support_1102,19,2,14.23161600110217,40.96515613457307,0.34740783006783693,0
shared_support_1102,19,3,14.159490373074448,106.34290003281566,0.13314937216029527,0
shared_support_1102,19,4,33.71191848524282,79.70408402616522,0.4229635017720784,0
shared_support_1102,19,5,10.722192702481662,46.147104418490976,0.2323481145262349,2
shared_support_1102,19,6,11.708108472005096,53.939449474720824,0.2170602144816513,0
shared_support_1102,19,7,6.789469146058874,36.11638300998691,0.18798862400427663,3
shared_support_1102,19,8,39.02230234671012,142.5581551557223,0.27372900767468833,2
shared_support_1102,19,9,7.590916012209539,56.912151060130505,0.13337953092283159,3
shared_support_1102,19,10,10.21086009261096,41.91585526042903,0.243603763520259,2
shared_support_1102,19,11,17.202567797071325,63.4978222178771,0.2709158707529364,2
shared_support_1102,19,12,11.772364285508507,57.67021734470722,0.20413247647642055,2
shared_support_1102,19,13,6.7240671709455215,13.680708234203326,0.49149993230135475,0
shared_support_1102,19,14,6.683533981785896,58.09760103339763,0.11503975831883043,2
shared_support_1102,19,15,6.084703448397933,47.12624364817421,0.12911496816559173,2
shared_support_1102,19,16,19.770520239478635,65.11501189431837,0.30362461227168597,2
shared_support_1102,19,17,15.092839297591661,41.996223961550996,0.3593856274175907,2
shared_support_1102,19,18,16.072717266264515,60.62708185075377,0.26510788208198555,2
shared_support_1102,19,19,26.344082511442583,62.366019906140814,0.42241083447508304,2
shared_support_1102,19,20,9.711666162694085,32.91112245927912,0.295087661464914,2
shared_support_1102,19,21,7.525821137594535,62.75205299171748,0.11992948085041702,0
shared_support_1102,19,22,19.115162369482018,62.223499110934675,0.30720166243628794,2
shared_support_1102,19,23,9.623675945841885,26.113837834405572,0.36852782830574504,2
shared_support_1102,19,24,20.11778355255779,45.525014644484536,0.4419061412645829,2
shared_support_1102,19,25,23.26032108508288,47.8288867906548,0.48632369778733114,2
shared_support_1102,19,26,10.837249824326877,38.22086377399591,0.28354277622841556,2
shared_support_1102,19,27,9.732171933003,60.331886571943286,0.16131058526402595,3
shared_support_1102,19,28,21.7599526768312,59.958926232265625,0.36291431558561743,2
shared_support_1102,19,29,17.721056196468883,58.44687613461085,0.30319937297683724,2
shared_support_1102,19,30,13.289505736114243,88.7958471020425,0.14966359542515761,1
shared_support_1102,19,31,12.594249052901938,36.74000589329865,0.3427938767750475,0
shared_support_1102,19,32,31.483089814257518,177.81743385119464,0.17705288583010334,1
shared_support_1102,19,33,18.019142021280317,63.31636916987431,0.2845889974034354,2
shared_support_1102,19,34,19.049128587312154,41.95454069421827,0.4540421196873526,2
shared_support_1102,19,35,22.92687970137162,66.8139333824591,0.3431451875484208,2
shared_support_1102,19,36,15.23240531807339,92.66916825719623,0.16437403728278868,2
shared_support_1102,19,37,11.28067187994215,62.38575926760828,0.18082126453815978,2
shared_support_1102,19,38,5.726496692376586,69.65219600700878,0.08221559434824359,3
shared_support_1102,19,39,10.457915360301676,45.58710395879389,0.22940512671641897,1
shared_support_1102,19,40,14.290126016782127,99.34690918283708,0.14384067037740167,0
shared_support_1102,19,41,19.245403393480004,85.80203846115182,0.22430007187059608,2
shared_support_1102,19,42,15.365120784107441,40.17140049794103,0.38248904926516003,2
shared_support_1102,19,43,11.651970224675726,86.87682975753194,0.13412057342787118,0
shared_support_1102,19,44,23.050193864191172,89.20380067670624,0.25839923511476864,2
shared_support_1102,19,45,8.405868983534898,63.08655592178523,0.1332434281870848,2
shared_support_1102,19,46,35.24597356231977,217.41076186074855,0.1621169681788558,1
shared_support_1102,19,47,8.214891585751527,107.67993820810086,0.0762898987727457,1
shared_support_1102,19,48,15.085906149899717,71.94301851410535,0.20969242688839826,2
shared_support_1102,19,49,9.082972961707867,39.38799276404645,0.23060258531373673,2
shared_support_1102,19,50,7.013678905116561,41.88125780295868,0.1674658134221815,2
shared_support_1102,19,51,9.865116447065539,63.42469591408838,0.15554061875879208,2
shared_support_1102,19,52,11.83786420746414,86.73902615541198,0.13647679403563986,2
shared_support_1102,19,53,12.785922083978985,80.74492061423881,0.15834955297143827,0
shared_support_1102,19,54,4.08449965482044,66.65605016569661,0.0612772530725569,3
shared_support_1102,19,55,3.1878082654319715,89.25489121448466,0.03571578231798506,3
shared_support_1102,19,56,13.008521011654247,53.827347351811284,0.24167122571787875,2
shared_support_1102,19,57,16.959596903083433,61.237185117057976,0.27694932206084105,2
shared_support_1102,19,58,15.36941972217239,70.03886921791211,0.21944128872717056,2
shared_support_1102,19,59,30.057889779157467,86.57011186705445,0.34720862813851167,2
shared_support_1102,19,60,23.010862011563646,74.34798092496638,0.3095021778034122,2
shared_support_1102,19,61,11.324616685660024,102.87655997547566,0.11007965943223272,1
shared_support_1102,19,62,20.47492558266935,76.40610454194777,0.26797499630973065,2
shared_support_1102,19,63,40.14100667204543,208.5884118055889,0.1924412114967256,1
shared_support_1102,20,0,24.64350976602681,48.64102595693871,0.5066404188892603,0
shared_support_1102,20,1,14.157433503252252,52.949262331777575,0.26737735106756433,0
shared_support_1102,20,2,9.435500580144602,72.73046595773963,0.1297324368254033,3
shared_support_1102,20,3,6.361991247270804,65.62468567723852,0.09694509286583018,2
shared_support_1102,20,4,10.73177540119768,75.41605005123765,0.14230094779435565,2
shared_support_1102,20,5,7.922160878474441,57.02696459299879,0.1389195608606362,2
shared_support_1102,20,6,18.051983588368373,95.20461971161065,0.1896124751409185,2
shared_support_1102,20,7,14.1009851993556,71.84153330562658,0.19627901230013448,2
shared_support_1102,20,8,14.007696360272554,47.95537240371354,0.2920985837071267,2
shared_support_1102,20,9,17.267427265581574,122.46810119100697,0.14099530488066023,2
shared_support_1102,20,10,21.702474034304135,49.02743571676704,0.44265978256909,0
shared_support_1102,20,11,12.692175811107978,64.03145182192146,0.19821783592235764,1
shared_support_1102,20,12,23.209798688590812,67.30487536523148,0.34484572718755213,0
shared_support_1102,20,13,13.632159870274544,88.1397370925657,0.15466531124273541,2
shared_support_1102,20,14,16.62460924776431,88.80217521508644,0.1872094822846185,2
shared_support_1102,20,15,6.849663092339202,68.18521868946374,0.10045671516483147,2
shared_support_1102,20,16,5.959951456077971,47.983291486534796,0.12420889170869967,0
shared_support_1102,20,17,9.558594572596414,74.78413167168357,0.12781581277911264,2
shared_support_1102,20,18,15.153079977719699,43.57275542193469,0.347765015799106,0
shared_support_1102,20,19,4.267855872419034,11.007593591006556,0.38771924464089635,0
shared_support_1102,20,20,14.489605172018882,55.77676491754396,0.2597785151835032,0
shared_support_1102,20,21,7.348836797668936,88.11260278450082,0.083402788766122,6
shared_support_1102,20,22,22.17990850322192,104.25847210563593,0.21273962734413537,2
shared_support_1102,20,23,5.968694275223337,27.750704984401985,0.21508261784982394,3
shared_support_1102,20,24,5.352063326551986,13.025135481505504,0.4109026991812426,1
shared_support_1102,20,25,6.531859276528919,24.941029692896997,0.26189212542372053,0
shared_support_1102,20,26,8.152944069164446,47.88957699826722,0.17024464570775896,3
shared_support_1102,20,27,22.936261973738656,140.58523324737155,0.16314844343132662,0
shared_support_1102,20,28,9.096443227000947,29.097692605398304,0.31261733878215975,0
shared_support_1102,20,29,6.87398009801007,22.900103327992472,0.3001724489866166,1
shared_support_1102,20,30,11.368869997555343,95.83428562952678,0.11863050809920753,0
shared_support_1102,20,31,15.395844922968847,40.21840333278616,0.38280597057959553,0
shared_support_1102,20,32,6.6827055568060025,23.650700251121147,0.28255846490165604,1
shared_support_1102,20,33,12.773163596752749,55.75595571657572,0.2290905685785852,0
shared_support_1102,20,34,16.530381336081327,78.1261751117543,0.21158569855027093,1
shared_support_1102,20,35,32.4785335784369,233.93090051474837,0.1388381505263742,1
shared_support_1102,20,36,44.68970376979953,236.86956712777555,0.18866798429066395,1
shared_support_1102,20,37,42.39592453529883,256.4256916786805,0.16533415297724505,1
shared_support_1102,20,38,10.37153490268783,40.47244721678851,0.25626162033477384,5
shared_support_1102,20,39,13.161654006928178,77.93997229517007,0.16886911323349038,3
shared_support_1102,20,40,12.160092207935548,77.34942221206528,0.15720986479506976,3
shared_support_1102,20,41,17.501086274731243,44.04083956836933,0.39738312089991895,2
shared_support_1102,20,42,12.692956346249295,80.56164267483908,0.15755582836710882,0
shared_support_1102,20,43,20.2253342615093,63.31258073001321,0.3194520587899763,2
shared_support_1102,20,44,14.444062700951687,46.927225703673294,0.307797072687829,2
shared_support_1102,20,45,13.817568903306528,66.46365510767879,0.20789661478774335,0
shared_support_1102,20,46,11.866514478665355,36.25897857359196,0.3272710634851678,2
shared_support_1102,20,47,21.442890452783352,77.22488424509002,0.2776681462510149,0
shared_support_1102,20,48,19.426607159667892,68.51180532858801,0.2835512371407578,0
shared_support_1102,20,49,9.710253664810091,52.356814348018574,0.18546303448230272,2
shared_support_1102,20,50,15.01560791603978,84.12251061659818,0.17849690654711697,2
shared_support_1102,20,51,9.110083439211751,47.95567711770088,0.18996882093547035,2
shared_support_1102,20,52,11.170278267588419,92.07485026060644,0.12131736555609195,0
shared_support_1102,20,53,21.833827391745622,63.13280051408486,0.34583967785294933,2
shared_support_1102,20,54,8.863055549696927,54.417425443946236,0.1628716440991222,0
shared_support_1102,20,55,13.400149810491309,109.90943896601027,0.12191991822135798,2
shared_support_1102,20,56,12.148945185939416,45.24678162884462,0.26850407362884166,2
shared_support_1102,20,57,18.995410629675174,55.278194977984576,0.34363297566500495,2
shared_support_1102,20,58,15.181575128755265,145.09593685571784,0.1046312905636475,1
shared_support_1102,20,59,14.276754284962273,102.54348034900504,0.13922634804642456,0
shared_support_1102,20,60,6.306270618970898,89.20773348464401,0.07069197223866744,0
shared_support_1102,20,61,10.73270299901492,65.12886480086233,0.1647918020962161,0
shared_support_1102,20,62,20.68051949439241,200.284182944449,0.10325587967237722,1
shared_support_1102,20,63,39.219862359759965,223.01609270280957,0.1758611312952389,1
shared_support_1102,21,0,11.822587069891702,30.223038942225536,0.3911779716292528,0
shared_support_1102,21,1,14.145250782801057,204.1138962033854,0.06930077297974015,4
shared_support_1102,21,2,68.57321618692816,303.4086575674579,0.22600942483548625,1
shared_support_1102,21,3,31.44613361506276,99.55989960197503,0.3158513994166276,0
shared_support_1102,21,4,10.941881402019094,27.63677394971041,0.39591746207171724,2
shared_support_1102,21,5,16.259631184795946,149.85636472011893,0.10850143879549891,0
shared_support_1102,21,6,17.78000078151975,90.99706432143884,0.1953909273239136,0
shared_support_1102,21,7,13.531605258026957,48.64155860677535,0.2781902070083363,0
shared_support_1102,21,8,10.834560662725165,59.85479035419423,0.1810140942539606,2
shared_support_1102,21,9,15.301862077029597,41.241605408885015,0.3710297386661139,0
shared_support_1102,21,10,19.618209862627,41.44603993084058,0.47334340977722256,0
shared_support_1102,21,11,16.16614398391676,51.79008975931154,0.31214744093024455,0
shared_support_1102,21,12,12.453521478786248,42.10001988892693,0.2958079713891477,0
shared_support_1102,21,13,26.194825566438993,109.90866573464912,0.2383326682327377,1
shared_support_1102,21,14,6.801601014200652,16.98562348639875,0.40043281423534666,1
shared_support_1102,21,15,11.8181218268512,40.226276904208895,0.29379109220059746,1
shared_support_1102,21,16,12.116995144431462,77.50505853035222,0.1563381200426583,1
shared_support_1102,21,17,27.462925028244992,241.30485912274438,0.11381007878616918,1
shared_support_1102,21,18,49.381511055744085,231.71895458009627,0.21310950217788424,1
shared_support_1102,21,19,9.525352426835521,80.85174101395958,0.11781258272707952,0
shared_support_1102,21,20,18.584567139238025,186.80389414505353,0.09948704348104798,2
shared_support_1102,21,21,6.049370060427615,17.455711231688863,0.34655534685093037,2
shared_support_1102,21,22,6.40298318725679,26.205468142544124,0.24433767610744025,0
shared_support_1102,21,23,5.888506751732617,54.287215797862714,0.10846949259026924,1
shared_support_1102,21,24,10.339763790002687,52.7996448243467,0.19583017697185093,0
shared_support_1102,21,25,8.288143145115123,61.64432864332064,0.134451024571474,1
shared_support_1102,21,26,14.628938518282137,92.7205974669307,0.15777442033308323,2
shared_support_1102,21,27,34.615406935527176,153.34275351123208,0.22573878545223633,0
shared_support_1102,21,28,5.361957164379157,16.1263525380445,0.3324965860525181,4
shared_support_1102,21,29,7.401335412381773,25.48461682356367,0.2904236490437763,1
shared_support_1102,21,30,7.672697896052891,24.279851144383876,0.3160109116990055,1
shared_support_1102,21,31,8.601349803074944,67.57280753220867,0.12729010554985598,0
shared_support_1102,21,32,18.282371267655233,76.53680172811252,0.2388703323742359,2
shared_support_1102,21,33,18.42700360248421,46.03563946771567,0.40027691187839115,0
shared_support_1102,21,34,22.174811383313283,48.11137456962255,0.46090579580560204,0
shared_support_1102,21,35,24.556385240672004,65.62531771614763,0.3741907253978857,0
shared_support_1102,21,36,14.494168776701377,65.23165974877952,0.22219530872771578,0
shared_support_1102,21,37,11.727641656699516,97.25368176376769,0.12058815094719327,2
shared_support_1102,21,38,11.50123862187633,57.332456358219,0.20060606770474695,0
shared_support_1102,21,39,19.56878831191187,129.48438061157566,0.15112856252997714,2
shared_support_1102,21,40,9.309034971647119,57.48684784283134,0.16193329989318528,0
shared_support_1102,21,41,7.244266470229668,80.60852410129587,0.08986973215296977,0
shared_support_1102,21,42,14.49148070004405,21.23380949262719,0.6824720126209942,2
shared_support_1102,21,43,10.254248291087482,45.76025184340965,0.2240863604985664,3
shared_support_1102,21,44,12.671751769649026,122.60866906173767,0.10335118932959271,2
shared_support_1102,21,45,7.8810634641427,98.44981190880515,0.08005158477542845,5
shared_support_1102,21,46,36.628565395833704,156.3702841168082,0.23424249436339362,0
shared_support_1102,21,47,9.584643293547167,20.018835315828063,0.47878126486054795,2
shared_support_1102,21,48,7.754332438008607,57.25996378013199,0.13542328576706503,2
shared_support_1102,21,49,4.774663778259487,48.843431834504756,0.09775446971943715,0
shared_support_1102,21,50,22.1221175478701,52.15636864248459,0.4241498808996888,2
shared_support_1102,21,51,8.166141019969302,35.74713595983067,0.22844182619680797,0
shared_support_1102,21,52,8.071536234784912,66.13439834592954,0.12204747357895486,1
shared_support_1102,21,53,16.847694969540612,64.27885920629684,0.2621032043438971,0
shared_support_1102,21,54,6.436851867263164,55.359207306490575,0.11627427812732567,1
shared_support_1102,21,55,18.59688172824171,60.00952003700017,0.30989885799412153,0
shared_support_1102,21,56,11.5646875643697,89.08200295283915,0.12982069532599255,2
shared_support_1102,21,57,4.876823145359735,78.33202726063027,0.06225835479954225,2
shared_support_1102,21,58,7.903796010500232,59.17272719290551,0.13357160275431507,0
shared_support_1102,21,59,6.841102541819879,60.413096963407476,0.11323873275299179,0
shared_support_1102,21,60,13.076628448903342,98.71996395850022,0.13246184383130935,0
shared_support_1102,21,61,9.290723466408336,22.99974215181028,0.40394902712755304,0
shared_support_1102,21,62,8.89231455173508,54.9110853542852,0.16194024383896344,3
shared_support_1102,21,63,16.162315065415125,88.95627966364717,0.18168829819015025,0
shared_support_1102,22,0,11.372356141748849,30.610891404915442,0.3715133934297221,0
shared_support_1102,22,1,15.37658580412501,68.26281750305253,0.22525565698247674,3
shared_support_1102,22,2,12.68618271923127,68.0697944047211,0.18637022236035136,0
shared_support_1102,22,3,29.18443921841206,123.03657115068864,0.2372013373378921,1
shared_support_1102,22,4,12.785208636882704,46.67592981401604,0.27391438559073994,1
shared_support_1102,22,5,8.676025680648065,48.94488309319118,0.1772611380872826,3
shared_support_1102,22,6,13.686665190669459,50.03898919334917,0.2735200173165887,0
shared_support_1102,22,7,8.608139265310927,44.36984158059141,0.194008789724333,0
shared_support_1102,22,8,28.781851266333856,205.08564775502686,0.14034064100240473,0
shared_support_1102,22,9,34.10099476283983,163.96911753541323,0.20797205763746865,0
shared_support_1102,22,10,18.021390412254302,59.643864383791914,0.30214994615861235,0
shared_support_1102,22,11,11.666197023177626,56.63387602739894,0.20599326483558406,2
shared_support_1102,22,12,17.24954730035006,90.25380655757442,0.19112265685266452,0
shared_support_1102,22,13,12.250468822207779,33.547967042067626,0.3651627774298886,0
shared_support_1102,22,14,8.016077541657465,67.4727276973429,0.11880470547470012,3
shared_support_1102,22,15,12.447472083409538,43.75340725364162,0.284491491399759,0
shared_support_1102,22,16,14.797634664056414,78.57501177241754,0.18832494364640845,0
shared_support_1102,22,17,15.2768169912482,75.60428241162025,0.20206285284311065,0
shared_support_1102,22,18,17.800818131320746,63.710817425502896,0.2794002470951696,3
shared_support_1102,22,19,45.68731923129632,204.8018661524946,0.22308058070758857,2
shared_support_1102,22,20,9.555301020622968,39.29364518056713,0.24317675228941574,2
shared_support_1102,22,21,4.49416168073667,23.327266482464413,0.19265702152093234,0
shared_support_1102,22,22,11.8621757695029,50.28008260752482,0.2359219626207939,0
shared_support_1102,22,23,15.211527377038117,86.96510048628869,0.17491530846257614,0
shared_support_1102,22,24,13.486900527428247,53.98045300399776,0.24984785745368635,1
shared_support_1102,22,25,8.620032199673455,92.30139532852544,0.0933900529779907,3
shared_support_1102,22,26,9.096428737995511,103.16353479843897,0.08817484546034723,0
shared_support_1102,22,27,11.7439349495638,78.14429018299275,0.15028525976834248,0
shared_support_1102,22,28,11.57229689426115,55.61247346128045,0.2080881531428058,0
shared_support_1102,22,29,2.948061740256761,31.41289662997532,0.09384877093580773,3
shared_support_1102,22,30,18.648424373854294,103.83313316939541,0.1795999389080448,3
shared_support_1102,22,31,27.090893777310562,190.4497976239561,0.1422469024136305,3
shared_support_1102,22,32,6.512534388967514,62.706701056945896,0.1038570723574388,0
shared_support_1102,22,33,11.587742854770498,102.58001842189508,0.11296296328503257,0
shared_support_1102,22,34,9.971970095880847,91.44852446304999,0.10904462542651573,0
shared_support_1102,22,35,8.892918435967458,94.22876578985684,0.09437583482521562,0
shared_support_1102,22,36,14.195883884998292,70.05982683677657,0.20262516374856973,2
shared_support_1102,22,37,13.826367315291666,92.48901581828189,0.1494919931082094,0
shared_support_1102,22,38,16.260660257463954,84.1750365171043,0.19317675323086791,0
shared_support_1102,22,39,13.984837804949354,78.07385898598056,0.17912317882814732,0
shared_support_1102,22,40,20.116393443667725,71.92256829009608,0.279695148851321,2
shared_support_1102,22,41,17.34289560310805,72.58432714211011,0.23893444061488717,0
shared_support_1102,22,42,19.30202164220308,82.23006420174293,0.2347319296121133,2
shared_support_1102,22,43,7.863728823756073,108.94843012281544,0.07217845006937176,0
shared_support_1102,22,44,20.843962468795652,73.30075269182561,0.28436218869987323,2
shared_support_1102,22,45,19.078172672196796,90.66314056468327,0.2104292058864379,2
shared_support_1102,22,46,12.648429203354585,72.39838941972427,0.17470594725562552,0
shared_support_1102,22,47,16.813973542771187,123.51636625247846,0.1361274951078299,0
shared_support_1102,22,48,9.119737854833533,23.750106563887336,0.3839872393962364,0
shared_support_1102,22,49,14.1023514570318,78.85975172735216,0.17882825076331632,0
shared_support_1102,22,50,15.67586039896767,115.04270012077403,0.13626123502413323,2
shared_support_1102,22,51,14.137119426199625,63.34287444807406,0.22318405265597263,2
shared_support_1102,22,52,14.380338035066071,62.356386329678784,0.23061532076341135,2
shared_support_1102,22,53,18.28452657640385,75.73661456413366,0.24142254947137276,2
shared_support_1102,22,54,15.956386190186088,64.10911759895262,0.24889417898409466,2
shared_support_1102,22,55,13.882987378553374,87.98306167235043,0.1577915920936432,2
shared_support_1102,22,56,20.324743130025446,50.18867837822324,0.4049666934215249,2
shared_support_1102,22,57,13.76975774612404,90.39815705601984,0.1523234343991206,2
shared_support_1102,22,58,24.464035504148246,86.50305089051638,0.28281124483240994,2
shared_support_1102,22,59,25.997034012925106,218.37021029559253,0.11905027694819148,3
shared_support_1102,22,60,42.8563781997966,222.37764052495862,0.1927189176871701,1
shared_support_1102,22,61,13.352049389165485,36.20606800984161,0.3687793268668695,0
shared_support_1102,22,62,4.976376596898339,21.982331078453445,0.2263807500277377,2
shared_support_1102,22,63,6.412151053941784,14.259711864029715,0.44966904766964527,0
shared_support_1102,23,0,15.21253814248228,37.132101140347274,0.40968697367767665,0
shared_support_1102,23,1,9.074949885536734,56.70769795854388,0.16003029945195393,0
shared_support_1102,23,2,15.439287459315652,72.61736841127015,0.21261149773253818,0
shared_support_1102,23,3,16.10564054163169,74.44951197209816,0.216329699349375,0
shared_support_1102,23,4,11.638767710658703,89.27347863805025,0.1303720644498109,2
shared_support_1102,23,5,5.925270871957324,40.4388156577404,0.1465243424067284,0
shared_support_1102,23,6,17.360186459738657,78.26154281681046,0.22182269649825653,0
shared_support_1102,23,7,8.74728705262113,122.92006720836251,0.07116240050368305,3
shared_support_1102,23,8,47.81153226612947,242.3617876819383,0.19727339331592397,1
shared_support_1102,23,9,9.741810883251796,41.8456601610697,0.23280337425085962,2
shared_support_1102,23,10,6.982684799700689,34.63084580113911,0.20163194511036192,3
shared_support_1102,23,11,12.662569641980655,65.0223740516098,0.19474173046850107,0
shared_support_1102,23,12,9.581069970074147,58.724245755586146,0.1631535636907307,3
shared_support_1102,23,13,15.708837580364243,59.15486464079116,0.26555445060611244,2
shared_support_1102,23,14,16.14068450916341,57.94840670685024,0.2785354322305358,2
shared_support_1102,23,15,13.347642834377405,47.02046657786828,0.28386878748370203,0
shared_support_1102,23,16,11.353019402119745,56.63419040000469,0.20046228827381285,2
shared_support_1102,23,17,12.187089970586317,90.82297610034746,0.1341850982412334,3
shared_support_1102,23,18,10.98633049136464,53.145406560820234,0.20672210831225374,2
shared_support_1102,23,19,17.203570008994827,55.23400153525684,0.31146702268191606,0
shared_support_1102,23,20,9.951505614603938,45.25169871697022,0.21991452026688096,2
shared_support_1102,23,21,20.04444044456477,58.91908195157909,0.3402028643460145,0
shared_support_1102,23,22,22.87652675565879,66.32710367807209,0.34490465416209376,0
shared_support_1102,23,23,8.293449371133146,59.649274082959174,0.13903688684624663,0
shared_support_1102,23,24,9.540835980025031,56.87649107498812,0.16774656452427827,2
shared_support_1102,23,25,39.195040990323086,248.86193815900745,0.15749712985550995,1
shared_support_1102,23,26,12.689767683799458,35.150744274608726,0.36100992868495135,2
shared_support_1102,23,27,11.198057312386865,42.44253676638949,0.2638404338087227,2
shared_support_1102,23,28,21.170972173520045,75.5774486929223,0.2801228744772734,2
shared_support_1102,23,29,13.306517913772423,58.89219855723025,0.2259470395020389,2
shared_support_1102,23,30,18.696303054055655,53.12776826275186,0.35191207282771797,2
shared_support_1102,23,31,10.970242163595108,69.40681369962961,0.15805713558715995,2
shared_support_1102,23,32,8.035517628823548,71.01216327446278,0.11315691929798259,5
shared_support_1102,23,33,17.460286535824267,89.4803640311418,0.19512981115887695,0
shared_support_1102,23,34,29.237635206068422,64.94234530622745,0.4502091057568376,0
shared_support_1102,23,35,7.014075945329046,50.146762545525554,0.13987096253644177,1
shared_support_1102,23,36,7.7197887342830755,57.638387592185545,0.13393484892227803,2
shared_support_1102,23,37,13.363467736319306,71.6718992394065,0.18645337821565403,2
shared_support_1102,23,38,14.452733403914845,45.35136279845418,0.3186835524247459,2
shared_support_1102,23,39,21.79195184246393,51.2850661225286,0.4249180802536028,2
shared_support_1102,23,40,14.211100479471732,66.01750561438222,0.2152626087159491,0
shared_support_1102,23,41,10.98238323597744,39.52979670214798,0.2778254418743488,0
shared_support_1102,23,42,10.3170980981631,75.25707479794987,0.13709140470663306,2
shared_support_1102,23,43,15.843394593414303,62.4225035644474,0.25380902220714313,2
shared_support_1102,23,44,12.188320909603416,49.00915757172463,0.2486947646828223,2
shared_support_1102,23,45,7.664608318574461,57.31559768147342,0.1337263961054698,0
shared_support_1102,23,46,8.357468643043648,44.55178371088573,0.18758998960128265,0
shared_support_1102,23,47,9.54072969328892,70.98422058262214,0.13440634573403507,2
shared_support_1102,23,48,18.61557240941282,70.28668167118995,0.2648520596903242,2
shared_support_1102,23,49,14.117077523323578,59.34303899470987,0.23788935926557525,2
shared_support_1102,23,50,35.69030877259067,258.4714439356576,0.13808221221325792,1
shared_support_1102,23,51,4.912058982573241,13.840229358055124,0.35491167490764036,1
shared_support_1102,23,52,14.373034069890133,82.47115466312927,0.1742795299592907,0
shared_support_1102,23,53,5.38087934218173,68.17538995083787,0.07892700498027147,3
shared_support_1102,23,54,10.922350201490342,56.51588508420193,0.19326159689824096,0
shared_support_1102,23,55,12.780053094904854,51.59138283373452,0.24771681612201807,0
shared_support_1102,23,56,10.186544183242704,88.1350087217351,0.1155788639609062,2
shared_support_1102,23,57,12.056254676613957,66.47144317616356,0.18137494991138225,2
shared_support_1102,23,58,29.558631663970825,44.14077784962763,0.669644557797936,0
shared_support_1102,23,59,10.586874865529026,48.45851417688036,0.21847295661780822,2
shared_support_1102,23,60,41.39368605113604,237.18947769077812,0.17451737932953598,1
shared_support_1102,23,61,51.086438242094495,281.8025225733038,0.18128453136471,1
shared_support_1102,23,62,11.482870163816106,64.76725641283645,0.1772943737283316,1
shared_support_1102,23,63,8.018370957385361,39.89198510475663,0.20100205433068982,3
shared_support_1102,24,0,18.944483190602885,59.98878377925813,0.31580042129730884,0
shared_support_1102,24,1,13.003761557253668,29.36301242641409,0.4428619709861878,2
shared_support_1102,24,2,14.319365037668211,51.05498359918263,0.2804694865849973,2
shared_support_1102,24,3,15.95925901978285,60.46306005671216,0.2639505675831432,2
shared_support_1102,24,4,17.690160576169458,47.976909540170915,0.3687223863670823,2
shared_support_1102,24,5,17.98557202669317,50.7247567238897,0.35457187354478836,2
shared_support_1102,24,6,15.15964502710907,56.02535782596462,0.2705854208767485,2
shared_support_1102,24,7,9.81433890820815,31.132590608327625,0.3152432456290008,2
shared_support_1102,24,8,11.808033787875614,39.44586000444966,0.2993478602455015,2
shared_support_1102,24,9,11.004824054149214,63.09506109338819,0.174416568641732,2
shared_support_1102,24,10,7.392187229709865,41.38628458687616,0.178614420296476,2
shared_support_1102,24,11,9.751264321339027,31.150713865057515,0.31303501947277196,2
shared_support_1102,24,12,12.11245558746933,42.770137081090354,0.28319889563376033,3
shared_support_1102,24,13,28.55583529450468,192.96756894301586,0.14798256230785256,1
shared_support_1102,24,14,22.482756993013904,65.95678606822989,0.34087102075829334,2
shared_support_1102,24,15,14.614815611798333,48.64746200159756,0.3004229822167987,2
shared_support_1102,24,16,12.317605547871736,45.63597301808557,0.26991000154615435,2
shared_support_1102,24,17,19.605643671426062,44.52972262380448,0.4402821871822164,3
shared_support_1102,24,18,17.31678862107431,56.76029994707856,0.3050862775076931,3
shared_support_1102,24,19,19.022729983223176,65.04410901912306,0.2924589216470083,3
shared_support_1102,24,20,15.328287899081499,46.40749195734914,0.3302977009222774,3
shared_support_1102,24,21,26.16483994224087,72.35544236978265,0.36161536831634283,2
shared_support_1102,24,22,25.552931782717984,52.19929142961391,0.48952641085509435,2
shared_support_1102,24,23,23.742333500793677,60.68579926193867,0.391233761267845,2
shared_support_1102,24,24,32.363074157410374,79.55160900076196,0.40681859944656046,2
shared_support_1102,24,25,23.26926127162633,63.016839385309616,0.369254654765355,2
shared_support_1102,24,26,26.348242221994564,67.87104953079776,0.38821032537648553,3
shared_support_1102,24,27,23.55769250501861,55.78582954223457,0.4222881096925063,2
shared_support_1102,24,28,11.567579870315443,53.08343530381963,0.21791317393286896,0
shared_support_1102,24,29,20.26620274627794,52.56805003758895,0.38552319767970333,2
shared_support_1102,24,30,16.8852377233481,40.14500037368992,0.42060624152875303,2
shared_support_1102,24,31,11.568071756272786,29.01212264125007,0.3987323471404691,2
shared_support_1102,24,32,11.642448359773015,47.28101479990201,0.24623939247169338,2
shared_support_1102,24,33,22.818699551234324,49.0965512042075,0.4647719440887896,2
shared_support_1102,24,34,11.943166732869821,51.93739056330766,0.2299531532742683,3
shared_support_1102,24,35,6.0186591972441255,55.16410392882421,0.10910463088478213,1
shared_support_1102,24,36,6.251298653062259,34.279328154828605,0.1823635114675285,3
shared_support_1102,24,37,12.909942141520798,55.79625622305269,0.23137649396962492,2
shared_support_1102,24,38,18.525659070568995,55.62865259379094,0.33302368845505276,1
shared_support_1102,24,39,12.891366326205384,54.81793738723504,0.23516693514278925,2
shared_support_1102,24,40,34.94633120369794,205.56813302737865,0.1699987769945043,1
shared_support_1102,24,41,20.338750818021722,72.22225800047964,0.2816133333561331,2
shared_support_1102,24,42,20.751599910041573,66.35707698865433,0.3127262509406444,2
shared_support_1102,24,43,13.09487970865941,77.04469836514231,0.1699647086240523,2
shared_support_1102,24,44,21.473611479989568,65.54715974505046,0.3276055219404234,2
shared_support_1102,24,45,26.22035748278419,62.045043577732,0.4226019673905861,2
shared_support_1102,24,46,18.47712317155445,51.365073578059814,0.35972153614215413,2
shared_support_1102,24,47,24.69120790219501,132.45932744400872,0.18640595855835157,2
shared_support_1102,24,48,15.18484181855299,43.77540212244179,0.34688069286217627,2
shared_support_1102,24,49,18.11813950949317,61.21291252797389,0.2959855814933377,2
shared_support_1102,24,50,23.955006928662776,69.20488052880619,0.3461462074006706,2
shared_support_1102,24,51,24.290369540361777,80.01538040767741,0.30357125613354125,3
shared_support_1102,24,52,29.4088773433917,60.88659792795919,0.4830106845218743,2
shared_support_1102,24,53,19.651974601656562,62.07802717525625,0.3165689293922933,2
shared_support_1102,24,54,73.9451687927668,108.42543415615658,0.6819909864162444,2
shared_support_1102,24,55,15.892676887848445,53.529931385690226,0.29689327963713624,2
shared_support_1102,24,56,13.92028711649663,60.8750328423186,0.22866989086566272,2
shared_support_1102,24,57,14.382670518660952,74.00867232070426,0.19433763730196432,2
shared_support_1102,24,58,7.215557484740715,74.50067161268038,0.0968522474838011,0
shared_support_1102,24,59,11.029852826020111,54.52386662556336,0.20229403211196317,2
shared_support_1102,24,60,15.941221110519155,42.73348715693596,0.37303815277176083,2
shared_support_1102,24,61,14.170233437173735,55.787692515485745,0.25400285973900627,2
shared_support_1102,24,62,6.836565083590016,58.54768169005398,0.11676918515377194,3
shared_support_1102,24,63,16.321452067758496,56.282475638833596,0.2899917226899144,2
shared_support_1102,25,0,13.017996110177455,30.69247382616014,0.4241429408365844,0
shared_support_1102,25,1,18.95077049797963,168.17221210536755,0.11268669336469278,2
shared_support_1102,25,2,10.103536535774872,57.20173966440441,0.1766298821513311,2
shared_support_1102,25,3,10.870476420414384,53.61776479375763,0.2027402011670573,2
shared_support_1102,25,4,46.73891876850672,144.73624922730397,0.3229247615440458,0
shared_support_1102,25,5,14.373417461180878,34.04113119397179,0.4222367752492963,2
shared_support_1102,25,6,8.03182030206797,52.838657521986235,0.15200651717402017,2
shared_support_1102,25,7,15.505629147930422,103.55733700082767,0.1497298945395486,1
shared_support_1102,25,8,12.369236804301977,76.93594506345357,0.16077318338132252,2
shared_support_1102,25,9,13.074299050890438,40.05225315848229,0.32643104993761274,2
shared_support_1102,25,10,7.4759412039650455,72.8174292850961,0.10266692023272488,0
shared_support_1102,25,11,15.86968131931749,74.50837381493427,0.21299191630104547,2
shared_support_1102,25,12,17.272514561616624,66.76427398089268,0.2587089401520319,2
shared_support_1102,25,13,6.955263834933482,68.17912248182192,0.10201456958892234,5
shared_support_1102,25,14,12.350910363989271,66.66679738243883,0.18526329220732465,0
shared_support_1102,25,15,16.761758338434984,161.96503803314073,0.1034899787138336,2
shared_support_1102,25,16,12.777748169495453,82.30340065162885,0.15525176442685143,1
shared_support_1102,25,17,9.757775159056372,58.93245637504455,0.16557557175214546,0
shared_support_1102,25,18,11.337590980861838,81.65657517463202,0.13884480161720095,2
shared_support_1102,25,19,12.310960916872142,44.142271587537714,0.27889278177400784,3
shared_support_1102,25,20,9.193644306611088,81.58007260268485,0.11269473062847604,2
shared_support_1102,25,21,109.46261432790794,189.65291362467053,0.5771733860337,2
shared_support_1102,25,22,25.503234656637172,71.96064962560177,0.3544052866299274,2
shared_support_1102,25,23,5.237919163554695,20.64835769422159,0.2536724344435644,1
shared_support_1102,25,24,19.753236130450624,69.00475674167086,0.2862590502912673,2
shared_support_1102,25,25,25.272298307901202,66.8949879842243,0.3777906098714169,2
shared_support_1102,25,26,24.346603784421866,71.12531069243359,0.3423057635516507,2
shared_support_1102,25,27,16.57310104007596,53.130360547678436,0.31193277947367765,2
shared_support_1102,25,28,17.596751233688554,60.883005418313594,0.2890256667322053,2
shared_support_1102,25,29,28.344113584283487,89.14883635972889,0.3179414868626075,2
shared_support_1102,25,30,4.3935759567814605,15.594656552553205,0.28173598706552666,0
shared_support_1102,25,31,12.563266665086312,58.31693998621604,0.21543082795592158,2
shared_support_1102,25,32,23.352958944593027,70.62103241833465,0.3306799425737385,2
shared_support_1102,25,33,28.005753483113395,216.7833697197306,0.12918773944385478,1
shared_support_1102,25,34,12.699468788398232,151.17189335795385,0.08400681175784225,0
shared_support_1102,25,35,10.030028959610597,50.46592999557763,0.19874852123976583,0
shared_support_1102,25,36,22.75917142892974,64.10326065713166,0.3550392163459742,2
shared_support_1102,25,37,7.700850246219307,21.64276825600573,0.35581632419329584,2
shared_support_1102,25,38,20.10121868194821,66.4292052532785,0.3025961037063009,2
shared_support_1102,25,39,11.9749404701422,37.62362984765925,0.31828243363624364,2
shared_support_1102,25,40,14.153435654092526,46.8078981946163,0.3023728088632788,2
shared_support_1102,25,41,11.622620607461407,87.81222323463577,0.1323576625136294,3
shared_support_1102,25,42,22.22053399226481,63.53873811122186,0.3497163250766597,0
shared_support_1102,25,43,12.280457915546442,48.133778113719394,0.2551318096521118,2
shared_support_1102,25,44,7.076083975243307,17.803511315417246,0.39745440379031605,2
shared_support_1102,25,45,8.091243285996448,39.78116550708956,0.20339382174598367,2
shared_support_1102,25,46,18.336593381714994,72.28061783682728,0.25368617383860304,1
shared_support_1102,25,47,13.536112476452397,34.35652794261423,0.39398953523655794,0
shared_support_1102,25,48,13.260641454115362,109.97024733909888,0.1205839013276518,2
shared_support_1102,25,49,7.684858064006634,34.240870310257,0.22443524344953936,1
shared_support_1102,25,50,21.230482533497725,134.4016556639541,0.15796295386851875,2
shared_support_1102,25,51,4.162315009477556,66.18384376319774,0.06289019755894047,3
shared_support_1102,25,52,57.74782334829059,165.0717956021398,0.3498345864454995,2
shared_support_1102,25,53,6.024367513963693,13.612378101146545,0.4425653966705694,0
shared_support_1102,25,54,10.464650797729664,35.49871673619701,0.2947895518448182,0
shared_support_1102,25,55,12.414731001371502,46.63986736778619,0.26618281101601643,0
shared_support_1102,25,56,9.729557058074946,34.50989251647853,0.2819353045921272,0
shared_support_1102,25,57,11.090200743529174,82.33127988168555,0.1347021540229471,0
shared_support_1102,25,58,24.768423136444834,51.99447793492263,0.4763664165922679,3
shared_support_1102,25,59,52.91285084808958,95.09654639754419,0.5564119082399823,3
shared_support_1102,25,60,15.788888928561525,62.034589522968574,0.2545175046691591,3
shared_support_1102,25,61,17.295324763749225,67.85965353756937,0.25486904017530765,3
shared_support_1102,25,62,18.141342100827785,59.90150156432251,0.3028528772579687,3
shared_support_1102,25,63,10.573864488489368,62.65163061330845,0.1687723748764373,0
shared_support_1102,26,0,14.099701103618628,39.592774105531376,0.3561180397725353,0
shared_support_1102,26,1,12.523158811715616,72.45588016626895,0.17283840570258693,2
shared_support_1102,26,2,13.933404957078512,68.87502214410279,0.20229982544218342,0
shared_support_1102,26,3,15.880595636796139,58.41836538456971,0.2718425195955714,0
shared_support_1102,26,4,20.453759862446237,144.97524215895604,0.1410845021387859,0
shared_support_1102,26,5,46.850694722697796,239.89804207206123,0.19529419380848742,1
shared_support_1102,26,6,16.206608362443106,75.0056259078547,0.2160719034909877,0
shared_support_1102,26,7,25.318395226991548,72.44963835532117,0.34946199597050165,0
shared_support_1102,26,8,15.47861884570707,71.93579878363242,0.21517268324584068,1
shared_support_1102,26,9,13.29494735558652,123.61394576155024,0.10755216390578057,2
shared_support_1102,26,10,22.2322267333584,130.06183317031898,0.17093582484144126,2
shared_support_1102,26,11,13.513426752262811,56.56608358007399,0.23889627665548796,0
shared_support_1102,26,12,11.304886097262637,168.75723598369905,0.06698904512962409,0
shared_support_1102,26,13,27.481707497936117,108.98073211494236,0.2521703329075737,0
shared_support_1102,26,14,12.27578059702079,57.45010526411014,0.21367725160095807,0
shared_support_1102,26,15,23.064195322681584,72.54579358884874,0.3179260186110482,2
shared_support_1102,26,16,16.649880149964627,146.73098312851397,0.11347215015510304,0
shared_support_1102,26,17,10.561639531784268,49.061974229395794,0.21527139292034836,0
shared_support_1102,26,18,11.701447412887484,66.28105093503713,0.17654287685263495,0
shared_support_1102,26,19,31.894837093106183,141.5818027314822,0.22527497515762335,2
shared_support_1102,26,20,15.972622242977897,96.34749204581567,0.16578140129877497,0
shared_support_1102,26,21,9.06154783716852,70.26146159793984,0.1289689629433245,2
shared_support_1102,26,22,6.6420257823612525,32.09400985213303,0.20695531075621612,0
shared_support_1102,26,23,9.053216926976427,76.32259932462614,0.11861777516866265,3
shared_support_1102,26,24,31.83920561673004,261.17453234296033,0.12190777305545439,1
shared_support_1102,26,25,11.214750643446843,110.69055628585602,0.10131623708245703,0
shared_support_1102,26,26,11.39160201596588,103.84249834776753,0.10970076988917885,0
shared_support_1102,26,27,15.610627826862885,51.60877101516695,0.30248013118303446,2
shared_support_1102,26,28,15.243483106824616,140.04142726998055,0.10884981254466426,0
shared_support_1102,26,29,15.32393950967076,71.16872154284978,0.21531845981586745,2
shared_support_1102,26,30,14.295827495098004,62.64127437289501,0.2282173796464753,0
shared_support_1102,26,31,24.022868097789488,112.89707931596594,0.2127855586994992,2
shared_support_1102,26,32,12.981937076275264,84.66070220447476,0.15334076777347,2
shared_support_1102,26,33,26.80306821066847,153.57196626998848,0.17453099586904497,2
shared_support_1102,26,34,14.537249314070497,102.86392496935,0.14132504975288576,3
shared_support_1102,26,35,7.143762421787627,37.012511403816454,0.19300939468406392,2
shared_support_1102,26,36,7.315146427641917,48.484493793300594,0.15087599880547162,0
shared_support_1102,26,37,30.442738378345616,251.30884985346532,0.12113675422133503,0
shared_support_1102,26,38,22.513757083172013,207.26747137228068,0.10862175783837412,0
shared_support_1102,26,39,7.235347436202324,66.83548218205105,0.10825608194901909,3
shared_support_1102,26,40,8.436826628614929,86.95458884486833,0.09702566294306425,1
shared_support_1102,26,41,6.379396607067081,57.84133593211583,0.11029130818406606,2
shared_support_1102,26,42,7.99452871907694,84.68704311069368,0.09440084841110065,0
shared_support_1102,26,43,20.433741656196386,109.54653074254318,0.18653024899729476,2
shared_support_1102,26,44,14.424399218676362,44.973937413947134,0.3207279604165395,0
shared_support_1102,26,45,16.506716368131112,124.98632858121026,0.13206817541972857,0
shared_support_1102,26,46,17.595478746616315,71.872522485811,0.24481509954085717,2
shared_support_1102,26,47,16.604034585664902,83.23890817464968,0.1994744398956646,2
shared_support_1102,26,48,20.899439476201803,57.95551707442204,0.36061173346731323,2
shared_support_1102,26,49,17.975434528146966,145.34482385416825,0.12367440443687641,2
shared_support_1102,26,50,16.846712415043296,44.47749389911234,0.3787693716119989,3
shared_support_1102,26,51,13.823300311821157,50.094055244436085,0.27594692113405017,1
shared_support_1102,26,52,8.048743486114518,57.08586655578546,0.1409936289265071,2
shared_support_1102,26,53,19.385935645985406,135.96785349660485,0.14257734565523222,2
shared_support_1102,26,54,22.645822277175203,73.04152194850833,0.31004039446412,2
shared_support_1102,26,55,17.211969199932728,81.47806725530842,0.21124665544654708,0
shared_support_1102,26,56,16.345518418329046,147.93134146086132,0.11049395115945483,2
shared_support_1102,26,57,13.779531190171703,101.54800636179348,0.1356947485613674,0
shared_support_1102,26,58,13.71303121386825,55.80853393888136,0.24571566830417113,2
shared_support_1102,26,59,18.40598738318957,108.46588907113917,0.1696937861369273,2
shared_support_1102,26,60,5.684005838664892,56.31520050771129,0.10093200037326648,0
shared_support_1102,26,61,7.198573538841109,34.08754790928093,0.21117897825913057,0
shared_support_1102,26,62,6.780560939970958,74.47776549091373,0.09104141209497196,1
shared_support_1102,26,63,4.7918523805131095,60.34686842358578,0.07940515399868334,4
shared_support_1102,27,0,13.442256785660616,50.421679643189904,0.2665967671205131,0
shared_support_1102,27,1,7.936624604385505,68.20412043720859,0.11636576431906744,0
shared_support_1102,27,2,14.415271721560462,74.1654358880916,0.19436643968912554,0
shared_support_1102,27,3,19.85348983022794,102.82637911827914,0.19307778801965655,2
shared_support_1102,27,4,7.594221248928375,39.746589523955514,0.1910659842739788,0
shared_support_1102,27,5,9.143256768504203,50.99145620117502,0.17930958340219966,2
shared_support_1102,27,6,20.913014841522852,101.80885658825008,0.2054144947929457,2
shared_support_1102,27,7,17.710484555005337,53.13772582507657,0.33329398802851035,2
shared_support_1102,27,8,33.75241836145419,182.46914332572857,0.18497603346118752,2
shared_support_1102,27,9,21.53778621431785,165.41051895253375,0.1302080807841389,1
shared_support_1102,27,10,5.3864473341027255,34.35901319300424,0.1567695586554112,0
shared_support_1102,27,11,6.224754177276571,78.29742805359574,0.07950138761921574,3
shared_support_1102,27,12,14.766881133316394,78.88053443431149,0.18720564254814545,2
shared_support_1102,27,13,11.58827733962096,63.45974357090682,0.18260832281291503,3
shared_support_1102,27,14,7.654256628781834,45.16196413502041,0.16948458233344227,3
shared_support_1102,27,15,18.605900314300964,66.11649796660957,0.2814108563901463,3
shared_support_1102,27,16,16.84495461082223,74.77422990009786,0.22527754058220242,3
shared_support_1102,27,17,8.37615423648583,31.56240539362219,0.26538389999193146,0
shared_support_1102,27,18,17.31433939514549,62.93577221320756,0.2751112568618319,2
shared_support_1102,27,19,8.731387274752253,77.57601214502326,0.11255266974060871,0
shared_support_1102,27,20,8.276366747671815,51.94326044570454,0.15933475636022057,0
shared_support_1102,27,21,22.634382979180906,137.64889475752202,0.16443563182292836,2
shared_support_1102,27,22,7.351910923757877,63.1368418532069,0.11644407144803129,0
shared_support_1102,27,23,8.602534935580717,37.17146305081421,0.23142847306873185,0
shared_support_1102,27,24,7.0073923752033105,42.67074119612482,0.16422007630464344,5
shared_support_1102,27,25,18.80996331603372,98.97615196443617,0.1900454093506531,0
shared_support_1102,27,26,20.085367852261985,146.7716502179369,0.13684773471196798,0
shared_support_1102,27,27,4.869846901280063,22.010838641162817,0.22124767623223976,0
shared_support_1102,27,28,8.403162802021082,46.77484582225409,0.17965132015514,0
shared_support_1102,27,29,20.903334954550527,110.47156727321781,0.18921914000597537,2
shared_support_1102,27,30,16.694555375311694,51.09691305376888,0.3267233650248919,0
shared_support_1102,27,31,13.065980327666763,61.152784471337206,0.21366124928932534,0
shared_support_1102,27,32,12.949501030463306,74.50532494299581,0.1738063828373475,0
shared_support_1102,27,33,10.02224908507356,50.06519207194164,0.20018397354137774,0
shared_support_1102,27,34,9.22472844848745,88.70018113196174,0.10399898095770023,2
shared_support_1102,27,35,4.367184454744111,69.91473889995744,0.06246443201330141,3
shared_support_1102,27,36,6.250717016983555,49.037837517024435,0.12746722395361534,5
shared_support_1102,27,37,8.209040086224388,55.656772835794065,0.1474940006033727,2
shared_support_1102,27,38,12.92046004310531,76.90917476827164,0.16799634220539783,2
shared_support_1102,27,39,5.504866332374203,28.356988453036987,0.19412732566756893,3
shared_support_1102,27,40,16.99009449704887,68.30953383349889,0.248722155511431,2
shared_support_1102,27,41,17.91877176042776,69.01974964759785,0.2596180347207533,2
shared_support_1102,27,42,8.603191603699964,27.69457351804582,0.3106453904442367,0
shared_support_1102,27,43,13.207305853226721,68.47498575085896,0.19287781820474562,3
shared_support_1102,27,44,33.53638281147443,290.55070691459326,0.11542351132992555,1
shared_support_1102,27,45,7.795607987718183,20.380284717939574,0.38250731506494434,0
shared_support_1102,27,46,5.433536420238188,67.45407832450994,0.08055163683503883,1
shared_support_1102,27,47,18.923080924905204,56.19055063725958,0.336766248244548,0
shared_support_1102,27,48,13.335878777754393,64.68709586850116,0.20615980047804539,3
shared_support_1102,27,49,14.547750730202655,45.92419241310949,0.3167774971269797,0
shared_support_1102,27,50,14.638816001902148,83.3821505114022,0.17556294617155915,3
shared_support_1102,27,51,14.248125155300194,46.18999937577143,0.3084677494664338,2
shared_support_1102,27,52,15.757699898401198,26.955697876983802,0.5845777011715194,2
shared_support_1102,27,53,17.592106708752755,58.06365727518185,0.3029796525798961,2
shared_support_1102,27,54,13.93972540130007,59.18249406495327,0.23553798503322804,0
shared_support_1102,27,55,17.68023573381526,118.70889948642125,0.14893774443454974,2
shared_support_1102,27,56,12.073804321846415,49.080599541008034,0.24599952801632868,2
shared_support_1102,27,57,11.571215291131432,67.89714143094898,0.17042271658666655,2
shared_support_1102,27,58,6.5644376973281195,34.64848596104587,0.18945813980756032,2
shared_support_1102,27,59,5.688965571216508,79.77949366330468,0.07130861967143821,1
shared_support_1102,27,60,10.582728071653472,96.69058438738391,0.10944941680416916,1
shared_support_1102,27,61,16.204450687556886,95.82939640653728,0.16909686688219036,0
shared_support_1102,27,62,3.8752428277703515,22.409948663128837,0.17292510955843024,2
shared_support_1102,27,63,17.616047718528026,40.243983934204344,0.43773120840443724,2
shared_support_1102,28,0,16.03468070612529,31.597797149750374,0.5074619800276794,0
shared_support_1102,28,1,9.768950908072755,31.303379724266193,0.31207336058029295,0
shared_support_1102,28,2,14.589132970963664,64.43091786589142,0.22643062452299617,2
shared_support_1102,28,3,7.6431496546974715,31.531347246057557,0.2423984485995318,2
shared_support_1102,28,4,11.103500514566203,64.91592855250823,0.1710443147337093,0
shared_support_1102,28,5,7.6904802639277525,160.87694404599836,0.04780349545755214,2
shared_support_1102,28,6,9.401871401765668,126.54688333835323,0.07429555871895735,1
shared_support_1102,28,7,12.815840843444176,67.80981390724581,0.18899684433545896,0
shared_support_1102,28,8,27.77175068348535,229.9441594734633,0.12077606470665914,0
shared_support_1102,28,9,10.959365137745566,31.95173470970548,0.3429975003647176,0
shared_support_1102,28,10,10.880550714523801,100.81768992036963,0.10792303139575755,0
shared_support_1102,28,11,47.02231057750214,240.45388867821345,0.19555645714854533,1
shared_support_1102,28,12,28.877021808351767,242.5553726585644,0.11905331756555566,0
shared_support_1102,28,13,18.229676293060866,83.28655257102973,0.2188789874273395,2
shared_support_1102,28,14,15.624555377959982,64.7162826360462,0.24143159559750874,1
shared_support_1102,28,15,14.415429401775159,96.08576141753005,0.15002669687066852,0
shared_support_1102,28,16,44.29095007439485,201.08692130408014,0.22025773624242248,1
shared_support_1102,28,17,6.883591734019727,54.588965939589336,0.12609859182233688,5
shared_support_1102,28,18,17.416058522634,58.59674063189844,0.2972188953655415,2
shared_support_1102,28,19,20.45433239885535,109.90149259012895,0.1861151465443564,2
shared_support_1102,28,20,13.986304320999471,80.97999583660535,0.17271307779787817,2
shared_support_1102,28,21,10.745673314935608,44.62576064060784,0.24079529761913868,0
shared_support_1102,28,22,9.970853422231473,65.97998042315491,0.15111937527541788,2
shared_support_1102,28,23,10.167347420812517,41.43802938333407,0.24536271565321383,0
shared_support_1102,28,24,7.827782247214746,32.229707540594205,0.24287475265965222,0
shared_support_1102,28,25,12.293804974987763,54.1274014450095,0.2271271970718491,2
shared_support_1102,28,26,9.477284239826028,20.7298704549168,0.4571800996266316,0
shared_support_1102,28,27,11.99741590330075,32.67352321604996,0.3671907625011604,2
shared_support_1102,28,28,3.7677262334768513,32.278100500075105,0.11672701228091426,2
shared_support_1102,28,29,12.325519496075387,69.61389413031075,0.17705545207689657,0
shared_support_1102,28,30,24.330065476115102,124.80925292085976,0.1949379946336394,2
shared_support_1102,28,31,28.0814603200748,132.84725746707124,0.21138155845660067,2
shared_support_1102,28,32,12.29582205414304,25.991979826211004,0.47306215749458247,0
shared_support_1102,28,33,14.184141456220205,42.22523617359308,0.3359162136573369,2
shared_support_1102,28,34,4.209111940514299,33.898862159136094,0.12416676172654073,0
shared_support_1102,28,35,4.811987494649337,53.24353981973859,0.09037692668332739,0
shared_support_1102,28,36,15.413457964482049,72.24018054546806,0.21336405651396176,3
shared_support_1102,28,37,15.0832202074795,85.35517603495826,0.17671125417516545,0
shared_support_1102,28,38,11.120596839460969,41.981932874707105,0.2648900628908586,2
shared_support_1102,28,39,6.492623300850147,61.67468619110908,0.10527209300638667,2
shared_support_1102,28,40,10.346970865972226,46.78732960794911,0.22114899381251046,2
shared_support_1102,28,41,10.914865571230141,59.147092497034244,0.18453765198648497,2
shared_support_1102,28,42,21.67334931415705,114.15109774150892,0.18986544801553792,0
shared_support_1102,28,43,15.312100390352942,58.13509106817994,0.2633882584340523,2
shared_support_1102,28,44,18.783053723081256,119.81204145394932,0.15677100143812062,2
shared_support_1102,28,45,7.2823208105837525,54.78737685936756,0.13291968384024977,0
shared_support_1102,28,46,12.997743321197959,73.67676867414913,0.1764157624594421,2
shared_support_1102,28,47,8.149257655945348,66.87210645999545,0.1218633311756141,0
shared_support_1102,28,48,21.243785731531375,82.92425411993456,0.2561830185509559,2
shared_support_1102,28,49,15.845301047890343,56.42556371867387,0.28081777130117336,2
shared_support_1102,28,50,15.442478375098489,100.79162312617696,0.15321192273852635,3
shared_support_1102,28,51,8.59167059343931,77.75434072257801,0.11049763284719735,3
shared_support_1102,28,52,12.860819200734312,37.526107532778305,0.3427165791043114,2
shared_support_1102,28,53,7.206980604526394,81.65040670104915,0.08826631606274399,0
shared_support_1102,28,54,14.959301192694484,135.9068984492633,0.11007021250123726,2
shared_support_1102,28,55,16.108775180751493,67.0989602194942,0.24007488533438442,0
shared_support_1102,28,56,10.845966873460968,44.14726342301566,0.24567699178850008,0
shared_support_1102,28,57,14.862255762322606,70.76469722602512,0.2100235900798388,2
shared_support_1102,28,58,11.402169463559298,31.641332818506253,0.3603568006746683,3
shared_support_1102,28,59,26.127254427944457,82.89942507631794,0.31516810163510156,2
shared_support_1102,28,60,10.371033403504565,81.56857070998151,0.12714496911290693,0
shared_support_1102,28,61,12.256489183581357,58.16363122135458,0.21072427780405548,0
shared_support_1102,28,62,10.641011169808392,39.2564574140807,0.2710639693634613,3
shared_support_1102,28,63,22.926164654256684,82.17821936887673,0.27898103451654355,2
shared_support_1102,29,0,24.076055240384665,59.87595253112617,0.40209890987318936,0
shared_support_1102,29,1,20.567083415573997,57.990658249939315,0.35466200999012665,0
shared_support_1102,29,2,24.044107523472984,63.17678653859631,0.38058452860345826,0
shared_support_1102,29,3,19.707273234526834,55.68275606776006,0.35392057840213864,0
shared_support_1102,29,4,31.732668257895007,76.94889076593601,0.41238629877615507,2
shared_support_1102,29,5,12.013739159621867,75.06960654298682,0.16003466266660776,0
shared_support_1102,29,6,6.999154302994868,40.979634748945124,0.17079591718847706,1
shared_support_1102,29,7,14.503028063862311,82.36760287308704,0.17607685009613241,0
shared_support_1102,29,8,19.83154663684037,60.99163464873586,0.3251519122426309,0
shared_support_1102,29,9,13.81216969564844,51.92633615119713,0.26599546048137673,2
shared_support_1102,29,10,13.040766146901149,72.98622236703388,0.1786743541996407,2
shared_support_1102,29,11,9.88898619752405,65.34662842911848,0.151331238278814,0
shared_support_1102,29,12,15.098975896874098,53.83857223708134,0.28044903996311166,0
shared_support_1102,29,13,7.698453619839545,26.54406968729571,0.29002536952817415,2
shared_support_1102,29,14,30.98368100978234,243.55958621917634,0.12721191348182248,1
shared_support_1102,29,15,51.36735795919754,270.6925118021281,0.18976275929179107,3
shared_support_1102,29,16,8.94155900326658,106.25429951629627,0.08415244412669821,2
shared_support_1102,29,17,13.874413949677137,61.72865231721936,0.2247645692696718,2
shared_support_1102,29,18,12.885008144426143,148.2897986259043,0.08689072521388737,0
shared_support_1102,29,19,10.587670089927572,32.6751062361534,0.32402863554312905,0
shared_support_1102,29,20,7.597119491748464,53.59061014532272,0.14176213838855733,3
shared_support_1102,29,21,13.835775815378087,25.248781951636015,0.5479779516445777,2
shared_support_1102,29,22,15.199876235062085,73.39087619876112,0.2071085265952809,3
shared_support_1102,29,23,16.41864371274494,58.74229208834307,0.27950294632788236,3
shared_support_1102,29,24,10.333762678400559,84.52268914129968,0.12226022128951942,3
shared_support_1102,29,25,8.30258353098495,79.65622952598528,0.10423018488813232,2
shared_support_1102,29,26,10.348328659314634,82.85339637553332,0.12489926921535957,2
shared_support_1102,29,27,11.66711339460757,39.38571800076554,0.2962270078301174,2
shared_support_1102,29,28,22.11155339278239,58.054702524328924,0.3808744585938775,2
shared_support_1102,29,29,7.97051841515009,104.91894188294842,0.07596834539222007,5
shared_support_1102,29,30,16.088706810172237,136.084394984509,0.11822594950731621,2
shared_support_1102,29,31,7.902683235258343,44.99013979662532,0.17565367147072342,5
shared_support_1102,29,32,24.507428243864723,75.42725870889484,0.324914741213771,2
shared_support_1102,29,33,17.905168963346064,89.32524172529038,0.20044915208190955,0
shared_support_1102,29,34,12.085139537446484,81.67699237893973,0.1479625924688507,1
shared_support_1102,29,35,13.680009352162966,102.84225739103077,0.13301934145755193,0
shared_support_1102,29,36,12.208285518125422,71.30922270457197,0.1712020557102874,2
shared_support_1102,29,37,12.91562024696888,57.967626764585795,0.2228074697524003,3
shared_support_1102,29,38,9.289716670208714,36.2368198139556,0.2563612568073934,2
shared_support_1102,29,39,3.640994293007459,59.48424083861415,0.06120939330613278,2
shared_support_1102,29,40,15.22648373429212,49.531637763062406,0.3074092523879168,2
shared_support_1102,29,41,8.929638214299267,59.40685179496277,0.15031327101996725,2
shared_support_1102,29,42,9.695443889777469,47.11559163063287,0.20577994575099082,2
shared_support_1102,29,43,14.544585615703529,54.942570760956826,0.2647234269212458,0
shared_support_1102,29,44,9.241069089511017,65.64981942384571,0.1407630541959179,2
shared_support_1102,29,45,8.085628329539661,90.00824399156183,0.0898320861619929,3
shared_support_1102,29,46,18.579138147188534,69.92242852460735,0.265710710271599,2
shared_support_1102,29,47,24.48697962174199,90.98715462582173,0.2691256773820763,2
shared_support_1102,29,48,15.30376556774645,103.91624175687502,0.1472701986620293,0
shared_support_1102,29,49,15.059580965736725,67.44886747547118,0.2232740374953423,2
shared_support_1102,29,50,24.321072746871394,70.40455853889326,0.3454474149345858,2
shared_support_1102,29,51,23.11585200688348,68.8234683040527,0.33587165216319526,2
shared_support_1102,29,52,12.906283353264195,44.315001243698006,0.2912396026413197,2
shared_support_1102,29,53,14.729708358062323,96.94043101806236,0.151945975516839,2
shared_support_1102,29,54,16.895503542036373,71.28518548823018,0.23701282989332995,2
shared_support_1102,29,55,14.917050648894145,69.83728802795166,0.21359722105651852,2
shared_support_1102,29,56,11.835097118921466,74.21534207689758,0.15946968359532226,2
shared_support_1102,29,57,16.807718620799672,49.54315051476158,0.3392541339451504,2
shared_support_1102,29,58,16.833911680293518,65.82601186061525,0.2557334282371361,2
shared_support_1102,29,59,10.411909600661636,67.95944662145698,0.15320768661724596,2
shared_support_1102,29,60,41.279517262122994,282.08162423086844,0.14633890943685846,1
shared_support_1102,29,61,34.32533633992518,105.74707533798352,0.32459844615291966,0
shared_support_1102,29,62,47.76239241266035,191.7414715069618,0.24909787140611456,2
shared_support_1102,29,63,7.802634320083423,43.12960212818874,0.18091134476252818,1
shared_support_1102,30,0,10.025830192723706,28.281689531548697,0.35449898357521126,0
shared_support_1102,30,1,13.33402327481477,49.9069215352495,0.26717783555126484,3
shared_support_1102,30,2,16.61499966795055,54.33445611926552,0.30579122079514703,3
shared_support_1102,30,3,15.29290977544072,78.37097359981883,0.1951348703861971,3
shared_support_1102,30,4,14.122021782519331,64.2015826165781,0.21996376424017858,3
shared_support_1102,30,5,8.093100596709904,54.98212577932202,0.14719511990483283,0
shared_support_1102,30,6,20.386907715685332,95.8306961479778,0.21273880432011796,2
shared_support_1102,30,7,14.91067604942086,57.88159568476109,0.2576065133143263,0
shared_support_1102,30,8,15.731808759696724,152.32552606442135,0.10327756066992635,2
shared_support_1102,30,9,12.580842986316897,51.889578856926754,0.2424541355597739,0
shared_support_1102,30,10,11.578197156967883,50.436273383560625,0.22956091678140758,0
shared_support_1102,30,11,11.819123403037313,61.43152096950723,0.19239509646690942,3
shared_support_1102,30,12,6.178956347850538,67.55709616388113,0.09146272854685054,1
shared_support_1102,30,13,18.51943177783205,53.12283752265412,0.34861525930226295,2
shared_support_1102,30,14,8.971849992057294,31.884328560925265,0.28138745261370923,2
shared_support_1102,30,15,13.248471788135943,50.20831446501598,0.26387007668554935,2
shared_support_1102,30,16,10.130487972602841,41.50159368612138,0.24409877001881486,2
shared_support_1102,30,17,11.40893692329766,55.9146689103573,0.20404192934753004,2
shared_support_1102,30,18,7.024036424121851,67.19400284587492,0.10453368048683025,3
shared_support_1102,30,19,10.363779724831163,42.081596436972376,0.24627819765235126,0
shared_support_1102,30,20,11.436977411824591,63.7662452194437,0.17935786202348342,0
shared_support_1102,30,21,5.110620371214549,73.67215946521759,0.06936976475662283,2
shared_support_1102,30,22,7.026176252780926,53.96909172911826,0.13018889196888322,2
shared_support_1102,30,23,10.086808901509167,37.26087487162169,0.2707077849423068,1
shared_support_1102,30,24,8.33743752192883,54.007147687339675,0.1543765571586238,2
shared_support_1102,30,25,26.188216855867566,299.5699323873782,0.08741937699542959,1
shared_support_1102,30,26,10.762226732635648,48.15357048156575,0.2234980007714208,3
shared_support_1102,30,27,11.069666102260635,27.6581480394637,0.40023164553411217,2
shared_support_1102,30,28,14.150433789256507,47.75805024079731,0.2962942104610565,1
shared_support_1102,30,29,7.050199826171493,27.652160523111927,0.25496018006545534,0
shared_support_1102,30,30,17.602111906664163,63.253683786389985,0.2782780520120716,0
shared_support_1102,30,31,15.181340696137788,68.00175367567086,0.2232492527846271,3
shared_support_1102,30,32,10.152572063374409,73.91067506712051,0.13736272945896588,1
shared_support_1102,30,33,9.50435950898822,65.70049973973991,0.14466190587039582,0
shared_support_1102,30,34,12.92624299043918,75.54374927228783,0.1711093653010017,1
shared_support_1102,30,35,11.449555020680423,97.91005237237394,0.11693952503605239,0
shared_support_1102,30,36,10.214436386698369,58.97732946397843,0.1731925890767407,3
shared_support_1102,30,37,10.8079315257077,80.5843572959117,0.13411947291482612,3
shared_support_1102,30,38,9.769435865023128,71.83274674748684,0.13600253794227804,3
shared_support_1102,30,39,10.133841395454542,42.47595450335531,0.2385783089266196,2
shared_support_1102,30,40,12.831155939807402,70.59381679649779,0.18176033712408599,2
shared_support_1102,30,41,6.703550986867186,40.274309674453086,0.16644732190454903,0
shared_support_1102,30,42,13.759248013569643,33.8447328926141,0.4065403044316036,2
shared_support_1102,30,43,14.86026947530971,55.51407858914087,0.2676847000432163,2
shared_support_1102,30,44,12.36651799627785,58.283691128945996,0.21217801681294246,0
shared_support_1102,30,45,9.333030294016194,60.372966111251166,0.15458956044693786,0
shared_support_1102,30,46,23.193741316068397,59.543411990205584,0.3895265746592349,2
shared_support_1102,30,47,14.888286991611857,42.99070332275229,0.34631410609494306,2
shared_support_1102,30,48,19.215337671092698,59.199713365638104,0.32458497818075677,2
shared_support_1102,30,49,30.47888406246964,275.80004377504935,0.11051080212057224,1
shared_support_1102,30,50,10.55304665744065,112.92406097957432,0.09345259607117284,2
shared_support_1102,30,51,9.34620101276862,45.21171166582198,0.2067207957497864,0
shared_support_1102,30,52,13.030582018520898,81.06406434152997,0.16074424745867563,2
shared_support_1102,30,53,4.798071118828141,46.300300577131985,0.1036293730066612,5
shared_support_1102,30,54,17.823677488539747,162.08537035593824,0.1099647515960206,2
shared_support_1102,30,55,5.510529500993068,48.335925102145545,0.11400484193377869,0
shared_support_1102,30,56,23.244642979939236,67.58597928757919,0.3439269982466776,0
shared_support_1102,30,57,21.555892325994005,141.968898999763,0.15183531377551915,0
shared_support_1102,30,58,8.563023203021697,68.13045624610777,0.12568568706026967,0
shared_support_1102,30,59,6.369662299563397,70.13386875788387,0.09082148771163251,2
shared_support_1102,30,60,4.812313002761195,53.58299824967661,0.08981044659609429,3
shared_support_1102,30,61,4.006656004062726,39.01255296440766,0.10270171264408458,2
shared_support_1102,30,62,6.781238254034495,37.298206776578475,0.18181137486461668,2
shared_support_1102,30,63,9.345051841528564,33.018308471059456,0.28302636550020427,1
shared_support_1102,31,0,10.774575854014262,35.35177813009524,0.3047817231247495,0
shared_support_1102,31,1,22.3603775901042,96.14421469937297,0.2325712229281959,0
shared_support_1102,31,2,15.491175367469207,44.93471222370451,0.3447485162550371,0
shared_support_1102,31,3,8.790805071011158,62.483222485334494,0.14069064816678523,2
shared_support_1102,31,4,9.938038653852571,75.60988788193487,0.13143834665342788,0
shared_support_1102,31,5,10.910062960429705,42.32612202564946,0.2577619313628178,0
shared_support_1102,31,6,8.520181575198066,82.1570756635975,0.1037059986176361,3
shared_support_1102,31,7,15.313886506157406,64.80262105208676,0.23631585046303108,2
shared_support_1102,31,8,11.764386115304832,48.81311013780706,0.24100873888371643,0
shared_support_1102,31,9,33.166621437827985,227.30367456534694,0.14591326559612217,1
shared_support_1102,31,10,8.576357035796093,81.99786118089986,0.1045924480502648,5
shared_support_1102,31,11,4.88308207568919,29.61904730077531,0.16486290143307109,0
shared_support_1102,31,12,16.010243885123195,79.20218020707101,0.2021439794114889,2
shared_support_1102,31,13,10.172523327497437,43.46284935161865,0.23405099939952717,2
shared_support_1102,31,14,14.090029985690135,42.955135852360016,0.32801735359698575,1
shared_support_1102,31,15,9.004897027572465,19.830968792106187,0.4540825575378298,2
shared_support_1102,31,16,6.1651189444014465,31.96201060637541,0.19288895871812584,3
shared_support_1102,31,17,6.593133169634198,51.241979933048725,0.12866663579839407,1
shared_support_1102,31,18,7.218354017651246,38.75924366844438,0.18623567785271386,1
shared_support_1102,31,19,7.2131305044580944,30.272554310052957,0.23827293959343057,2
shared_support_1102,31,20,6.492180638144938,39.150093397344556,0.16582797318652848,0
shared_support_1102,31,21,6.268880472911544,47.16533030287587,0.13291289242872753,2
shared_support_1102,31,22,13.116767299488453,60.40247848243434,0.21715611062719792,2
shared_support_1102,31,23,9.34610893606645,21.789553813298813,0.42892612745297437,0
shared_support_1102,31,24,11.306393530994308,71.36481759431835,0.15843091753231717,1
shared_support_1102,31,25,14.588144847025356,59.533871050347685,0.24503941352458317,0
shared_support_1102,31,26,15.453050281220596,49.6815028379739,0.3110423275966021,2
shared_support_1102,31,27,11.236357497234708,26.340555895307347,0.4265801200967251,2
shared_support_1102,31,28,12.235579110928066,76.76051196805018,0.15939939426173771,0
shared_support_1102,31,29,9.002418485008333,34.441926393602486,0.2613796447425343,2
shared_support_1102,31,30,27.28444895446682,234.80073791631096,0.11620256902340614,1
shared_support_1102,31,31,6.685499931551984,71.9693070363987,0.09289376550715948,2
shared_support_1102,31,32,12.712063110460708,59.39767162575464,0.21401618552584473,2
shared_support_1102,31,33,9.72378914482741,46.91280030880887,0.20727368822196623,2
shared_support_1102,31,34,18.34475450168031,48.50814548488715,0.3781788464247859,2
shared_support_1102,31,35,15.877771476897593,75.1042682632384,0.2114097087165065,1
shared_support_1102,31,36,15.727494188484565,113.54306636286003,0.1385156724429369,2
shared_support_1102,31,37,18.695881810974573,74.10714455360255,0.25228177287888387,2
shared_support_1102,31,38,19.283690400780866,72.35353212123837,0.26652037344173285,2
shared_support_1102,31,39,13.567296755873265,52.64021168766668,0.2577363639107859,2
shared_support_1102,31,40,8.48176075526916,74.76734947045098,0.11344204141703942,3
shared_support_1102,31,41,17.094362848016083,59.648597595154094,0.28658448877605874,2
shared_support_1102,31,42,34.344501212932954,249.8505933023352,0.13746015472284234,1
shared_support_1102,31,43,37.69999850073138,227.6701690842981,0.16559041815782385,3
shared_support_1102,31,44,10.287093987450575,95.40867821919561,0.10782136572332136,1
shared_support_1102,31,45,8.725689901430735,59.629990638409105,0.1463305596397379,1
shared_support_1102,31,46,8.752465466110996,68.61146465382329,0.12756564096497938,0
shared_support_1102,31,47,8.182760717039471,50.63891865183117,0.16159035253695275,1
shared_support_1102,31,48,21.998475049835655,73.36453768262714,0.2998516142090395,1
shared_support_1102,31,49,8.132216250322996,29.76393510833404,0.27322382677974383,1
shared_support_1102,31,50,8.735765465196797,32.95782328548517,0.2650589327312791,0
shared_support_1102,31,51,6.135020259332526,47.658730750278956,0.12872815038819757,2
shared_support_1102,31,52,11.076054935363972,126.42998394105287,0.08760623540479218,0
shared_support_1102,31,53,6.713466025711321,54.324065630901096,0.12358180389747021,3
shared_support_1102,31,54,17.771920673715325,93.64351131813775,0.1897827241156974,0
shared_support_1102,31,55,12.023859079009057,62.56772117426929,0.19217351780351907,0
shared_support_1102,31,56,32.84071101726998,207.22414187672985,0.1584791748675969,1
shared_support_1102,31,57,52.01547554810168,277.89353987455866,0.187177706871421,3
shared_support_1102,31,58,15.769506057867536,64.44695765061411,0.24468968951736497,0
shared_support_1102,31,59,23.402862051349754,136.0720495856624,0.17198875244850917,2
shared_support_1102,31,60,35.3889435851273,137.6348995532085,0.25712187606491643,0
shared_support_1102,31,61,8.640219879689608,71.40616387500103,0.12100103703672715,0
shared_support_1102,31,62,32.00964242150149,149.3138003684535,0.21437832499416024,0
shared_support_1102,31,63,4.7852721419843585,86.02084638157031,0.055629214815649475,1
