{"step": [0, 200, 400, 600, 800, 1000, 1200, 1400, 1600, 1800, 2000, 2200, 2400, 2600, 2800, 3000, 3200, 3400, 3600, 3800, 4000, 4200, 4400, 4600, 4800, 5000, 5200, 5400, 5600, 5800, 6000, 6200, 6400, 6600, 6800, 7000, 7200, 7400, 7600, 7800, 8000], "loss": [4.7612152099609375, 3.423218011856079, 3.0451760292053223, 2.713393449783325, 2.5118203163146973, 2.42238450050354, 2.3723056316375732, 2.37066650390625, 2.309974193572998, 2.3058087825775146, 2.2852323055267334, 2.2653822898864746, 2.2376129627227783, 2.2416436672210693, 2.236981153488159, 2.2003209590911865, 2.204923629760742, 2.2010462284088135, 2.191080331802368, 2.162277936935425, 2.167418956756592, 2.1635258197784424, 2.1468117237091064, 2.143289089202881, 2.150414228439331, 2.1225223541259766, 2.1412956714630127, 2.1353249549865723, 2.1259021759033203, 2.1085586547851562, 2.121093511581421, 2.120936155319214, 2.117997169494629, 2.1041786670684814, 2.1082844734191895, 2.1176953315734863, 2.10088849067688, 2.103978395462036, 2.0882749557495117, 2.1010468006134033, 2.101492166519165], "legal|in": [0.03166010603308678, 0.5500532984733582, 0.6980192065238953, 0.8704478144645691, 0.9521817564964294, 0.9666174650192261, 0.9736507534980774, 0.9779978394508362, 0.978613018989563, 0.983083188533783, 0.9862204790115356, 0.9881274700164795, 0.9896243214607239, 0.990218997001648, 0.9889066815376282, 0.9914903044700623, 0.9906905889511108, 0.9904855489730835, 0.9924745559692383, 0.9930282235145569, 0.9927616715431213, 0.9923925399780273, 0.992577075958252, 0.9946275949478149, 0.9937254190444946, 0.9944430589675903, 0.9944020509719849, 0.9951402544975281, 0.9952632784843445, 0.9948326945304871, 0.9950992465019226, 0.9953657984733582, 0.9958374500274658, 0.9958169460296631, 0.9958784580230713, 0.9953452944755554, 0.9957554340362549, 0.9957144260406494, 0.9956528544425964, 0.9957349300384521, 0.9957144260406494], "mass|in": [0.030629804357886314, 0.28165751695632935, 0.3780302405357361, 0.547197699546814, 0.6518498063087463, 0.6737262606620789, 0.6846651434898376, 0.6983557939529419, 0.6981329321861267, 0.6998500823974609, 0.7129695415496826, 0.7199819087982178, 0.724631667137146, 0.7237325310707092, 0.7321677803993225, 0.7318356037139893, 0.7303340435028076, 0.7359241247177124, 0.7466192841529846, 0.7427890300750732, 0.7442429661750793, 0.7488068342208862, 0.7522059082984924, 0.7539162039756775, 0.752738893032074, 0.7539286613464355, 0.7559649348258972, 0.759563148021698, 0.7582533359527588, 0.760145902633667, 0.760458767414093, 0.7597455978393555, 0.7638177871704102, 0.7648725509643555, 0.7643530964851379, 0.7625504732131958, 0.7642298936843872, 0.7648966312408447, 0.7653116583824158, 0.7653859853744507, 0.7651638984680176], "legal|ood 5x5": [0.03481791168451309, 0.49282315373420715, 0.6857775449752808, 0.8727854490280151, 0.9428313374519348, 0.9550114870071411, 0.9630085229873657, 0.9669455289840698, 0.9699802994728088, 0.970718502998352, 0.9747785329818726, 0.9765009880065918, 0.9765419960021973, 0.9789615869522095, 0.9787975549697876, 0.9797818064689636, 0.9790025949478149, 0.9795357584953308, 0.9780593514442444, 0.9767880439758301, 0.9804790019989014, 0.9797407984733582, 0.980355978012085, 0.9806430339813232, 0.980273962020874, 0.9822424650192261, 0.9825705289840698, 0.9837188124656677, 0.9840469360351562, 0.9816682934761047, 0.9836778044700623, 0.9837598204612732, 0.9839649200439453, 0.9842109680175781, 0.9846210479736328, 0.9842519760131836, 0.9847030639648438, 0.9851952195167542, 0.9849901795387268, 0.9848260879516602, 0.9850311875343323], "mass|ood 5x5": [0.03368830680847168, 0.19878534972667694, 0.296150267124176, 0.4409192204475403, 0.5277358293533325, 0.5485084652900696, 0.5582827925682068, 0.5703088641166687, 0.5743208527565002, 0.5753809809684753, 0.586717426776886, 0.5945442914962769, 0.5956276655197144, 0.6013457775115967, 0.6072059869766235, 0.6080707311630249, 0.6090897917747498, 0.6120215654373169, 0.6221804618835449, 0.6204063296318054, 0.6233813762664795, 0.6296123266220093, 0.6323340535163879, 0.6379997730255127, 0.6355242729187012, 0.6377872228622437, 0.6401072144508362, 0.6464999318122864, 0.644180953502655, 0.6453572511672974, 0.6459044218063354, 0.6467539072036743, 0.649796187877655, 0.6496393084526062, 0.6501436233520508, 0.6494730710983276, 0.6500608325004578, 0.6506361365318298, 0.6511715650558472, 0.6511950492858887, 0.6510960459709167], "legal|ood 6x6": [0.034571848809719086, 0.47760826349258423, 0.6822096705436707, 0.8527312874794006, 0.9226952195167542, 0.9378690719604492, 0.9452919960021973, 0.949105978012085, 0.9538221955299377, 0.9580872654914856, 0.9646899700164795, 0.9669865369796753, 0.9649360179901123, 0.9681348204612732, 0.9658792614936829, 0.9683809280395508, 0.9660022854804993, 0.9667404890060425, 0.9665764570236206, 0.960547924041748, 0.9641568064689636, 0.96563321352005, 0.9645259380340576, 0.9643208384513855, 0.9668225049972534, 0.9648129940032959, 0.9671505689620972, 0.9660843014717102, 0.9683399200439453, 0.9668635129928589, 0.9664124250411987, 0.9667404890060425, 0.9673556685447693, 0.9682988524436951, 0.9682988524436951, 0.9682578444480896, 0.96875, 0.9685039520263672, 0.9689140319824219, 0.9692420959472656, 0.9692420959472656], "mass|ood 6x6": [0.03486468270421028, 0.17926505208015442, 0.2710961699485779, 0.38472485542297363, 0.45110243558883667, 0.46984079480171204, 0.47680699825286865, 0.48966488242149353, 0.4958357512950897, 0.49804237484931946, 0.5099605917930603, 0.5166869759559631, 0.5209275484085083, 0.5260462164878845, 0.5296227335929871, 0.5328391790390015, 0.5313136577606201, 0.536941409111023, 0.5475086569786072, 0.5462093949317932, 0.5507360696792603, 0.5585630536079407, 0.5615876913070679, 0.5685757994651794, 0.5668811798095703, 0.5688946843147278, 0.5709311962127686, 0.5787073373794556, 0.5778852701187134, 0.5790985822677612, 0.5798994898796082, 0.5815258026123047, 0.5837583541870117, 0.584156334400177, 0.5844428539276123, 0.5844522714614868, 0.5844430923461914, 0.5853332877159119, 0.5858620405197144, 0.5857818722724915, 0.5856954455375671], "config": {"topology": "grid", "n_layer": 3, "d_model": 128, "n_params": 320512, "norm": "True", "residual": "add"}}