{"0": 1.0, "1": 0.9884232838741236, "2": 0.26398026315789475, "3": 0.25822909809084926}