{"step": [0, 200, 400, 600, 800, 1000, 1200, 1400, 1600, 1800, 2000, 2200, 2400, 2600, 2800, 3000, 3200, 3400, 3600, 3800, 4000, 4200, 4400, 4600, 4800, 5000, 5200, 5400, 5600, 5800, 6000, 6200, 6400, 6600, 6800, 7000, 7200, 7400, 7600, 7800, 8000], "loss": [4.6145172119140625, 4.538631439208984, 4.128659248352051, 3.8182480335235596, 3.6875083446502686, 3.58046817779541, 3.550058364868164, 3.553708076477051, 3.573737621307373, 3.528573513031006, 3.487675428390503, 3.474818229675293, 3.477823495864868, 3.4491183757781982, 3.4463798999786377, 3.443840503692627, 3.4577014446258545, 3.4575953483581543, 3.455724000930786, 3.426750421524048, 3.4607996940612793, 3.423572540283203, 3.406134605407715, 3.4542665481567383, 3.4361484050750732, 3.4254143238067627, 3.4649765491485596, 3.4143688678741455, 3.4177637100219727, 3.4293503761291504, 3.426528215408325, 3.434731960296631, 3.4520833492279053, 3.4391326904296875, 3.440441131591797, 3.435865640640259, 3.4181089401245117, 3.4803805351257324, 3.426241397857666, 3.3805630207061768, 3.4216468334198], "legal|in": [0.0292199794203043, 0.1651492714881897, 0.3790395259857178, 0.5479207634925842, 0.6395792365074158, 0.6849368214607239, 0.7017101645469666, 0.7100352644920349, 0.7151615619659424, 0.721784770488739, 0.7316887974739075, 0.7345595359802246, 0.7368561029434204, 0.7420439720153809, 0.7444020509719849, 0.7457964420318604, 0.7443405389785767, 0.7497744560241699, 0.7462475299835205, 0.745898962020874, 0.7457964420318604, 0.7524400949478149, 0.7493643164634705, 0.7545931935310364, 0.7488722205162048, 0.7519479990005493, 0.7522555589675903, 0.7522965669631958, 0.7512302994728088, 0.7519069910049438, 0.7529527544975281, 0.7536499500274658, 0.7539370059967041, 0.7527887225151062, 0.7530552744865417, 0.7535064220428467, 0.7527477145195007, 0.7521940469741821, 0.7521530389785767, 0.7521940469741821, 0.7522555589675903], "mass|in": [0.03057377226650715, 0.04090450331568718, 0.12197747826576233, 0.21170540153980255, 0.26220962405204773, 0.28228315711021423, 0.3021544814109802, 0.304523766040802, 0.3046659529209137, 0.3075340986251831, 0.30745038390159607, 0.3115728795528412, 0.3140661418437958, 0.3166210651397705, 0.3162338137626648, 0.31178173422813416, 0.3168752193450928, 0.3169770836830139, 0.31900179386138916, 0.3232254981994629, 0.32209834456443787, 0.32002562284469604, 0.32204848527908325, 0.31934890151023865, 0.32112637162208557, 0.32186415791511536, 0.3216392397880554, 0.32185226678848267, 0.324539452791214, 0.32386863231658936, 0.324384480714798, 0.32350534200668335, 0.32395419478416443, 0.3223845660686493, 0.3233287036418915, 0.32263967394828796, 0.3233141005039215, 0.3236447274684906, 0.32366445660591125, 0.3238191604614258, 0.32375675439834595], "legal|ood 5x5": [0.03731955215334892, 0.1210629940032959, 0.318569540977478, 0.5072178244590759, 0.6142142415046692, 0.6678969860076904, 0.6840550899505615, 0.6961122155189514, 0.6981217265129089, 0.7082512974739075, 0.7211695909500122, 0.7249835729598999, 0.7310531735420227, 0.7375738024711609, 0.7394192814826965, 0.7437254190444946, 0.7455708384513855, 0.7472522854804993, 0.7482365369796753, 0.7488927245140076, 0.7490977644920349, 0.7544291019439697, 0.7538549900054932, 0.7562745809555054, 0.7553723454475403, 0.7577509880065918, 0.7588992714881897, 0.758571207523346, 0.7572588324546814, 0.7595144510269165, 0.758489191532135, 0.7595964670181274, 0.7594324350357056, 0.7591453194618225, 0.7592273354530334, 0.7590633034706116, 0.7590633034706116, 0.7587352395057678, 0.758489191532135, 0.7585301995277405, 0.758489191532135], "mass|ood 5x5": [0.03346272557973862, 0.03823035582900047, 0.08325329422950745, 0.1421940177679062, 0.17845305800437927, 0.19421492516994476, 0.20967939496040344, 0.21617044508457184, 0.21952955424785614, 0.2227947860956192, 0.2268877923488617, 0.23217612504959106, 0.23905986547470093, 0.24219171702861786, 0.24120856821537018, 0.2415734827518463, 0.24252335727214813, 0.24598167836666107, 0.2479926496744156, 0.24794243276119232, 0.24872846901416779, 0.24920113384723663, 0.2503959834575653, 0.24947398900985718, 0.2494046688079834, 0.2512502372264862, 0.2507639527320862, 0.25144755840301514, 0.25293564796447754, 0.25249943137168884, 0.25383055210113525, 0.25301942229270935, 0.2527258098125458, 0.25386086106300354, 0.2538779675960541, 0.25310221314430237, 0.2531856894493103, 0.2536625564098358, 0.25377753376960754, 0.25373244285583496, 0.2537277936935425], "legal|ood 6x6": [0.03412073478102684, 0.10104987025260925, 0.294824481010437, 0.5018864870071411, 0.6256971955299377, 0.6845472455024719, 0.7018947005271912, 0.7084153294563293, 0.7185449600219727, 0.7263779640197754, 0.7371227145195007, 0.7401984930038452, 0.7432742714881897, 0.7470882534980774, 0.7513533234596252, 0.7532808184623718, 0.7535269260406494, 0.7577099800109863, 0.7577099800109863, 0.7590222954750061, 0.7601295709609985, 0.7639025449752808, 0.7620980739593506, 0.7661581039428711, 0.7652559280395508, 0.7671424150466919, 0.7681676745414734, 0.7681676745414734, 0.7669373154640198, 0.7680855989456177, 0.7678395509719849, 0.7696030139923096, 0.7706282734870911, 0.7691519260406494, 0.7698490619659424, 0.7700130939483643, 0.7706692814826965, 0.7700541019439697, 0.7696030139923096, 0.769726037979126, 0.7697670459747314], "mass|ood 6x6": [0.034810397773981094, 0.03793250396847725, 0.07478512078523636, 0.12642934918403625, 0.1602027863264084, 0.17631162703037262, 0.19096146523952484, 0.19750654697418213, 0.2024107128381729, 0.20639991760253906, 0.21093061566352844, 0.2166595458984375, 0.22353264689445496, 0.22705817222595215, 0.22656895220279694, 0.22725151479244232, 0.2283260077238083, 0.23177485167980194, 0.2332015335559845, 0.2333555817604065, 0.23338818550109863, 0.23453475534915924, 0.2356766015291214, 0.23516544699668884, 0.23474563658237457, 0.23671168088912964, 0.23586295545101166, 0.23694400489330292, 0.23810960352420807, 0.23781858384609222, 0.23916277289390564, 0.23822586238384247, 0.23804451525211334, 0.23946799337863922, 0.23930838704109192, 0.23870274424552917, 0.23861706256866455, 0.23903943598270416, 0.2392086237668991, 0.23916199803352356, 0.23916451632976532], "config": {"topology": "grid", "n_layer": 2, "d_model": 32, "n_params": 18688}}