{"step": [0, 200, 400, 600, 800, 1000, 1200, 1400, 1600, 1800, 2000, 2200, 2400, 2600, 2800, 3000, 3200, 3400, 3600, 3800, 4000, 4200, 4400, 4600, 4800, 5000, 5200, 5400, 5600, 5800, 6000, 6200, 6400, 6600, 6800, 7000, 7200, 7400, 7600, 7800, 8000], "loss": [4.6087751388549805, 4.602389335632324, 4.590590476989746, 4.572755813598633, 4.57171106338501, 4.555627822875977, 4.532647132873535, 4.525855541229248, 4.480855941772461, 4.483089923858643, 4.464229583740234, 4.424964904785156, 4.411158561706543, 4.427035331726074, 4.413121700286865, 4.3607001304626465, 4.317997455596924, 4.350426197052002, 4.319174289703369, 4.308306694030762, 4.295721054077148, 4.268080234527588, 4.218013286590576, 4.2427215576171875, 4.228915214538574, 4.222572326660156, 4.16811990737915, 4.182941913604736, 4.193932056427002, 4.156270503997803, 4.16938591003418, 4.151167392730713, 4.16392707824707, 4.131686687469482, 4.146097183227539, 4.159978866577148, 4.148675918579102, 4.155350208282471, 4.140429496765137, 4.130069255828857, 4.163860321044922], "legal|in": [0.035802166908979416, 0.06512466818094254, 0.0847276896238327, 0.1159776896238327, 0.10508940368890762, 0.12171915918588638, 0.14447999000549316, 0.16008448600769043, 0.1765296906232834, 0.19463582336902618, 0.2188115119934082, 0.23913221061229706, 0.2531988322734833, 0.2314632534980774, 0.25680774450302124, 0.27335548400878906, 0.28383365273475647, 0.27989664673805237, 0.2986794710159302, 0.30749672651290894, 0.31397637724876404, 0.32172736525535583, 0.3274483382701874, 0.3337639570236206, 0.3382956087589264, 0.3430117964744568, 0.34879428148269653, 0.35328492522239685, 0.3567093014717102, 0.36134350299835205, 0.36359909176826477, 0.3661622405052185, 0.3675976097583771, 0.36903297901153564, 0.37024277448654175, 0.37169864773750305, 0.37266239523887634, 0.37340059876441956, 0.37370815873146057, 0.37370815873146057, 0.37374916672706604], "mass|in": [0.030662355944514275, 0.03105175495147705, 0.03215666115283966, 0.034046076238155365, 0.033831432461738586, 0.03664426878094673, 0.03915342316031456, 0.04125683754682541, 0.045532871037721634, 0.04556826129555702, 0.05192839726805687, 0.056122224777936935, 0.05700777843594551, 0.04810965061187744, 0.062030673027038574, 0.06674975901842117, 0.07277917861938477, 0.06522871553897858, 0.07836651057004929, 0.08295866847038269, 0.08486904203891754, 0.08935226500034332, 0.09367277473211288, 0.09619700908660889, 0.09854821115732193, 0.10342716425657272, 0.10349521040916443, 0.10751915723085403, 0.10580458492040634, 0.1062840148806572, 0.1113349050283432, 0.1119227185845375, 0.11356571316719055, 0.11593560129404068, 0.11600622534751892, 0.11614853888750076, 0.11669496446847916, 0.11706578731536865, 0.11749667674303055, 0.1175636425614357, 0.11758951097726822], "legal|ood 5x5": [0.026492781937122345, 0.04958169162273407, 0.06664206087589264, 0.08915682137012482, 0.07468011975288391, 0.08973097056150436, 0.09846621006727219, 0.10933399200439453, 0.11975065618753433, 0.12840387225151062, 0.14632545411586761, 0.16154035925865173, 0.1769603043794632, 0.15821850299835205, 0.18803313374519348, 0.20255085825920105, 0.216207355260849, 0.21046587824821472, 0.22900262475013733, 0.23827099800109863, 0.2467191517353058, 0.25385499000549316, 0.2613188922405243, 0.26771652698516846, 0.2719816267490387, 0.27837926149368286, 0.2855971157550812, 0.2890009880065918, 0.29478347301483154, 0.29921260476112366, 0.3029855489730835, 0.3051591217517853, 0.3080298602581024, 0.30975228548049927, 0.31114664673805237, 0.31167978048324585, 0.3129101097583771, 0.31356626749038696, 0.3140173852443695, 0.31409940123558044, 0.31409940123558044], "mass|ood 5x5": [0.033474329859018326, 0.03367722034454346, 0.03407103568315506, 0.034972790628671646, 0.034882210195064545, 0.036001645028591156, 0.03718317672610283, 0.03823906555771828, 0.040284544229507446, 0.04062223806977272, 0.04413457214832306, 0.04629090055823326, 0.04738509654998779, 0.042754918336868286, 0.05059859901666641, 0.05334525555372238, 0.05692629516124725, 0.05258757993578911, 0.06011065095663071, 0.06285750865936279, 0.06419209390878677, 0.06689850986003876, 0.06969396024942398, 0.07109424471855164, 0.07261917740106583, 0.07577642053365707, 0.07579916715621948, 0.07837259024381638, 0.07752557843923569, 0.07804632931947708, 0.08130002021789551, 0.08163467794656754, 0.08270105719566345, 0.08417598903179169, 0.0841691792011261, 0.08425594866275787, 0.08458840101957321, 0.08483469486236572, 0.08512069284915924, 0.08516258746385574, 0.08517928421497345], "legal|ood 6x6": [0.03731955215334892, 0.0482693575322628, 0.05930118262767792, 0.0730396956205368, 0.07020997256040573, 0.07943733781576157, 0.0913303792476654, 0.09875328093767166, 0.1078576147556305, 0.11310695856809616, 0.12733760476112366, 0.14222441613674164, 0.15452755987644196, 0.1371801197528839, 0.16244257986545563, 0.17585301399230957, 0.18971456587314606, 0.18696686625480652, 0.203371062874794, 0.21477198600769043, 0.22379429638385773, 0.2305610179901123, 0.23913221061229706, 0.24819554388523102, 0.25274771451950073, 0.26099079847335815, 0.266117125749588, 0.27116140723228455, 0.2776000499725342, 0.27989664673805237, 0.28448984026908875, 0.2874836027622223, 0.29043635725975037, 0.2931020259857178, 0.2949885129928589, 0.2958497405052185, 0.296875, 0.2972851097583771, 0.2976131737232208, 0.2977362275123596, 0.2977772355079651], "mass|ood 6x6": [0.03472892567515373, 0.03485630825161934, 0.03513055294752121, 0.035702552646398544, 0.0356849767267704, 0.03643045946955681, 0.03721729665994644, 0.03790738433599472, 0.039381641894578934, 0.03966134786605835, 0.04191833734512329, 0.04348833113908768, 0.04435903578996658, 0.041270893067121506, 0.04704102501273155, 0.04940784350037575, 0.052266720682382584, 0.049288310110569, 0.05519433319568634, 0.05743195861577988, 0.058461934328079224, 0.06049317866563797, 0.06292176246643066, 0.06408844888210297, 0.06529881805181503, 0.067950539290905, 0.06806357204914093, 0.0702020451426506, 0.06984616816043854, 0.07020559161901474, 0.0730067640542984, 0.07323534041643143, 0.07411788403987885, 0.07536173611879349, 0.07536749541759491, 0.07551230490207672, 0.07579987496137619, 0.07600419968366623, 0.07623840868473053, 0.07627292722463608, 0.07628680765628815], "config": {"topology": "grid", "n_layer": 3, "d_model": 32, "n_params": 24832}}