{"step": [0, 100, 200, 300, 400, 500, 600, 700, 800, 900, 1000, 1100, 1200, 1300, 1400, 1500, 1600, 1700, 1800, 1900, 2000, 2100, 2200, 2300, 2400, 2500, 2600, 2700, 2800, 2900, 3000, 3100, 3200, 3300, 3400, 3500, 3600, 3700, 3800, 3900, 4000], "loss": [4.613889694213867, 4.6149797439575195, 4.597207069396973, 4.547765254974365, 4.462183952331543, 4.332839012145996, 4.05091667175293, 3.7907185554504395, 3.6119272708892822, 3.4280612468719482, 3.36116623878479, 3.239960193634033, 3.194270133972168, 3.1534688472747803, 3.128213405609131, 3.1257553100585938, 3.097651243209839, 3.037020444869995, 3.0314276218414307, 2.946317672729492, 2.986893892288208, 2.96327805519104, 2.897904872894287, 2.966348648071289, 2.912187337875366, 2.901456117630005, 2.938877820968628, 2.9100310802459717, 2.885695219039917, 2.868295907974243, 2.799595355987549, 2.8090507984161377, 2.8595495223999023, 2.882737874984741, 2.853585720062256, 2.842499017715454, 2.8503880500793457, 2.9262773990631104, 2.8075525760650635, 2.842036485671997, 2.8997507095336914], "acc@5": [0.009572458453476429, 0.010044642724096775, 0.028760302811861038, 0.06262877583503723, 0.09677626937627792, 0.15472613275051117, 0.20235233008861542, 0.2761847674846649, 0.33078640699386597, 0.36482658982276917, 0.4144488275051117, 0.4262963533401489, 0.40919041633605957, 0.4294514060020447, 0.4453125, 0.435546875, 0.44041895866394043, 0.44825291633605957, 0.44578468799591064, 0.4590487778186798, 0.4452051818370819, 0.4591990113258362, 0.46726906299591064, 0.4541981518268585, 0.46259015798568726, 0.46370622515678406, 0.46984460949897766, 0.4597141146659851, 0.4694368243217468, 0.47072458267211914, 0.46754807233810425, 0.47055289149284363, 0.47263479232788086, 0.46984460949897766, 0.47291380167007446, 0.4736649990081787, 0.4746737778186798, 0.4733215868473053, 0.47257038950920105, 0.47323575615882874, 0.4732572138309479], "acc@10": [0.0087890625, 0.008357558399438858, 0.017691679298877716, 0.040220748633146286, 0.057639896869659424, 0.08484738320112228, 0.1402389109134674, 0.18323038518428802, 0.21157340705394745, 0.25894802808761597, 0.31156885623931885, 0.34613463282585144, 0.3530159890651703, 0.36741459369659424, 0.3752043843269348, 0.38004177808761597, 0.3830168843269348, 0.38921692967414856, 0.38658249378204346, 0.400958389043808, 0.3994367718696594, 0.4074082374572754, 0.4139716625213623, 0.4079305827617645, 0.4051826000213623, 0.4103379249572754, 0.41751453280448914, 0.41556140780448914, 0.41753724217414856, 0.4193314015865326, 0.4205123484134674, 0.4227607250213623, 0.4246003031730652, 0.42564499378204346, 0.42668968439102173, 0.42632630467414856, 0.4266669750213623, 0.42680323123931885, 0.4264398515224457, 0.4266669750213623, 0.42668968439102173], "acc@15": [0.00892168190330267, 0.008801118470728397, 0.016854746267199516, 0.03792920708656311, 0.06004050746560097, 0.11581307649612427, 0.15200617909431458, 0.1806037873029709, 0.21334876120090485, 0.2083815634250641, 0.22345197200775146, 0.21433737874031067, 0.22627314925193787, 0.22603201866149902, 0.21742379665374756, 0.21964216232299805, 0.23656925559043884, 0.22497107088565826, 0.23097512125968933, 0.22972126305103302, 0.2272135466337204, 0.22909432649612427, 0.23384451866149902, 0.23379629850387573, 0.23570120334625244, 0.2407166212797165, 0.2451774626970291, 0.23934221267700195, 0.24645544588565826, 0.2397521287202835, 0.23685860633850098, 0.2415846884250641, 0.24423708021640778, 0.24199460446834564, 0.2458285093307495, 0.24558737874031067, 0.2439718395471573, 0.24426119029521942, 0.24445408582687378, 0.2445746511220932, 0.2446228712797165], "acc@20": [0.00904605258256197, 0.00881476141512394, 0.012027137912809849, 0.019891036674380302, 0.024593954905867577, 0.02736944891512394, 0.07331928610801697, 0.11317845433950424, 0.13075657188892365, 0.15234375, 0.158203125, 0.18251438438892365, 0.18143503367900848, 0.1828484833240509, 0.18832236528396606, 0.19572368264198303, 0.18834806978702545, 0.19500410556793213, 0.18963301181793213, 0.1947985142469406, 0.19551809132099152, 0.19343647360801697, 0.19569797813892365, 0.19454152882099152, 0.1921515166759491, 0.19374485313892365, 0.19091796875, 0.19207441806793213, 0.19081516563892365, 0.19161184132099152, 0.19420744478702545, 0.19469572603702545, 0.19454152882099152, 0.19523540139198303, 0.19428454339504242, 0.19438733160495758, 0.19497841596603394, 0.19544099271297455, 0.19538959860801697, 0.19544099271297455, 0.19541530311107635], "acc@25": [0.008692781440913677, 0.00861025508493185, 0.011856294237077236, 0.01636773720383644, 0.013699383474886417, 0.010233274661004543, 0.018981073051691055, 0.022392164915800095, 0.021786971017718315, 0.016890404745936394, 0.013891945593059063, 0.01416703313589096, 0.014001980423927307, 0.012654049322009087, 0.013506822288036346, 0.0152673851698637, 0.014387103728950024, 0.01661531627178192, 0.015404929406940937, 0.014414613135159016, 0.01623019389808178, 0.014084506779909134, 0.01556998211890459, 0.015597491525113583, 0.015432438813149929, 0.01573503576219082, 0.015184858813881874, 0.015955105423927307, 0.016312720254063606, 0.0168628953397274, 0.015432438813149929, 0.01612015813589096, 0.015900088474154472, 0.01609264872968197, 0.01647777296602726, 0.016312720254063606, 0.016450263559818268, 0.01623019389808178, 0.016312720254063606, 0.01636773720383644, 0.016395246610045433], "acc@30": [0.009232954122126102, 0.00926254689693451, 0.012310606427490711, 0.021218039095401764, 0.024798769503831863, 0.026100851595401764, 0.011748342774808407, 0.0071614584885537624, 0.006658380851149559, 0.005888967774808407, 0.003876657225191593, 0.003314394038170576, 0.0034623579122126102, 0.0031368371564894915, 0.003639914793893695, 0.0034623579122126102, 0.0032552082557231188, 0.0035511364694684744, 0.003491950687021017, 0.0036991003435105085, 0.0036991003435105085, 0.003491950687021017, 0.0042317709885537624, 0.003935842774808407, 0.004113399423658848, 0.00443892041221261, 0.004379734862595797, 0.004290956538170576, 0.004586884286254644, 0.004261363763362169, 0.004498105961829424, 0.00435014208778739, 0.004290956538170576, 0.004320549312978983, 0.004290956538170576, 0.004409327637404203, 0.004409327637404203, 0.0045572915114462376, 0.0045572915114462376, 0.004468513187021017, 0.004498105961829424], "config": {"n_layer": 2, "d_model": 16, "n_head": 1, "n_params": 6272}}