{"step": [0, 100, 200, 300, 400, 500, 600, 700, 800, 900, 1000, 1100, 1200, 1300, 1400, 1500, 1600, 1700, 1800, 1900, 2000, 2100, 2200, 2300, 2400, 2500, 2600, 2700, 2800, 2900, 3000, 3100, 3200, 3300, 3400, 3500, 3600, 3700, 3800, 3900, 4000], "loss": [4.650854110717773, 4.624249458312988, 4.079367637634277, 2.561399221420288, 1.973649263381958, 1.7718600034713745, 1.6287307739257812, 1.4478888511657715, 1.3865206241607666, 1.3097896575927734, 1.3551909923553467, 1.327735185623169, 1.3089542388916016, 1.2782888412475586, 1.2865030765533447, 1.2722022533416748, 1.3237875699996948, 1.258486270904541, 1.2467868328094482, 1.250340223312378, 1.2731467485427856, 1.2414991855621338, 1.1958330869674683, 1.2106167078018188, 1.196418046951294, 1.2777785062789917, 1.2369918823242188, 1.2217687368392944, 1.2003968954086304, 1.277536392211914, 1.1736572980880737, 1.214333415031433, 1.201462984085083, 1.2314971685409546, 1.2413748502731323, 1.2469807863235474, 1.204019546508789, 1.2816343307495117, 1.1942007541656494, 1.2670869827270508, 1.2257713079452515], "acc@5": [0.011632897891104221, 0.020196599885821342, 0.20939217507839203, 0.5294685959815979, 0.7104867696762085, 0.7670201063156128, 0.7957589030265808, 0.8170501589775085, 0.8320097923278809, 0.8344565629959106, 0.838792085647583, 0.8381052613258362, 0.8408310413360596, 0.839650571346283, 0.8401227593421936, 0.8394359350204468, 0.8411315083503723, 0.8388564586639404, 0.8420973420143127, 0.8399081230163574, 0.8409813046455383, 0.8396291136741638, 0.8407666683197021, 0.8421187996864319, 0.8417325019836426, 0.8422046899795532, 0.8407022953033447, 0.8426339030265808, 0.8424622416496277, 0.8420758843421936, 0.8417754173278809, 0.842505156993866, 0.8416466116905212, 0.8423978090286255, 0.8431919813156128, 0.8427627086639404, 0.8424407839775085, 0.8424407839775085, 0.8424622416496277, 0.8424836993217468, 0.8424836993217468], "acc@10": [0.009947311133146286, 0.014512172900140285, 0.10453760623931885, 0.519690215587616, 0.6915425062179565, 0.7591297030448914, 0.7907431125640869, 0.8116369843482971, 0.8312363624572754, 0.8356649875640869, 0.8323491811752319, 0.8408657312393188, 0.8334619998931885, 0.8395939469337463, 0.8397756218910217, 0.8407067656517029, 0.8417741656303406, 0.8422056436538696, 0.8433412313461304, 0.847111165523529, 0.8454079031944275, 0.8432731032371521, 0.8453624844551086, 0.8470430374145508, 0.8451807498931885, 0.8481786251068115, 0.8471793532371521, 0.8471338748931885, 0.8467932343482971, 0.8486328125, 0.8476789593696594, 0.8481559157371521, 0.8468159437179565, 0.8481331467628479, 0.8486101031303406, 0.8483375906944275, 0.8476789593696594, 0.8484965562820435, 0.8487009406089783, 0.8487463593482971, 0.8487690687179565], "acc@15": [0.009717399254441261, 0.011115933768451214, 0.13061824440956116, 0.4110243022441864, 0.4893181025981903, 0.5506124496459961, 0.5938464403152466, 0.6685956716537476, 0.698157787322998, 0.7153983116149902, 0.749107837677002, 0.732397735118866, 0.7370032668113708, 0.7382330298423767, 0.7353395223617554, 0.7355565428733826, 0.7521460056304932, 0.7541714906692505, 0.7381848096847534, 0.7483362555503845, 0.7476610541343689, 0.7541232705116272, 0.7486014366149902, 0.7363763451576233, 0.7464313507080078, 0.7642747163772583, 0.7644193768501282, 0.7533999085426331, 0.7699893712997437, 0.7559558153152466, 0.7575713992118835, 0.7608506679534912, 0.7595003843307495, 0.7560763955116272, 0.7625868320465088, 0.7604407668113708, 0.7613570690155029, 0.7617669701576233, 0.7629243731498718, 0.7628037929534912, 0.7628761529922485], "acc@20": [0.00956003274768591, 0.011384663172066212, 0.048596832901239395, 0.15468235313892365, 0.24645353853702545, 0.2878546416759491, 0.32288241386413574, 0.3476048409938812, 0.3691920340061188, 0.39077919721603394, 0.36731600761413574, 0.38923725485801697, 0.3693719208240509, 0.37294408679008484, 0.3920384347438812, 0.39306640625, 0.39902856945991516, 0.3992084562778473, 0.39959394931793213, 0.4111328125, 0.3967156708240509, 0.38982832431793213, 0.4045795500278473, 0.40339741110801697, 0.4013928771018982, 0.41370272636413574, 0.4057360291481018, 0.40198397636413574, 0.40411698818206787, 0.4016498625278473, 0.4020610749721527, 0.40226665139198303, 0.40224096179008484, 0.41028475761413574, 0.40576171875, 0.40673828125, 0.4075092375278473, 0.4093852937221527, 0.40887129306793213, 0.40905117988586426, 0.4089740812778473], "acc@25": [0.00885783415287733, 0.010453345254063606, 0.005281690042465925, 0.00335607398301363, 0.0026958626694977283, 0.0017330545233562589, 0.001127860858105123, 0.0012654049787670374, 0.000825264083687216, 0.0007977552595548332, 0.000412632041843608, 0.00035761442268267274, 0.0004951584269292653, 0.0004676496610045433, 0.0003025968326255679, 0.0003025968326255679, 0.0001925616234075278, 0.0001925616234075278, 0.00013754401879850775, 0.00013754401879850775, 0.00016505281382706016, 0.00013754401879850775, 2.7508802304510027e-05, 8.252640691353008e-05, 8.252640691353008e-05, 0.00011003520921804011, 2.7508802304510027e-05, 5.5017604609020054e-05, 8.252640691353008e-05, 8.252640691353008e-05, 5.5017604609020054e-05, 2.7508802304510027e-05, 2.7508802304510027e-05, 5.5017604609020054e-05, 5.5017604609020054e-05, 5.5017604609020054e-05, 5.5017604609020054e-05, 5.5017604609020054e-05, 5.5017604609020054e-05, 5.5017604609020054e-05, 5.5017604609020054e-05], "acc@30": [0.008256391622126102, 0.008522727526724339, 0.011274858377873898, 0.0014204545877873898, 0.000562263245228678, 0.00011837121564894915, 0.00014796401956118643, 0.00011837121564894915, 0.0, 0.0, 0.0, 0.0, 0.0, 0.0, 0.0, 0.0, 0.0, 0.0, 0.0, 0.0, 0.0, 0.0, 0.0, 0.0, 0.0, 0.0, 0.0, 0.0, 0.0, 0.0, 0.0, 0.0, 0.0, 0.0, 0.0, 0.0, 0.0, 0.0, 0.0, 0.0, 0.0], "config": {"n_layer": 1, "d_model": 64, "n_head": 1, "n_params": 37376}}