{"0": 1.0, "1": 0.9903799119517365, "2": 0.26595394736842104, "3": 0.2578999341672153}