{"0": 1.0, "1": 0.987118865155715, "2": 0.9722039473684211, "3": 0.6897630019749835}