{"0": 1.0, "1": 0.9726072069134192, "2": 0.2800986842105263, "3": 0.2602040816326531}