{"step": [0, 200, 400, 600, 800, 1000, 1200, 1400, 1600, 1800, 2000, 2200, 2400, 2600, 2800, 3000, 3200, 3400, 3600, 3800, 4000, 4200, 4400, 4600, 4800, 5000, 5200, 5400, 5600, 5800, 6000, 6200, 6400, 6600, 6800, 7000, 7200, 7400, 7600, 7800, 8000], "loss": [4.6077399253845215, 4.5627827644348145, 4.504456520080566, 4.363533973693848, 7.531679279326062e+19, 2.4656133077286152e+20, 7.364040259876264e+19, 79973012471808.0, 1.521546538426675e+22, 1.19434054742982e+22, 7.952145473636533e+21, 4.94026495288127e+19, 6.960121258166985e+21, 5.316144026100271e+22, 4.241179843292998e+26, 1.9611862240900992e+20, 1.0473835066252329e+18, 9.708794325889974e+18, 7.108955994901709e+16, 2.5834985464122468e+20, 7.71546660615068e+19, 1.3647700429484203e+22, 2.898055983571927e+17, 1.5042381636012763e+21, 4.983642181932847e+20, 6.317392271554432e+19, 1.9131904832519096e+21, 3.7864080717424414e+20, 5.189401023227034e+21, 9.92272547867263e+17, 5.76811100688498e+19, 2.52368636180693e+17, 1.2383336766630122e+24, 5.472634937067155e+20, 4.149558257616159e+17, 4.801061819808364e+21, 5.102160563392217e+19, 1.1752370826530259e+19, 1.0151318203660166e+24, 1.6910655186906116e+22, 2.2849026783213047e+20], "legal|in": [0.03459235653281212, 0.17388451099395752, 0.2514558732509613, 0.33202099800109863, 0.24762138724327087, 0.24948737025260925, 0.24932332336902618, 0.24932332336902618, 0.2503075897693634, 0.25038960576057434, 0.24944636225700378, 0.24942585825920105, 0.24942585825920105, 0.24940535426139832, 0.24942585825920105, 0.24946686625480652, 0.24946686625480652, 0.24958989024162292, 0.24954888224601746, 0.24954888224601746, 0.2495693862438202, 0.2495693862438202, 0.2495693862438202, 0.2495693862438202, 0.2495693862438202, 0.2495693862438202, 0.2495693862438202, 0.2495693862438202, 0.2495693862438202, 0.2495693862438202, 0.2495693862438202, 0.2495693862438202, 0.2495693862438202, 0.2495693862438202, 0.2495693862438202, 0.2495693862438202, 0.2495693862438202, 0.2495693862438202, 0.2495693862438202, 0.2495693862438202, 0.2495693862438202], "mass|in": [0.034899547696113586, 0.03963267803192139, 0.053896404802799225, 0.08772402256727219, 0.0424371100962162, 0.043860629200935364, 0.04385693743824959, 0.04386165365576744, 0.04472755640745163, 0.044991329312324524, 0.04394024983048439, 0.0439181886613369, 0.04391883313655853, 0.04391520842909813, 0.043917328119277954, 0.04396291449666023, 0.04396319389343262, 0.04408794641494751, 0.044087447226047516, 0.04408743605017662, 0.044087786227464676, 0.044087786227464676, 0.04408779740333557, 0.04408777877688408, 0.044087618589401245, 0.044087618589401245, 0.04408760741353035, 0.044087547808885574, 0.04408752918243408, 0.044087544083595276, 0.04408753663301468, 0.04408753663301468, 0.04408741742372513, 0.04408741742372513, 0.04408741742372513, 0.04408741742372513, 0.04408738762140274, 0.04408738762140274, 0.04408738762140274, 0.04408738762140274, 0.04408738762140274], "legal|ood 5x5": [0.03719652071595192, 0.1209399625658989, 0.16859416663646698, 0.23786088824272156, 0.16986548900604248, 0.16888123750686646, 0.16900426149368286, 0.16904526948928833, 0.17052164673805237, 0.17031660676002502, 0.16966043412685394, 0.16974245011806488, 0.16974245011806488, 0.16974245011806488, 0.16974245011806488, 0.1697014421224594, 0.1697014421224594, 0.1697014421224594, 0.1697014421224594, 0.1697014421224594, 0.16966043412685394, 0.16966043412685394, 0.16966043412685394, 0.16966043412685394, 0.16966043412685394, 0.16966043412685394, 0.16966043412685394, 0.16966043412685394, 0.16966043412685394, 0.16966043412685394, 0.16966043412685394, 0.16966043412685394, 0.16966043412685394, 0.16966043412685394, 0.16966043412685394, 0.16966043412685394, 0.16966043412685394, 0.16966043412685394, 0.16966043412685394, 0.16966043412685394, 0.16966043412685394], "mass|ood 5x5": [0.03662514686584473, 0.038409631699323654, 0.04344805330038071, 0.05827890709042549, 0.04392852261662483, 0.043284326791763306, 0.04328104481101036, 0.043290216475725174, 0.04430369287729263, 0.04436640068888664, 0.04382349178195, 0.0438200868666172, 0.04382067918777466, 0.043818335980176926, 0.0438196174800396, 0.043828267604112625, 0.04382928088307381, 0.04383435472846031, 0.043834540992975235, 0.043834514915943146, 0.04383436590433121, 0.04383435472846031, 0.0438343845307827, 0.04383435472846031, 0.04383407533168793, 0.04383406415581703, 0.04383406043052673, 0.043833956122398376, 0.04383391886949539, 0.04383394122123718, 0.04383392632007599, 0.04383392632007599, 0.043833713978528976, 0.043833713978528976, 0.043833713978528976, 0.043833713978528976, 0.04383367672562599, 0.043833665549755096, 0.043833665549755096, 0.043833665549755096, 0.043833665549755096], "legal|ood 6x6": [0.038508858531713486, 0.09916338324546814, 0.12885499000549316, 0.20025426149368286, 0.13918963074684143, 0.13943569362163544, 0.13931266963481903, 0.13939468562602997, 0.14033792912960052, 0.14046095311641693, 0.1395997405052185, 0.1395997405052185, 0.1395997405052185, 0.1395997405052185, 0.1395997405052185, 0.1395997405052185, 0.1395997405052185, 0.13964074850082397, 0.1395997405052185, 0.1395997405052185, 0.13964074850082397, 0.13964074850082397, 0.13964074850082397, 0.13964074850082397, 0.13964074850082397, 0.13964074850082397, 0.13964074850082397, 0.13964074850082397, 0.13964074850082397, 0.13964074850082397, 0.13964074850082397, 0.13964074850082397, 0.13964074850082397, 0.13964074850082397, 0.13964074850082397, 0.13964074850082397, 0.13964074850082397, 0.13964074850082397, 0.13964074850082397, 0.13964074850082397, 0.13964074850082397], "mass|ood 6x6": [0.03725114092230797, 0.03840800002217293, 0.04148685559630394, 0.05268197879195213, 0.04053554683923721, 0.04076389595866203, 0.04075959324836731, 0.04077564552426338, 0.04156894236803055, 0.04166646674275398, 0.040969181805849075, 0.040963251143693924, 0.04096391052007675, 0.04096171632409096, 0.04096301645040512, 0.04097935929894447, 0.04098254069685936, 0.04100961610674858, 0.04100969433784485, 0.04100964590907097, 0.04101201891899109, 0.041012004017829895, 0.04101206734776497, 0.041011992841959, 0.041011229157447815, 0.04101121053099632, 0.04101118445396423, 0.04101090505719185, 0.041010815650224686, 0.04101087525486946, 0.041010838001966476, 0.041010838001966476, 0.04101027920842171, 0.04101027920842171, 0.04101027920842171, 0.04101027920842171, 0.04101016744971275, 0.041010159999132156, 0.04101015627384186, 0.04101015627384186, 0.04101015627384186], "config": {"topology": "cylinder", "n_layer": 3, "d_model": 128, "n_params": 320512}}