{"step": [0, 200, 400, 600, 800, 1000, 1200, 1400, 1600, 1800, 2000, 2200, 2400, 2600, 2800, 3000, 3200, 3400, 3600, 3800, 4000, 4200, 4400, 4600, 4800, 5000, 5200, 5400, 5600, 5800, 6000, 6200, 6400, 6600, 6800, 7000, 7200, 7400, 7600, 7800, 8000], "loss": [4.608343601226807, 4.600602149963379, 4.5934882164001465, 4.578278541564941, 4.55797004699707, 4.550864219665527, 4.531248569488525, 4.53192663192749, 4.52069616317749, 4.51651668548584, 4.498610496520996, 4.497754096984863, 4.490821838378906, 4.466901779174805, 4.460438251495361, 4.468405246734619, 4.436825752258301, 4.433053016662598, 4.479578971862793, 4.450626373291016, 4.454195976257324, 4.441897392272949, 4.429825782775879, 4.427180290222168, 4.456082820892334, 4.4047746658325195, 4.398475646972656, 4.415107727050781, 4.395951271057129, 4.401745319366455, 4.391129016876221, 4.395548343658447, 4.384182453155518, 4.390844821929932, 4.392284870147705, 4.386931896209717, 4.388669967651367, 4.378304958343506, 4.371025085449219, 4.382229804992676, 4.386353492736816], "legal|in": [0.04431184381246567, 0.09213008731603622, 0.10802165418863297, 0.14599737524986267, 0.1805282086133957, 0.17285925149917603, 0.19617371261119843, 0.2108144611120224, 0.22137467563152313, 0.22707512974739075, 0.232078418135643, 0.23767633736133575, 0.24762138724327087, 0.2544906437397003, 0.2599450349807739, 0.26396408677101135, 0.2706487774848938, 0.27456527948379517, 0.25656166672706604, 0.26675277948379517, 0.2725352644920349, 0.2748318612575531, 0.2785843312740326, 0.28254184126853943, 0.28520750999450684, 0.2876066267490387, 0.2900877594947815, 0.2928764820098877, 0.295890748500824, 0.2986384630203247, 0.3006889820098877, 0.30284202098846436, 0.3048515319824219, 0.3039082884788513, 0.3054667115211487, 0.3063074052333832, 0.30690205097198486, 0.3073531687259674, 0.30745571851730347, 0.3075787425041199, 0.3075787425041199], "mass|in": [0.0400310717523098, 0.04091448709368706, 0.04162321239709854, 0.04466656222939491, 0.04845946654677391, 0.045725785195827484, 0.05036894232034683, 0.05204849690198898, 0.05504525080323219, 0.0565313920378685, 0.05856449902057648, 0.06006555259227753, 0.06300223618745804, 0.06495090574026108, 0.06705158203840256, 0.06717835366725922, 0.06930077821016312, 0.07137542217969894, 0.06169218569993973, 0.06652135401964188, 0.06922760605812073, 0.07034122198820114, 0.07186535000801086, 0.07438068091869354, 0.07381007820367813, 0.07674996554851532, 0.07820045202970505, 0.07911375910043716, 0.08009987324476242, 0.08089519292116165, 0.08115576207637787, 0.08273091912269592, 0.08263561129570007, 0.07869678735733032, 0.08115842938423157, 0.08252354711294174, 0.0832948088645935, 0.0836343839764595, 0.0838293507695198, 0.08390723168849945, 0.08391838520765305], "legal|ood 5x5": [0.03994422405958176, 0.05897309631109238, 0.07714074850082397, 0.09723589569330215, 0.1104002594947815, 0.10014763474464417, 0.11368110030889511, 0.12520505487918854, 0.13029035925865173, 0.13357119262218475, 0.13549868762493134, 0.1363188922405243, 0.141117125749588, 0.14402887225151062, 0.1469816267490387, 0.14936023950576782, 0.15264107286930084, 0.15403543412685394, 0.14411088824272156, 0.15018044412136078, 0.15387138724327087, 0.15817749500274658, 0.16067913174629211, 0.16277067363262177, 0.16486220061779022, 0.16658464074134827, 0.1687171906232834, 0.17146489024162292, 0.173925518989563, 0.1750328093767166, 0.17728838324546814, 0.1799950748682022, 0.18122538924217224, 0.1799950748682022, 0.18134842813014984, 0.18261975049972534, 0.1831938922405243, 0.18348096311092377, 0.1836860179901123, 0.18372702598571777, 0.18376804888248444], "mass|ood 5x5": [0.03995440900325775, 0.04024893417954445, 0.04063429683446884, 0.041645828634500504, 0.0427989698946476, 0.04222606495022774, 0.043771229684352875, 0.04451517015695572, 0.045485347509384155, 0.04607504978775978, 0.04673510789871216, 0.047229476273059845, 0.04814232885837555, 0.04870273172855377, 0.04941129311919212, 0.04952162876725197, 0.05013435706496239, 0.050833024084568024, 0.04767738655209541, 0.04926300048828125, 0.05022584646940231, 0.050726331770420074, 0.05126168578863144, 0.05208464339375496, 0.05201082304120064, 0.05301356315612793, 0.05355663597583771, 0.05394570156931877, 0.05434877797961235, 0.05472288280725479, 0.05489884689450264, 0.055478136986494064, 0.055511996150016785, 0.05422797426581383, 0.05506514385342598, 0.05554281175136566, 0.05582372844219208, 0.05595570057630539, 0.056030984967947006, 0.056061286479234695, 0.05606570839881897], "legal|ood 6x6": [0.04064140468835831, 0.05479002743959427, 0.05860400199890137, 0.0753362849354744, 0.08423556387424469, 0.07894521206617355, 0.08677821606397629, 0.09358596056699753, 0.09625163674354553, 0.09727690368890762, 0.10059875249862671, 0.10383858531713486, 0.10884186625480652, 0.11044127494096756, 0.11195866018533707, 0.11425524950027466, 0.1183973103761673, 0.12143208831548691, 0.11240977793931961, 0.1172490119934082, 0.12057086825370789, 0.12401574850082397, 0.12782973051071167, 0.13074146211147308, 0.13254593312740326, 0.1370570808649063, 0.1402558982372284, 0.14181430637836456, 0.1443159431219101, 0.14632545411586761, 0.1482529491186142, 0.14981135725975037, 0.15071357786655426, 0.14960630238056183, 0.1514107584953308, 0.15251804888248444, 0.1533382534980774, 0.153461292386055, 0.15350230038166046, 0.1535843163728714, 0.1535843163728714], "mass|ood 6x6": [0.03999875485897064, 0.04011940956115723, 0.04033619165420532, 0.04088731110095978, 0.04152308404445648, 0.041397593915462494, 0.04231102019548416, 0.04273856803774834, 0.04327850788831711, 0.04367666319012642, 0.04407970607280731, 0.04441771283745766, 0.04503845423460007, 0.045419562608003616, 0.04591628909111023, 0.04608582705259323, 0.04654530808329582, 0.047104451805353165, 0.04498107731342316, 0.046060383319854736, 0.046763136982917786, 0.047168295830488205, 0.047571808099746704, 0.04819244146347046, 0.04817880690097809, 0.04889186844229698, 0.049318067729473114, 0.04962081089615822, 0.049934402108192444, 0.050240397453308105, 0.05039030686020851, 0.050834134221076965, 0.05088360980153084, 0.050015196204185486, 0.05061770975589752, 0.05096512287855148, 0.051167406141757965, 0.05126364529132843, 0.05131865292787552, 0.05134065821766853, 0.05134394392371178], "config": {"topology": "torus", "n_layer": 3, "d_model": 32, "n_params": 24832}}