{"step": [0, 200, 400, 600, 800, 1000, 1200, 1400, 1600, 1800, 2000, 2200, 2400, 2600, 2800, 3000, 3200, 3400, 3600, 3800, 4000, 4200, 4400, 4600, 4800, 5000, 5200, 5400, 5600, 5800, 6000, 6200, 6400, 6600, 6800, 7000, 7200, 7400, 7600, 7800, 8000], "loss": [4.607363700866699, 4.590975284576416, 4.547816753387451, 4.497785568237305, 4.490935325622559, 4.4591145515441895, 4.399562358856201, 4.345474720001221, 4.301419734954834, 4.263575077056885, 4.273343563079834, 4.249266147613525, 4.213758945465088, 4.179834842681885, 4.126202583312988, 4.076903343200684, 4.058286666870117, 4.021814346313477, 4.015110492706299, 3.9936721324920654, 3.9609122276306152, 3.949643611907959, 3.910999298095703, 3.881639242172241, 3.8865034580230713, 3.8629605770111084, 3.8337764739990234, 3.830118417739868, 3.7771952152252197, 3.781656503677368, 3.7896666526794434, 3.7669568061828613, 3.758443593978882, 3.746572494506836, 3.7472705841064453, 3.7637293338775635, 3.7429556846618652, 3.7414956092834473, 3.7471704483032227, 3.743154764175415, 3.7353272438049316], "legal|in": [0.034407809376716614, 0.1003526896238327, 0.2071235179901123, 0.25026658177375793, 0.26279526948928833, 0.28740158677101135, 0.30848097801208496, 0.3232652544975281, 0.3396284580230713, 0.35902640223503113, 0.355663537979126, 0.3695661127567291, 0.3729904890060425, 0.38701608777046204, 0.40266159176826477, 0.41523128747940063, 0.4253198802471161, 0.4395095109939575, 0.4496801197528839, 0.46042487025260925, 0.46985727548599243, 0.47974079847335815, 0.4883735179901123, 0.4964936077594757, 0.5052493214607239, 0.5127542614936829, 0.5176960229873657, 0.5244832634925842, 0.5304502844810486, 0.5362327694892883, 0.541789710521698, 0.5463213324546814, 0.5497867465019226, 0.5528420209884644, 0.5547490119934082, 0.5573531985282898, 0.5587475299835205, 0.559465229511261, 0.5598548054695129, 0.5599368214607239, 0.5600188374519348], "mass|in": [0.0348811075091362, 0.03638724237680435, 0.045215215533971786, 0.05575307086110115, 0.048919644206762314, 0.065446637570858, 0.07770367711782455, 0.08825401216745377, 0.09731651842594147, 0.11387088894844055, 0.10400684922933578, 0.11786907911300659, 0.12058684229850769, 0.13018137216567993, 0.1443549543619156, 0.1522279679775238, 0.1523858606815338, 0.16271758079528809, 0.17479203641414642, 0.1826367974281311, 0.19083313643932343, 0.19738171994686127, 0.2040640413761139, 0.21067576110363007, 0.21377375721931458, 0.22196325659751892, 0.2271067500114441, 0.23126564919948578, 0.23491938412189484, 0.2368347942829132, 0.24248173832893372, 0.24500112235546112, 0.24755403399467468, 0.24819184839725494, 0.25090402364730835, 0.25121361017227173, 0.25251251459121704, 0.2528948187828064, 0.25320199131965637, 0.2530873715877533, 0.2531048655509949], "legal|ood 5x5": [0.040149278938770294, 0.07615649700164795, 0.1325049251317978, 0.158792644739151, 0.1576443612575531, 0.1784776896238327, 0.19529199600219727, 0.21415682137012482, 0.23367781937122345, 0.25360891222953796, 0.24934382736682892, 0.2639845907688141, 0.2682906687259674, 0.28395670652389526, 0.30036088824272156, 0.31573984026908875, 0.3287811577320099, 0.342191606760025, 0.35285434126853943, 0.3665928542613983, 0.3784038722515106, 0.39029690623283386, 0.4030511677265167, 0.4159284830093384, 0.42577099800109863, 0.4401656687259674, 0.4485728442668915, 0.45710301399230957, 0.46575623750686646, 0.4725639820098877, 0.48035597801208496, 0.4842519760131836, 0.48827099800109863, 0.4920029640197754, 0.49438154697418213, 0.49753937125205994, 0.4988517165184021, 0.5006561875343323, 0.5014353394508362, 0.5018454790115356, 0.5018864870071411], "mass|ood 5x5": [0.036629024893045425, 0.03719833865761757, 0.040250133723020554, 0.04388121888041496, 0.042121827602386475, 0.04794635251164436, 0.05294732749462128, 0.0577569380402565, 0.06286949664354324, 0.07083656638860703, 0.06599217653274536, 0.07277274131774902, 0.07527554780244827, 0.08040867000818253, 0.08817899972200394, 0.09267851710319519, 0.09412209689617157, 0.09992200881242752, 0.10657422244548798, 0.11117926985025406, 0.11630050092935562, 0.12050218135118484, 0.12491129338741302, 0.12919621169567108, 0.13132146000862122, 0.13665463030338287, 0.14035603404045105, 0.14306838810443878, 0.1455724984407425, 0.14680127799510956, 0.1504579335451126, 0.15213090181350708, 0.15378497540950775, 0.1541607677936554, 0.1559995859861374, 0.1562839150428772, 0.15712188184261322, 0.15734000504016876, 0.15755586326122284, 0.15748143196105957, 0.15749303996562958], "legal|ood 6x6": [0.04240485653281212, 0.06393536925315857, 0.1004757210612297, 0.11671587824821472, 0.12171915918588638, 0.13992781937122345, 0.15977689623832703, 0.18007710576057434, 0.20152558386325836, 0.22555774450302124, 0.21792979538440704, 0.2358923852443695, 0.24159285426139832, 0.25869423151016235, 0.2788713872432709, 0.29375821352005005, 0.3081938922405243, 0.32308071851730347, 0.337680459022522, 0.3518700897693634, 0.3683972954750061, 0.38435038924217224, 0.39858102798461914, 0.4101870059967041, 0.420316606760025, 0.43085628747940063, 0.440042644739151, 0.4484087824821472, 0.45734909176826477, 0.4653051197528839, 0.47239992022514343, 0.47810038924217224, 0.48179134726524353, 0.4875327944755554, 0.49105972051620483, 0.49347934126853943, 0.49458661675453186, 0.495898962020874, 0.4964320957660675, 0.4965551197528839, 0.4965551197528839], "mass|ood 6x6": [0.037252094596624374, 0.03761356696486473, 0.03920011967420578, 0.04129580408334732, 0.04062481224536896, 0.044248852878808975, 0.04799140989780426, 0.05200943350791931, 0.05623175948858261, 0.06272037327289581, 0.059213634580373764, 0.06448005139827728, 0.06550104916095734, 0.07005803287029266, 0.07671211659908295, 0.08082865178585052, 0.08293170481920242, 0.0879906713962555, 0.093418188393116, 0.09727199375629425, 0.1016300618648529, 0.10523848235607147, 0.10908374190330505, 0.11263271421194077, 0.11446161568164825, 0.11891862004995346, 0.12180674821138382, 0.1240362823009491, 0.12617963552474976, 0.12736518681049347, 0.13047750294208527, 0.13175642490386963, 0.13318262994289398, 0.13345924019813538, 0.13500235974788666, 0.13527639210224152, 0.13603805005550385, 0.13622155785560608, 0.13639913499355316, 0.13633503019809723, 0.13634492456912994], "config": {"topology": "cylinder", "n_layer": 3, "d_model": 64, "n_params": 86528}}