{"step": [0, 100, 200, 300, 400, 500, 600, 700, 800, 900, 1000, 1100, 1200, 1300, 1400, 1500, 1600, 1700, 1800, 1900, 2000, 2100, 2200, 2300, 2400, 2500, 2600, 2700, 2800, 2900, 3000, 3100, 3200, 3300, 3400, 3500, 3600, 3700, 3800, 3900, 4000], "loss": [4.619164943695068, 4.612709045410156, 4.597550392150879, 4.50727653503418, 4.145500659942627, 3.387470006942749, 2.888277292251587, 2.545323371887207, 2.290198564529419, 2.011653184890747, 1.8888757228851318, 1.8375585079193115, 1.6865274906158447, 1.6352760791778564, 1.5889997482299805, 1.5282766819000244, 1.5443875789642334, 1.4704028367996216, 1.4307197332382202, 1.402557134628296, 1.4295480251312256, 1.400769591331482, 1.3435615301132202, 1.3944134712219238, 1.361599326133728, 1.3648035526275635, 1.3422291278839111, 1.3272886276245117, 1.2652496099472046, 1.338399887084961, 1.2355093955993652, 1.25711190700531, 1.245193600654602, 1.2995918989181519, 1.253709316253662, 1.294293761253357, 1.2874765396118164, 1.2911747694015503, 1.1996138095855713, 1.2910687923431396, 1.2588406801223755], "acc@5": [0.00989440269768238, 0.010581215843558311, 0.030327094718813896, 0.0920758917927742, 0.19741585850715637, 0.3397793471813202, 0.42994505167007446, 0.5441706776618958, 0.600661039352417, 0.6484589576721191, 0.6973085403442383, 0.7105082273483276, 0.7281507849693298, 0.7412645816802979, 0.7665693759918213, 0.78125, 0.7913160920143127, 0.7865084409713745, 0.7978193759918213, 0.8065977096557617, 0.8070054650306702, 0.8145604133605957, 0.8158053159713745, 0.820119321346283, 0.8215144276618958, 0.8274596333503723, 0.8297132849693298, 0.8283396363258362, 0.8326966166496277, 0.8334263563156128, 0.8326966166496277, 0.8352721333503723, 0.8344136476516724, 0.8344780206680298, 0.8379335403442383, 0.8374828100204468, 0.8388993740081787, 0.8387061953544617, 0.8388993740081787, 0.8386632800102234, 0.8388135433197021], "acc@10": [0.00983375683426857, 0.010969295166432858, 0.026321766898036003, 0.05873001366853714, 0.122660793364048, 0.277911514043808, 0.3545148968696594, 0.4706804156303406, 0.5262309312820435, 0.5543922781944275, 0.5932503342628479, 0.6298828125, 0.6427143812179565, 0.6711255311965942, 0.6793241500854492, 0.7011264562606812, 0.7151616811752319, 0.7147074937820435, 0.7266533374786377, 0.7374409437179565, 0.7383493781089783, 0.7431867718696594, 0.7441860437393188, 0.7497274875640869, 0.7497501969337463, 0.757381021976471, 0.7628769874572754, 0.7619685530662537, 0.7588117718696594, 0.7633312344551086, 0.766170084476471, 0.7652162313461304, 0.7616960406303406, 0.7663063406944275, 0.7660337686538696, 0.7663290500640869, 0.7658748030662537, 0.7668513655662537, 0.7669194936752319, 0.7669876217842102, 0.7672374844551086], "acc@15": [0.010464891791343689, 0.011549961753189564, 0.023413388058543205, 0.055844906717538834, 0.17001833021640778, 0.29050925374031067, 0.32228973507881165, 0.42527487874031067, 0.46269771456718445, 0.5002170205116272, 0.5405092835426331, 0.5270785093307495, 0.5373263955116272, 0.5413773059844971, 0.5407986044883728, 0.5476707220077515, 0.5652729272842407, 0.5646701455116272, 0.560571014881134, 0.5553867816925049, 0.5582079291343689, 0.5603298544883728, 0.5617284178733826, 0.5557725429534912, 0.563392162322998, 0.5749903321266174, 0.5736159086227417, 0.5664544701576233, 0.5783902406692505, 0.5691309571266174, 0.5656828880310059, 0.5680217742919922, 0.575641393661499, 0.5715904831886292, 0.5735676884651184, 0.5750144720077515, 0.5759548544883728, 0.5748938918113708, 0.5759548544883728, 0.576171875, 0.5761236548423767], "acc@20": [0.008429276756942272, 0.008480674587190151, 0.017449630424380302, 0.03379420191049576, 0.03176398202776909, 0.15352590382099152, 0.18953022360801697, 0.25138774514198303, 0.3061780333518982, 0.32773950695991516, 0.34855571389198303, 0.3657483458518982, 0.36328125, 0.3827610909938812, 0.40121299028396606, 0.41881680488586426, 0.4211554229259491, 0.42881372570991516, 0.4359837472438812, 0.4435906708240509, 0.4472913146018982, 0.4517115652561188, 0.45715975761413574, 0.4606548249721527, 0.47304174304008484, 0.4767937958240509, 0.48229336738586426, 0.4904913604259491, 0.4878443777561188, 0.49943462014198303, 0.5003340840339661, 0.49789267778396606, 0.4990748465061188, 0.5037006735801697, 0.5041889548301697, 0.5052425861358643, 0.5061677694320679, 0.5071186423301697, 0.5078638792037964, 0.5083778500556946, 0.5082750916481018], "acc@25": [0.00836267601698637, 0.008445202372968197, 0.016450263559818268, 0.017963247373700142, 0.008500220254063606, 0.010700924322009087, 0.01361685711890459, 0.014634682796895504, 0.015212368220090866, 0.01856844127178192, 0.030067121610045433, 0.03647667169570923, 0.04797535389661789, 0.0532570406794548, 0.059886664152145386, 0.06728652864694595, 0.07889524847269058, 0.07144036144018173, 0.07663952559232712, 0.08577244728803635, 0.08277399092912674, 0.08588248491287231, 0.09149427711963654, 0.09773878008127213, 0.10015954822301865, 0.10192011296749115, 0.11495928466320038, 0.12307438254356384, 0.12775087356567383, 0.13308759033679962, 0.13542583584785461, 0.13916704058647156, 0.14233054220676422, 0.14653939008712769, 0.14887763559818268, 0.14962038397789001, 0.14997799694538116, 0.15179356932640076, 0.150775745511055, 0.15099582076072693, 0.15105083584785461], "acc@30": [0.010002367198467255, 0.010031959973275661, 0.013849431648850441, 0.01825875975191593, 0.018909800797700882, 0.005563446786254644, 0.004941998049616814, 0.008611505851149559, 0.006687973625957966, 0.00727982958778739, 0.014411695301532745, 0.01627604104578495, 0.02080374024808407, 0.025035511702299118, 0.028409091755747795, 0.03486032038927078, 0.04000946879386902, 0.03935842961072922, 0.04341264069080353, 0.04965672269463539, 0.0491536445915699, 0.04941998049616814, 0.05536813288927078, 0.06051728129386902, 0.07143702358007431, 0.0764973983168602, 0.08848248422145844, 0.10259824991226196, 0.10691879689693451, 0.12082741409540176, 0.12310606241226196, 0.1295572966337204, 0.13594934344291687, 0.14124645292758942, 0.1443832814693451, 0.1463068127632141, 0.14710582792758942, 0.14882220327854156, 0.1498875468969345, 0.15012429654598236, 0.15018346905708313], "config": {"n_layer": 2, "d_model": 32, "n_head": 1, "n_params": 18688}}