{"step": [0, 200, 400, 600, 800, 1000, 1200, 1400, 1600, 1800, 2000, 2200, 2400, 2600, 2800, 3000, 3200, 3400, 3600, 3800, 4000, 4200, 4400, 4600, 4800, 5000, 5200, 5400, 5600, 5800, 6000, 6200, 6400, 6600, 6800, 7000, 7200, 7400, 7600, 7800, 8000], "loss": [4.615816116333008, 3.9827449321746826, 3.462291717529297, 3.3457047939300537, 3.3086252212524414, 3.3026301860809326, 3.28230357170105, 3.281582832336426, 3.269993782043457, 3.252929210662842, 3.245450019836426, 3.237076759338379, 3.215548038482666, 3.204292058944702, 3.1651222705841064, 3.153357744216919, 3.143235206604004, 3.1299097537994385, 3.11899471282959, 3.1111652851104736, 3.10486102104187, 3.0964860916137695, 3.093284845352173, 3.0884599685668945, 3.094716787338257, 3.072012186050415, 3.0844364166259766, 3.076362371444702, 3.0643367767333984, 3.0725185871124268, 3.0714080333709717, 3.063439130783081, 3.071105718612671, 3.0571370124816895, 3.0660147666931152, 3.052694797515869, 3.0554661750793457, 3.0504608154296875, 3.062886953353882, 3.055595636367798, 3.0531489849090576], "legal|in": [0.043450623750686646, 0.4319430887699127, 0.6105437874794006, 0.6390460729598999, 0.6575213074684143, 0.6673228144645691, 0.6856340169906616, 0.6891814470291138, 0.6910679340362549, 0.7022022604942322, 0.7149770259857178, 0.7105274200439453, 0.7197957634925842, 0.7284899950027466, 0.7298638224601746, 0.73771733045578, 0.7399114370346069, 0.7534448504447937, 0.7629387974739075, 0.7595759630203247, 0.7617084980010986, 0.7687007784843445, 0.7770669460296631, 0.7695825099945068, 0.7740526795387268, 0.7793635129928589, 0.7845513224601746, 0.7809834480285645, 0.7827674150466919, 0.7858636975288391, 0.7851049900054932, 0.7875655889511108, 0.7895340919494629, 0.7911335229873657, 0.7925894260406494, 0.7923638224601746, 0.7914820909500122, 0.7928149700164795, 0.7933480739593506, 0.7926714420318604, 0.793471097946167], "mass|in": [0.03999658301472664, 0.18218940496444702, 0.34134113788604736, 0.37799572944641113, 0.3852502107620239, 0.39838749170303345, 0.4019319713115692, 0.40788447856903076, 0.4094725549221039, 0.4180488884449005, 0.4107280373573303, 0.4180324971675873, 0.41267678141593933, 0.4085518717765808, 0.40329083800315857, 0.399582177400589, 0.40135031938552856, 0.3987584412097931, 0.4020870327949524, 0.39825722575187683, 0.3995486795902252, 0.4010753035545349, 0.4039158523082733, 0.3995656967163086, 0.4018350839614868, 0.4017442762851715, 0.40095892548561096, 0.40036049485206604, 0.4003220498561859, 0.4019812345504761, 0.40310707688331604, 0.3999723494052887, 0.40206828713417053, 0.40339648723602295, 0.4031085968017578, 0.4015873074531555, 0.4022272825241089, 0.4026058316230774, 0.4034901261329651, 0.40276899933815, 0.40306782722473145], "legal|ood 5x5": [0.04043634980916977, 0.3102034032344818, 0.547941267490387, 0.588295578956604, 0.6085547804832458, 0.6237286925315857, 0.6454232335090637, 0.6549376845359802, 0.650098443031311, 0.6573572754859924, 0.6737204790115356, 0.6736794710159302, 0.6858595609664917, 0.6836450099945068, 0.6880741715431213, 0.6910269260406494, 0.702058732509613, 0.7141978144645691, 0.7151000499725342, 0.7178067564964294, 0.7246145009994507, 0.7234252095222473, 0.729986846446991, 0.7266240119934082, 0.7262139320373535, 0.7377378344535828, 0.7417158484458923, 0.7365485429763794, 0.7436023354530334, 0.741797924041748, 0.7431102395057678, 0.7505331039428711, 0.7484005689620972, 0.7511482834815979, 0.7532808184623718, 0.7562745809555054, 0.7546342015266418, 0.7540600299835205, 0.7543880939483643, 0.755085289478302, 0.7547162175178528], "mass|ood 5x5": [0.04000437632203102, 0.0956689789891243, 0.1866433024406433, 0.20673392713069916, 0.21186673641204834, 0.22082437574863434, 0.2219950407743454, 0.22735102474689484, 0.22830648720264435, 0.2367871105670929, 0.23282402753829956, 0.24200963973999023, 0.24477729201316833, 0.24394294619560242, 0.24610736966133118, 0.24374744296073914, 0.24767039716243744, 0.24774834513664246, 0.25010016560554504, 0.24877628684043884, 0.2513255178928375, 0.25087568163871765, 0.25356829166412354, 0.250089555978775, 0.2513156533241272, 0.253231406211853, 0.2516806125640869, 0.25181716680526733, 0.25201335549354553, 0.2517942190170288, 0.25290408730506897, 0.2514224052429199, 0.25316938757896423, 0.2537340819835663, 0.25338849425315857, 0.2529364228248596, 0.25291603803634644, 0.25317686796188354, 0.25367555022239685, 0.2533591091632843, 0.253519743680954], "legal|ood 6x6": [0.03879593312740326, 0.2728428542613983, 0.5317831635475159, 0.5727115869522095, 0.6040025949478149, 0.6090469360351562, 0.632422924041748, 0.6336942315101624, 0.63750821352005, 0.6413221955299377, 0.6647801995277405, 0.6550197005271912, 0.6607611775398254, 0.6553477644920349, 0.6555938124656677, 0.6499343514442444, 0.6640830039978027, 0.6682250499725342, 0.6764681935310364, 0.6685531735420227, 0.6692503094673157, 0.6715879440307617, 0.6782726645469666, 0.6721620559692383, 0.6751148104667664, 0.681061327457428, 0.6934055089950562, 0.6829068064689636, 0.69197016954422, 0.6897965669631958, 0.6868438124656677, 0.6938565969467163, 0.6916830539703369, 0.692585289478302, 0.693938672542572, 0.6963172554969788, 0.694922924041748, 0.6956610679626465, 0.6952509880065918, 0.6953740119934082, 0.6952099800109863], "mass|ood 6x6": [0.03997313976287842, 0.07967858016490936, 0.14786575734615326, 0.1626366674900055, 0.1658410131931305, 0.17300830781459808, 0.17382612824440002, 0.1772611290216446, 0.17596448957920074, 0.18368354439735413, 0.18061059713363647, 0.1876041293144226, 0.19074475765228271, 0.19048991799354553, 0.19336578249931335, 0.19234080612659454, 0.19609162211418152, 0.19629228115081787, 0.1976192742586136, 0.19749975204467773, 0.19952648878097534, 0.19839636981487274, 0.2011892944574356, 0.1988082081079483, 0.19988828897476196, 0.2019411027431488, 0.2001456767320633, 0.1997527927160263, 0.20121869444847107, 0.2005774825811386, 0.2010425180196762, 0.2003127783536911, 0.20168720185756683, 0.20247843861579895, 0.2016838639974594, 0.20162247121334076, 0.2014971375465393, 0.20172178745269775, 0.20213842391967773, 0.20190037786960602, 0.2020239681005478], "config": {"topology": "torus", "n_layer": 2, "d_model": 128, "n_params": 222208}}