{"step": [0, 100, 200, 300, 400, 500, 600, 700, 800, 900, 1000, 1100, 1200, 1300, 1400, 1500, 1600, 1700, 1800, 1900, 2000, 2100, 2200, 2300, 2400, 2500, 2600, 2700, 2800, 2900, 3000, 3100, 3200, 3300, 3400, 3500, 3600, 3700, 3800, 3900, 4000], "loss": [4.6194305419921875, 4.60854434967041, 4.415482044219971, 3.311156988143921, 2.3894622325897217, 1.5115715265274048, 1.170470118522644, 1.0167162418365479, 0.9840556383132935, 0.928284764289856, 0.9130884408950806, 0.8787384033203125, 0.7785311937332153, 0.7683855891227722, 0.682044506072998, 0.5772024989128113, 0.49627256393432617, 0.3771184980869293, 0.29534733295440674, 0.23901553452014923, 0.19012854993343353, 0.17502179741859436, 0.15347398817539215, 0.147915780544281, 0.14851431548595428, 0.12916304171085358, 0.12450166791677475, 0.1266748309135437, 0.10882033407688141, 0.11554159224033356, 0.10534513741731644, 0.1066189557313919, 0.10071196407079697, 0.1135835126042366, 0.1041530966758728, 0.10375282168388367, 0.10492917150259018, 0.11309010535478592, 0.0965975895524025, 0.10702938586473465, 0.09848897904157639], "acc@5": [0.011053400114178658, 0.014981112442910671, 0.14307177066802979, 0.3542453646659851, 0.5614268779754639, 0.7848343253135681, 0.843041718006134, 0.8596754670143127, 0.8669299483299255, 0.8815891146659851, 0.8883499503135681, 0.8925995826721191, 0.8962053656578064, 0.9036529660224915, 0.9112508296966553, 0.9252876043319702, 0.9436383843421936, 0.9537903666496277, 0.9646934866905212, 0.9691148400306702, 0.9713470339775085, 0.9696300029754639, 0.9762620329856873, 0.9770346879959106, 0.9793311953544617, 0.9783439040184021, 0.9775712490081787, 0.98046875, 0.9791809916496277, 0.981520414352417, 0.9794600009918213, 0.9798678159713745, 0.9813057780265808, 0.9816492199897766, 0.9817779660224915, 0.9819711446762085, 0.9825077056884766, 0.9821428656578064, 0.9822501540184021, 0.9822930693626404, 0.9821643233299255], "acc@10": [0.009879178367555141, 0.014126090332865715, 0.08673238009214401, 0.34038880467414856, 0.5211210250854492, 0.711755096912384, 0.7921057343482971, 0.833984375, 0.8615779280662537, 0.8770893812179565, 0.8772710561752319, 0.8897392749786377, 0.8925327062606812, 0.9028206467628479, 0.9108603000640869, 0.9231922030448914, 0.9301871657371521, 0.9413154125213623, 0.9518077969551086, 0.9576444625854492, 0.9674555063247681, 0.9715434312820435, 0.9738144874572754, 0.9771757125854492, 0.9773346781730652, 0.9791061282157898, 0.9798328280448914, 0.9798328280448914, 0.9805595874786377, 0.9814226031303406, 0.9813317656517029, 0.9822174906730652, 0.9821039438247681, 0.9816951155662537, 0.9823310375213623, 0.9822402000427246, 0.982421875, 0.982421875, 0.982421875, 0.9824900031089783, 0.9824900031089783], "acc@15": [0.007740161847323179, 0.01022376585751772, 0.0815972238779068, 0.32315778732299805, 0.45244985818862915, 0.6335358619689941, 0.7168933153152466, 0.7437789440155029, 0.7477092742919922, 0.7510850429534912, 0.7625626921653748, 0.7483121156692505, 0.7531828880310059, 0.7484809160232544, 0.7683979272842407, 0.8067852854728699, 0.8597849011421204, 0.8956162929534912, 0.9244550466537476, 0.9423225522041321, 0.9542824029922485, 0.9610821604728699, 0.9647713899612427, 0.9690393805503845, 0.9693528413772583, 0.9713300466537476, 0.9734037518501282, 0.9739100933074951, 0.974585235118866, 0.9758149981498718, 0.9759355783462524, 0.9767071604728699, 0.9769965410232544, 0.9774064421653748, 0.9773823022842407, 0.9775752425193787, 0.9781057238578796, 0.9783227443695068, 0.9781539440155029, 0.9782021641731262, 0.9781780242919922], "acc@20": [0.007375616580247879, 0.00925164483487606, 0.048545435070991516, 0.12078536301851273, 0.2526727020740509, 0.44060957431793213, 0.5011821389198303, 0.5479029417037964, 0.5837787985801697, 0.6022563576698303, 0.6064453125, 0.6382092833518982, 0.6548108458518982, 0.6879369020462036, 0.7224506735801697, 0.7689144611358643, 0.8203638792037964, 0.8589124083518982, 0.8911903500556946, 0.9164525270462036, 0.9305869936943054, 0.9384508728981018, 0.9450297951698303, 0.9513774514198303, 0.9535104632377625, 0.9601922035217285, 0.9619140625, 0.9623766541481018, 0.96435546875, 0.96533203125, 0.9665141701698303, 0.96728515625, 0.9680047035217285, 0.9688013792037964, 0.9689041972160339, 0.9694438576698303, 0.9690070152282715, 0.9699835777282715, 0.9698550701141357, 0.9698550701141357, 0.9698807597160339], "acc@25": [0.009765625, 0.010976011864840984, 0.010453345254063606, 0.008747799322009087, 0.018403388559818268, 0.04211597889661789, 0.08538732677698135, 0.10304797440767288, 0.12651298940181732, 0.15061070024967194, 0.16073393821716309, 0.18989326059818268, 0.21212038397789001, 0.24854204058647156, 0.28226783871650696, 0.3324163854122162, 0.4205820858478546, 0.5126540660858154, 0.5904764533042908, 0.6443386673927307, 0.6877750754356384, 0.7177046537399292, 0.7415547966957092, 0.7608109712600708, 0.7820477485656738, 0.7974251508712769, 0.8034771084785461, 0.8110145330429077, 0.8180292844772339, 0.8205050826072693, 0.82658451795578, 0.8329665660858154, 0.8359925150871277, 0.8427596688270569, 0.8423195481300354, 0.8440250754356384, 0.8443551659584045, 0.848949134349823, 0.8468585014343262, 0.8476837873458862, 0.8478488326072693], "acc@30": [0.01083096582442522, 0.011393229477107525, 0.007427793461829424, 0.003225615480914712, 0.006776751950383186, 0.008345170877873898, 0.007546164561063051, 0.010505445301532745, 0.014056581072509289, 0.016542376950383186, 0.017666904255747795, 0.02766927145421505, 0.04406368359923363, 0.07238399982452393, 0.12405303120613098, 0.22058475017547607, 0.3014618754386902, 0.39752012491226196, 0.4563506245613098, 0.4988458752632141, 0.5430871248245239, 0.5845466256141663, 0.5969460010528564, 0.6118903756141663, 0.6287583112716675, 0.6466323137283325, 0.6575816869735718, 0.6653053760528564, 0.6751301884651184, 0.6788588762283325, 0.6823212504386902, 0.6888908743858337, 0.693418562412262, 0.7036280632019043, 0.7003728747367859, 0.7039240002632141, 0.7008463740348816, 0.7058179378509521, 0.7055811882019043, 0.7058475613594055, 0.7061434388160706], "config": {"n_layer": 2, "d_model": 64, "n_head": 1, "n_params": 61952}}