{"0": 1.0, "1": 0.7864014348605902, "2": 0.26085526315789476, "3": 0.26234364713627384}