{"step": [0, 200, 400, 600, 800, 1000, 1200, 1400, 1600, 1800, 2000, 2200, 2400, 2600, 2800, 3000, 3200, 3400, 3600, 3800, 4000, 4200, 4400, 4600, 4800, 5000, 5200, 5400, 5600, 5800, 6000, 6200, 6400, 6600, 6800, 7000, 7200, 7400, 7600, 7800, 8000], "loss": [4.616617202758789, 4.358741760253906, 3.833996057510376, 3.6239264011383057, 3.556107521057129, 3.512929677963257, 3.481407880783081, 3.512897253036499, 3.4832072257995605, 3.4420857429504395, 3.4333789348602295, 3.4421753883361816, 3.4295661449432373, 3.41994047164917, 3.4268128871917725, 3.4048285484313965, 3.4017105102539062, 3.41752290725708, 3.4051897525787354, 3.392662286758423, 3.400949239730835, 3.4001410007476807, 3.406723976135254, 3.3895909786224365, 3.407813787460327, 3.3822615146636963, 3.4042608737945557, 3.3883917331695557, 3.386284112930298, 3.3689229488372803, 3.380824565887451, 3.384371042251587, 3.3835549354553223, 3.3833236694335938, 3.401576042175293, 3.3922312259674072, 3.3726799488067627, 3.391223907470703, 3.3823254108428955, 3.3663928508758545, 3.3742570877075195], "legal|in": [0.0378526896238327, 0.3482201397418976, 0.5046136975288391, 0.5557127594947815, 0.577735424041748, 0.5982406735420227, 0.6148089170455933, 0.6214115619659424, 0.6335507035255432, 0.62947016954422, 0.6346374750137329, 0.6386975049972534, 0.6467970609664917, 0.6448285579681396, 0.6434342265129089, 0.6513082385063171, 0.6498318314552307, 0.6509596705436707, 0.6543020009994507, 0.658300518989563, 0.6577674150466919, 0.6591617465019226, 0.6632217764854431, 0.6615403294563293, 0.6597154140472412, 0.6619914770126343, 0.6635498404502869, 0.6595103144645691, 0.66094571352005, 0.6615813374519348, 0.6636934280395508, 0.6604330539703369, 0.6618274450302124, 0.6624220609664917, 0.6626476645469666, 0.6634678244590759, 0.6639804840087891, 0.6621965169906616, 0.6625655889511108, 0.6625245809555054, 0.6625450849533081], "mass|in": [0.0400226004421711, 0.09586197882890701, 0.22504755854606628, 0.281720370054245, 0.3100963532924652, 0.32750779390335083, 0.3331930339336395, 0.3423946797847748, 0.34257325530052185, 0.35091090202331543, 0.3564561903476715, 0.36030325293540955, 0.35756468772888184, 0.3584686815738678, 0.3681740462779999, 0.3623718023300171, 0.3613421320915222, 0.3645555377006531, 0.3643484115600586, 0.3619045615196228, 0.3658207654953003, 0.3648243844509125, 0.3693634569644928, 0.3687831461429596, 0.3688127100467682, 0.36909976601600647, 0.37049028277397156, 0.37120941281318665, 0.3720272481441498, 0.3711249530315399, 0.3698684871196747, 0.3709253668785095, 0.37213435769081116, 0.3729749023914337, 0.3719348907470703, 0.3721269369125366, 0.3720953166484833, 0.37267473340034485, 0.3726245164871216, 0.3727235496044159, 0.3726697564125061], "legal|ood 5x5": [0.035104986280202866, 0.21222932636737823, 0.39702263474464417, 0.4655921757221222, 0.5004510879516602, 0.5264107584953308, 0.5483103394508362, 0.5636892914772034, 0.5759104490280151, 0.5727525949478149, 0.5739419460296631, 0.5855069160461426, 0.5894849300384521, 0.5885416865348816, 0.5831692814826965, 0.5959235429763794, 0.5958415269851685, 0.6006807684898376, 0.6015009880065918, 0.602321207523346, 0.6035515069961548, 0.6044127345085144, 0.6090469360351562, 0.6049458384513855, 0.6030593514442444, 0.609375, 0.6089649200439453, 0.6043307185173035, 0.6060941815376282, 0.6069143414497375, 0.6099081635475159, 0.6082267165184021, 0.6086367964744568, 0.6099081635475159, 0.6078985929489136, 0.6088008284568787, 0.6096210479736328, 0.6072014570236206, 0.6083497405052185, 0.6083497405052185, 0.6085137724876404], "mass|ood 5x5": [0.03997063636779785, 0.06065624579787254, 0.12303745001554489, 0.15584632754325867, 0.1703537106513977, 0.1800108104944229, 0.18314220011234283, 0.1901618391275406, 0.18924398720264435, 0.19566568732261658, 0.19961115717887878, 0.20292960107326508, 0.2006685882806778, 0.20222064852714539, 0.20793657004833221, 0.20531153678894043, 0.20368528366088867, 0.20578107237815857, 0.20628879964351654, 0.20364224910736084, 0.2072182595729828, 0.20644709467887878, 0.21035920083522797, 0.21047841012477875, 0.20944611728191376, 0.21002139151096344, 0.2114015519618988, 0.21266843378543854, 0.21260599792003632, 0.21226368844509125, 0.21075507998466492, 0.21156981587409973, 0.21272936463356018, 0.2134479433298111, 0.21237464249134064, 0.21259769797325134, 0.21254375576972961, 0.21301347017288208, 0.21304048597812653, 0.21309751272201538, 0.21305106580257416], "legal|ood 6x6": [0.038877952843904495, 0.18462926149368286, 0.3822178542613983, 0.45866140723228455, 0.49610400199890137, 0.5264927744865417, 0.5588910579681396, 0.569020688533783, 0.5770177245140076, 0.5766075849533081, 0.5734907984733582, 0.5907972455024719, 0.5970718264579773, 0.5916174650192261, 0.5839895009994507, 0.5992864370346069, 0.5962105989456177, 0.5999425649642944, 0.6010908484458923, 0.6060941815376282, 0.6066682934761047, 0.6081857085227966, 0.6077755689620972, 0.60625821352005, 0.6016650199890137, 0.6068733334541321, 0.6116305589675903, 0.6035925149917603, 0.6051919460296631, 0.6055200099945068, 0.6091699600219727, 0.605273962020874, 0.605971097946167, 0.6059300899505615, 0.6066272854804993, 0.6077755689620972, 0.6072834730148315, 0.6065042614936829, 0.607324481010437, 0.6061761975288391, 0.6065042614936829], "mass|ood 6x6": [0.039963915944099426, 0.05411164462566376, 0.10077358782291412, 0.12670239806175232, 0.13778811693191528, 0.14575718343257904, 0.14770589768886566, 0.15326255559921265, 0.15120308101177216, 0.15574704110622406, 0.15894386172294617, 0.1619119644165039, 0.15993250906467438, 0.16144032776355743, 0.16528595983982086, 0.1631920039653778, 0.16172386705875397, 0.16393546760082245, 0.16394056379795074, 0.1618630290031433, 0.16479648649692535, 0.16388732194900513, 0.16755414009094238, 0.167188361287117, 0.16652511060237885, 0.1669856160879135, 0.1683424860239029, 0.169003427028656, 0.16891323029994965, 0.16898992657661438, 0.1678394228219986, 0.16827130317687988, 0.16916872560977936, 0.16977789998054504, 0.16883088648319244, 0.16908854246139526, 0.16898109018802643, 0.169311985373497, 0.16936002671718597, 0.1694057583808899, 0.16937094926834106], "config": {"topology": "torus", "n_layer": 2, "d_model": 64, "n_params": 61952}}