{
 "single-task grid (geodata)": {
  "org": -0.46802280173382976,
  "shares": {
   "embed": 0.0001586236187685841,
   "embed\u00d7o1": -0.018329597840272084,
   "embed\u00d7o2": -0.18088099514401795,
   "o1": -0.10219282558472158,
   "o1\u00d7o2": -0.33442796737370106,
   "o2": -0.364327237676056
  },
  "profile": {
   "1": -0.11998550081640139,
   "2": 0.030179027391870176,
   "3": -0.007263964181893636,
   "4": -0.04967912754183565
  }
 },
 "gridonly seed0": {
  "org": -0.21852906808767728,
  "shares": {
   "embed": -0.008006069356506492,
   "embed\u00d7o1": -0.02699387654588272,
   "embed\u00d7o2": -0.4525805682720613,
   "o1": -0.1056500196163746,
   "o1\u00d7o2": -0.20224701320552793,
   "o2": -0.20452245300364727
  },
  "profile": {
   "1": 0.06725889769089127,
   "2": 0.11790854112078077,
   "3": -0.03533544398467929,
   "4": -0.0566864681996372
  }
 },
 "gridonly seed2": {
  "org": 0.6108537074294584,
  "shares": {
   "embed": -0.0014088616797709248,
   "embed\u00d7o1": -0.011379263895604553,
   "embed\u00d7o2": -0.49142308385577144,
   "o1": -0.0294064927211988,
   "o1\u00d7o2": 0.32095918966972603,
   "o2": 1.2126585124826197
  },
  "profile": {
   "1": 0.28572641345332445,
   "2": 0.05792857216700033,
   "3": -0.16655652460632664,
   "4": -0.21077524679294207
  }
 },
 "gridonly seed3": {
  "org": 0.03580567038281844,
  "shares": {
   "embed": 0.12051875539676407,
   "embed\u00d7o1": -0.32053903640329423,
   "embed\u00d7o2": -5.998094263440382,
   "o1": -1.513268198536891,
   "o1\u00d7o2": 0.40031533969430405,
   "o2": 8.3110674032895
  },
  "profile": {
   "1": 0.14756209340500936,
   "2": 0.07190067935412106,
   "3": -0.10226873449678997,
   "4": -0.15633070102376168
  }
 },
 "gridonly seed4": {
  "org": 0.3010380543784851,
  "shares": {
   "embed": -0.0377106103259283,
   "embed\u00d7o1": 0.015116029552155357,
   "embed\u00d7o2": -0.8384357475852048,
   "o1": -0.32102258346541773,
   "o1\u00d7o2": 0.205444211171812,
   "o2": 1.9766087006525834
  },
  "profile": {
   "1": 0.21679271298367583,
   "2": 0.09068006507641588,
   "3": -0.1276065984386048,
   "4": -0.1746803510591159
  }
 },
 "grid+dring seed0": {
  "org": -0.5417771228488494,
  "shares": {
   "embed": -0.0038247551195944606,
   "embed\u00d7o1": -0.32596637615500956,
   "embed\u00d7o2": -1.1548648183361592,
   "o1": -0.1831177805033553,
   "o1\u00d7o2": -0.3981430055649163,
   "o2": 1.065916735679035
  },
  "profile": {
   "1": -0.27708790794572147,
   "2": 0.11377514001721456,
   "3": -0.027997945618031116,
   "4": -0.04808245002442053
  }
 },
 "grid+dring seed2": {
  "org": -0.6271553035936066,
  "shares": {
   "embed": -0.017801599145548616,
   "embed\u00d7o1": -0.15199915697759472,
   "embed\u00d7o2": -0.8897982319812466,
   "o1": -0.12200959654982685,
   "o1\u00d7o2": -0.8973306275337376,
   "o2": 1.0789392121879544
  },
  "profile": {
   "1": -0.32723629335934884,
   "2": 0.08542541372741305,
   "3": 0.02270125651341356,
   "4": -0.0948966727642596
  }
 },
 "grid+ring": {
  "org": -0.012359718652332511,
  "shares": {
   "embed": -0.33886758218133434,
   "embed\u00d7o1": -1.5693420595807648,
   "embed\u00d7o2": -18.548896823409084,
   "o1": -3.2879875278873527,
   "o1\u00d7o2": 0.2468404140442917,
   "o2": 22.49825357901424
  },
  "profile": {
   "1": 0.08900994859703718,
   "2": 0.0774572620357576,
   "3": -0.1318165436051202,
   "4": -0.1181781515606138
  }
 },
 "grid+tree": {
  "org": 0.6998332599764797,
  "shares": {
   "embed": -0.007268678877523457,
   "embed\u00d7o1": -0.07442957260494307,
   "embed\u00d7o2": -0.4623854834400391,
   "o1": 0.08373244510059727,
   "o1\u00d7o2": 0.426807840907969,
   "o2": 1.0335434489139392
  },
  "profile": {
   "1": 0.3289867353851389,
   "2": 0.040297593374377653,
   "3": -0.17126618196604515,
   "4": -0.20155656639621045
  }
 },
 "multi seed0": {
  "org": 0.639384804982534,
  "shares": {
   "embed": -0.004117278109628253,
   "embed\u00d7o1": -0.06089274469765381,
   "embed\u00d7o2": -0.5064330492207353,
   "o1": 0.06282992578588992,
   "o1\u00d7o2": 0.33943105580478755,
   "o2": 1.1691820904373396
  },
  "profile": {
   "1": 0.285083762983599,
   "2": 0.056959571745815694,
   "3": -0.17991169400953635,
   "4": -0.18841111197535224
  }
 },
 "multi seed1": {
  "org": 0.6027408004100485,
  "shares": {
   "embed": -0.021192071047889845,
   "embed\u00d7o1": -0.04032258708210593,
   "embed\u00d7o2": -0.46200003043535615,
   "o1": 0.031796071009372935,
   "o1\u00d7o2": 0.3146241813458615,
   "o2": 1.1770944362101172
  },
  "profile": {
   "1": 0.2913650444295173,
   "2": 0.09168518160659313,
   "3": -0.16890116929529933,
   "4": -0.25869297507729694
  }
 },
 "multi seed2": {
  "org": 0.5909866885645739,
  "shares": {
   "embed": -0.010425743922449042,
   "embed\u00d7o1": -0.039602314423343096,
   "embed\u00d7o2": -0.4792131702969866,
   "o1": 0.017751859671441928,
   "o1\u00d7o2": 0.3647665819853193,
   "o2": 1.1467227869860175
  },
  "profile": {
   "1": 0.2900850547888456,
   "2": 0.09622120635948708,
   "3": -0.15601434240119413,
   "4": -0.24423450135951302
  }
 },
 "multi softmax-add-3L": {
  "org": -0.8017862182167098,
  "shares": {
   "embed": -0.008045487898914202,
   "embed\u00d7o1": -0.1607630843318914,
   "embed\u00d7o2": -0.38368019667185654,
   "embed\u00d7o3": 0.0229850804606349,
   "o1": -0.02856598226379956,
   "o1\u00d7o2": -0.05549848024159609,
   "o1\u00d7o3": -0.021483296652901898,
   "o2": -0.19746928439148764,
   "o2\u00d7o3": -0.12264111504646541,
   "o3": -0.0448381529617222
  },
  "profile": {
   "1": -0.4908998578447367,
   "2": 0.2109719494064907,
   "3": -0.0642239792824265,
   "4": 0.012080322988327258
  }
 },
 "multi softmax-add-3L s1": {
  "org": -0.7643407295920001,
  "shares": {
   "embed": -0.02932572730405797,
   "embed\u00d7o1": -0.10672651728437671,
   "embed\u00d7o2": -0.22795835261684522,
   "embed\u00d7o3": -0.3289165217495439,
   "o1": -0.013298589014909096,
   "o1\u00d7o2": -0.01430465720983947,
   "o1\u00d7o3": -0.07370887880488558,
   "o2": -0.012362347216803906,
   "o2\u00d7o3": -0.14039252667878163,
   "o3": -0.05300588211995634
  },
  "profile": {
   "1": -0.3612682449096483,
   "2": 0.14611976717505112,
   "3": -0.05275394324181624,
   "4": -0.055972192958746385
  }
 }
}