{"step": [0, 100, 200, 300, 400, 500, 600, 700, 800, 900, 1000, 1100, 1200, 1300, 1400, 1500, 1600, 1700, 1800, 1900, 2000, 2100, 2200, 2300, 2400, 2500, 2600, 2700, 2800, 2900, 3000, 3100, 3200, 3300, 3400, 3500, 3600, 3700, 3800, 3900, 4000], "loss": [4.650929927825928, 4.622753620147705, 3.9270260334014893, 2.387028217315674, 1.7146178483963013, 1.4991698265075684, 1.4379827976226807, 1.3072746992111206, 1.320230484008789, 1.2627500295639038, 1.3299716711044312, 1.3081773519515991, 1.3106516599655151, 1.2736533880233765, 1.2764705419540405, 1.280374526977539, 1.3446705341339111, 1.2729676961898804, 1.2572667598724365, 1.2707122564315796, 1.2972238063812256, 1.2613434791564941, 1.221106767654419, 1.2490712404251099, 1.237517237663269, 1.2948241233825684, 1.2676212787628174, 1.2120882272720337, 1.2376729249954224, 1.3052737712860107, 1.2157195806503296, 1.2587639093399048, 1.235086441040039, 1.279236912727356, 1.2856630086898804, 1.2588410377502441, 1.2329691648483276, 1.3555152416229248, 1.246457815170288, 1.2916446924209595, 1.2707281112670898], "acc@5": [0.011074862442910671, 0.024896977469325066, 0.22265625, 0.4823789596557617, 0.6445097923278809, 0.6897535920143127, 0.7182778120040894, 0.7287517189979553, 0.7399768233299255, 0.7462225556373596, 0.753004789352417, 0.7553228139877319, 0.7539277076721191, 0.7589070796966553, 0.759057343006134, 0.7586280703544617, 0.7682220339775085, 0.7660971879959106, 0.767384946346283, 0.7655820846557617, 0.7678571343421936, 0.7660971879959106, 0.7695097923278809, 0.7707117199897766, 0.7715487480163574, 0.7743175029754639, 0.7731370329856873, 0.7763779163360596, 0.7759271860122681, 0.7757769823074341, 0.7751116156578064, 0.7777085900306702, 0.777687132358551, 0.7774940133094788, 0.7785027623176575, 0.7798119783401489, 0.7788890600204468, 0.7792110443115234, 0.7795758843421936, 0.7795758843421936, 0.7795973420143127], "acc@10": [0.010128997266292572, 0.017214752733707428, 0.11480286717414856, 0.4254632890224457, 0.6143940687179565, 0.6803234219551086, 0.700626790523529, 0.7236101031303406, 0.7374863624572754, 0.7496820688247681, 0.7372819781303406, 0.754451334476471, 0.7494322061538696, 0.7643077969551086, 0.7613326907157898, 0.7672374844551086, 0.7703261375427246, 0.7718477249145508, 0.770348846912384, 0.7787290811538696, 0.7794104218482971, 0.7772983312606812, 0.7787744998931885, 0.7790016531944275, 0.7766169905662537, 0.7826353311538696, 0.7870639562606812, 0.7822719812393188, 0.7825899124145508, 0.7861101031303406, 0.7863599061965942, 0.7862236499786377, 0.7863371968269348, 0.7888354063034058, 0.7888354063034058, 0.7882903218269348, 0.7877680063247681, 0.7884492874145508, 0.7885856032371521, 0.7887445688247681, 0.7886537313461304], "acc@15": [0.009669174440205097, 0.01451581809669733, 0.12919560074806213, 0.4266010820865631, 0.5352286100387573, 0.5572916865348816, 0.5333719253540039, 0.5573399066925049, 0.557532787322998, 0.5454041361808777, 0.5796923041343689, 0.5529996156692505, 0.5622106194496155, 0.5639950037002563, 0.546875, 0.5530719757080078, 0.5787278413772583, 0.5723620653152466, 0.5596064925193787, 0.5657069683074951, 0.5636574029922485, 0.5678530335426331, 0.5661651492118835, 0.5552420616149902, 0.5616560578346252, 0.5798370242118835, 0.5822964906692505, 0.5680459141731262, 0.5778115391731262, 0.5696855783462524, 0.5639467835426331, 0.5675636529922485, 0.5728201866149902, 0.5668161511421204, 0.573326587677002, 0.5739293694496155, 0.5744116306304932, 0.5737847089767456, 0.5745804309844971, 0.5744116306304932, 0.5743875503540039], "acc@20": [0.009637129493057728, 0.01441714633256197, 0.046618010848760605, 0.1389288604259491, 0.21425266563892365, 0.23702199757099152, 0.26349198818206787, 0.28017064929008484, 0.28140419721603394, 0.30825966596603394, 0.2891139090061188, 0.3031969666481018, 0.28988486528396606, 0.3007555603981018, 0.3093133270740509, 0.31483861804008484, 0.31121504306793213, 0.31774258613586426, 0.31136924028396606, 0.32062089443206787, 0.31972143054008484, 0.31576377153396606, 0.31946444511413574, 0.3200555145740509, 0.32234272360801697, 0.32730263471603394, 0.32167455554008484, 0.31992700695991516, 0.3227024972438812, 0.32434725761413574, 0.32627466320991516, 0.32218852639198303, 0.32190585136413574, 0.3249126374721527, 0.32267680764198303, 0.32262539863586426, 0.32470703125, 0.3259405791759491, 0.32599198818206787, 0.32586348056793213, 0.32581210136413574], "acc@25": [0.008747799322009087, 0.011443661525845528, 0.01372689288109541, 0.007234815042465925, 0.0037687059957534075, 0.0026683539617806673, 0.001953125, 0.001375440158881247, 0.001100352150388062, 0.0010453345021232963, 0.0009628080879338086, 0.0009903168538585305, 0.0009903168538585305, 0.000825264083687216, 0.0008527729078195989, 0.0009077904978767037, 0.0009077904978767037, 0.0010453345021232963, 0.0008802816737443209, 0.0010178256779909134, 0.0009077904978767037, 0.0009352993220090866, 0.0008802816737443209, 0.0007977552595548332, 0.0007977552595548332, 0.0008802816737443209, 0.0007152288453653455, 0.0007702464936301112, 0.0008527729078195989, 0.0008527729078195989, 0.0009077904978767037, 0.0009077904978767037, 0.0008802816737443209, 0.0008802816737443209, 0.0008527729078195989, 0.0008527729078195989, 0.0008802816737443209, 0.0008802816737443209, 0.0009077904978767037, 0.0008802816737443209, 0.0008802816737443209], "acc@30": [0.008226798847317696, 0.010120738297700882, 0.012872869148850441, 0.0017163825687021017, 0.00029592803912237287, 0.0, 0.0, 0.0, 0.0, 0.0, 0.0, 0.0, 0.0, 0.0, 0.0, 0.0, 0.0, 0.0, 0.0, 0.0, 0.0, 0.0, 0.0, 0.0, 0.0, 0.0, 0.0, 0.0, 0.0, 0.0, 0.0, 0.0, 0.0, 0.0, 0.0, 0.0, 0.0, 0.0, 0.0, 0.0, 0.0], "config": {"n_layer": 1, "d_model": 64, "n_head": 2, "n_params": 37376}}