{"step": [0, 200, 400, 600, 800, 1000, 1200, 1400, 1600, 1800, 2000, 2200, 2400, 2600, 2800, 3000, 3200, 3400, 3600, 3800, 4000, 4200, 4400, 4600, 4800, 5000, 5200, 5400, 5600, 5800, 6000, 6200, 6400, 6600, 6800, 7000, 7200, 7400, 7600, 7800, 8000], "loss": [4.614412307739258, 4.011545181274414, 3.427150249481201, 3.3020431995391846, 3.237825870513916, 3.2217955589294434, 3.190617084503174, 3.186645269393921, 3.169811487197876, 3.12170147895813, 3.1088831424713135, 3.091400384902954, 3.06976318359375, 3.067889928817749, 3.049265146255493, 3.0337045192718506, 3.0482053756713867, 3.03003191947937, 3.027068853378296, 3.0141828060150146, 3.014784336090088, 3.017641544342041, 2.9956984519958496, 2.999805450439453, 3.004687547683716, 2.9780685901641846, 2.9939279556274414, 2.9831464290618896, 2.9626221656799316, 2.9698269367218018, 2.977350950241089, 2.9631857872009277, 2.9706168174743652, 2.9468753337860107, 2.9564719200134277, 2.968251943588257, 2.946333169937134, 2.9534904956817627, 2.9565651416778564, 2.950516939163208, 2.9586315155029297], "legal|in": [0.03863188996911049, 0.4438566267490387, 0.6480069160461426, 0.6947588324546814, 0.7118807435035706, 0.7262754440307617, 0.7367535829544067, 0.7470677495002747, 0.7516199350357056, 0.7545111775398254, 0.7725557684898376, 0.7738475799560547, 0.7831979990005493, 0.7821112275123596, 0.79375821352005, 0.7929584980010986, 0.7951730489730835, 0.7977977395057678, 0.803703248500824, 0.8027395009994507, 0.7905388474464417, 0.8057332634925842, 0.8085834980010986, 0.8099163174629211, 0.8073531985282898, 0.8093011975288391, 0.8090550899505615, 0.8177698254585266, 0.8147555589675903, 0.8137302994728088, 0.8197793364524841, 0.8135867714881897, 0.8217478394508362, 0.817585289478302, 0.8216658234596252, 0.8170111775398254, 0.8190616965293884, 0.8191027045249939, 0.819553792476654, 0.8192257285118103, 0.8191027045249939], "mass|in": [0.034875232726335526, 0.16793352365493774, 0.339242160320282, 0.39025190472602844, 0.39837759733200073, 0.40909749269485474, 0.41684508323669434, 0.41478464007377625, 0.41156718134880066, 0.4072740077972412, 0.4057629704475403, 0.40635499358177185, 0.4026760458946228, 0.40044504404067993, 0.41136062145233154, 0.401573121547699, 0.4088170826435089, 0.40015536546707153, 0.4120444059371948, 0.4100698232650757, 0.4025307893753052, 0.41093501448631287, 0.4094931185245514, 0.40939754247665405, 0.4070068597793579, 0.414309561252594, 0.41830143332481384, 0.41770023107528687, 0.4211569130420685, 0.41770586371421814, 0.4210333228111267, 0.4222669303417206, 0.42296528816223145, 0.42593488097190857, 0.4259042739868164, 0.424411803483963, 0.42532792687416077, 0.4252050518989563, 0.42542415857315063, 0.42506203055381775, 0.4251289367675781], "legal|ood 5x5": [0.04010826721787453, 0.34354496002197266, 0.6132709980010986, 0.6785597205162048, 0.7046013474464417, 0.7216617465019226, 0.7335547804832458, 0.745611846446991, 0.7473343014717102, 0.7446275949478149, 0.7657890319824219, 0.7557824850082397, 0.771694540977478, 0.7732529640197754, 0.7787073254585266, 0.7872785329818726, 0.7691929340362549, 0.7894110679626465, 0.790723443031311, 0.7963418364524841, 0.7956857085227966, 0.8028625249862671, 0.8070045709609985, 0.8041748404502869, 0.8152887225151062, 0.8178313374519348, 0.8140994310379028, 0.822670578956604, 0.8184055089950562, 0.8208661675453186, 0.8290272355079651, 0.8223425149917603, 0.8277559280395508, 0.8228346705436707, 0.8277559280395508, 0.8257874250411987, 0.8287401795387268, 0.8278379440307617, 0.8289452195167542, 0.8294783234596252, 0.8289042115211487], "mass|ood 5x5": [0.03664213791489601, 0.09672632813453674, 0.2029179036617279, 0.2396918684244156, 0.24612759053707123, 0.2570642828941345, 0.26448988914489746, 0.26525723934173584, 0.27188840508461, 0.2723202109336853, 0.277424156665802, 0.27751222252845764, 0.275772362947464, 0.27938953042030334, 0.28313693404197693, 0.2783600091934204, 0.2800382673740387, 0.27520307898521423, 0.28574100136756897, 0.28205209970474243, 0.2780115604400635, 0.28417620062828064, 0.2827944755554199, 0.28237855434417725, 0.28032970428466797, 0.28567251563072205, 0.2879161238670349, 0.2871990501880646, 0.29030898213386536, 0.2874695658683777, 0.28890079259872437, 0.2897959351539612, 0.2899407744407654, 0.29165297746658325, 0.2916923463344574, 0.2909885048866272, 0.2915777266025543, 0.2910785675048828, 0.2916187345981598, 0.2913089394569397, 0.2913893759250641], "legal|ood 6x6": [0.03731955215334892, 0.3166830837726593, 0.6136810779571533, 0.6827017664909363, 0.715264081954956, 0.7328985929489136, 0.7456939220428467, 0.7502870559692383, 0.7517224550247192, 0.7360154390335083, 0.7549212574958801, 0.7452837824821472, 0.758489191532135, 0.7607857584953308, 0.7606217265129089, 0.7699310779571533, 0.7598425149917603, 0.7733759880065918, 0.7749343514442444, 0.7773129940032959, 0.7794045209884644, 0.785351037979126, 0.7955216765403748, 0.7871555089950562, 0.7993355989456177, 0.8090550899505615, 0.8017552495002747, 0.8056102395057678, 0.8077837824821472, 0.8150836825370789, 0.8187335729598999, 0.8088910579681396, 0.8150016665458679, 0.8121309280395508, 0.815534770488739, 0.8125820159912109, 0.8136892914772034, 0.8131561875343323, 0.8127460479736328, 0.8140994310379028, 0.8136892914772034], "mass|ood 6x6": [0.037234827876091, 0.08393704891204834, 0.17079348862171173, 0.2006150335073471, 0.20521637797355652, 0.2150619775056839, 0.22065326571464539, 0.22229081392288208, 0.22752904891967773, 0.22808292508125305, 0.23295308649539948, 0.2332022786140442, 0.23264069855213165, 0.23341521620750427, 0.23813045024871826, 0.23348958790302277, 0.23534852266311646, 0.23185373842716217, 0.2392626404762268, 0.23720631003379822, 0.23275139927864075, 0.23894734680652618, 0.2381841093301773, 0.2371802181005478, 0.23545774817466736, 0.24098876118659973, 0.24189232289791107, 0.24184748530387878, 0.24500973522663116, 0.2427319437265396, 0.2438177615404129, 0.24373720586299896, 0.2440488487482071, 0.24553602933883667, 0.2456270307302475, 0.24482358992099762, 0.24546794593334198, 0.24489639699459076, 0.24544735252857208, 0.24511991441249847, 0.24520064890384674], "config": {"topology": "cylinder", "n_layer": 2, "d_model": 128, "n_params": 222208}}