{"step": [0, 100, 200, 300, 400, 500, 600, 700, 800, 900, 1000, 1100, 1200, 1300, 1400, 1500, 1600, 1700, 1800, 1900, 2000, 2100, 2200, 2300, 2400, 2500, 2600, 2700, 2800, 2900, 3000, 3100, 3200, 3300, 3400, 3500, 3600, 3700, 3800, 3900, 4000], "loss": [4.654772758483887, 4.6332197189331055, 4.473051071166992, 4.087972640991211, 3.5542800426483154, 2.9884042739868164, 2.596863031387329, 2.397839307785034, 2.3459293842315674, 2.2392947673797607, 2.2268898487091064, 2.1882245540618896, 2.060407876968384, 1.9697755575180054, 1.9968572854995728, 1.9744329452514648, 2.025578260421753, 1.9291123151779175, 1.9034472703933716, 1.8925431966781616, 1.9489213228225708, 1.920363187789917, 1.8665282726287842, 1.9155304431915283, 1.923985242843628, 1.9285334348678589, 1.937482476234436, 1.894371509552002, 1.90227210521698, 1.9798040390014648, 1.8738505840301514, 1.9020631313323975, 1.8995656967163086, 1.9430524110794067, 1.9376213550567627, 1.9292452335357666, 1.91856050491333, 1.998732328414917, 1.908953070640564, 1.9279433488845825, 1.9722163677215576], "acc@5": [0.008520776405930519, 0.015539147891104221, 0.11134959012269974, 0.19162088632583618, 0.26553913950920105, 0.40511247515678406, 0.4855554699897766, 0.5167840123176575, 0.5398780703544617, 0.5577781796455383, 0.570505678653717, 0.5787044763565063, 0.5883413553237915, 0.6027644276618958, 0.6174665093421936, 0.6173377633094788, 0.6211581230163574, 0.6254078149795532, 0.6293355226516724, 0.6257511973381042, 0.6285198926925659, 0.6274896860122681, 0.6284126043319702, 0.6268458366394043, 0.6256009340286255, 0.629807710647583, 0.6280692219734192, 0.6275970339775085, 0.6261160969734192, 0.6262233853340149, 0.6300008296966553, 0.6273609399795532, 0.6264380216598511, 0.6263306736946106, 0.6268458366394043, 0.6267814040184021, 0.6265453100204468, 0.6275970339775085, 0.6270389556884766, 0.6272106766700745, 0.6273394823074341], "acc@10": [0.009856468066573143, 0.011173691600561142, 0.061977650970220566, 0.08552870899438858, 0.1823219507932663, 0.36244094371795654, 0.4270757734775543, 0.4360465109348297, 0.45746275782585144, 0.4368186891078949, 0.42437317967414856, 0.4432458281517029, 0.45414698123931885, 0.4743141233921051, 0.47474563121795654, 0.49075672030448914, 0.49475380778312683, 0.49609375, 0.508630096912384, 0.5175554156303406, 0.5208484530448914, 0.5229606032371521, 0.523596465587616, 0.5212572813034058, 0.5149890780448914, 0.5235283374786377, 0.5364734530448914, 0.5328851938247681, 0.5287063717842102, 0.5318632125854492, 0.5339980125427246, 0.5351789593696594, 0.5335891842842102, 0.5380405187606812, 0.5372910499572754, 0.5368595719337463, 0.5351789593696594, 0.5363826155662537, 0.5356786251068115, 0.5358375906944275, 0.535973846912384], "acc@15": [0.009958526119589806, 0.012273341417312622, 0.059051889926195145, 0.11562018096446991, 0.1674865037202835, 0.28431230783462524, 0.3238811790943146, 0.35018807649612427, 0.3484037518501282, 0.3330681025981903, 0.34577545523643494, 0.3319830298423767, 0.33678144216537476, 0.34035012125968933, 0.32928240299224854, 0.3333815634250641, 0.34399113059043884, 0.344714492559433, 0.335407018661499, 0.3306809365749359, 0.3297405540943146, 0.3308497369289398, 0.3289930522441864, 0.31973379850387573, 0.3237364888191223, 0.33716723322868347, 0.33400848507881165, 0.3230372369289398, 0.331042617559433, 0.3225308656692505, 0.31985434889793396, 0.3229649066925049, 0.32566550374031067, 0.32132524251937866, 0.3246045410633087, 0.3249662518501282, 0.3249903619289398, 0.324749231338501, 0.3246527910232544, 0.32479745149612427, 0.32484567165374756], "acc@20": [0.009662829339504242, 0.010870683006942272, 0.03703227639198303, 0.03515625, 0.06681743264198303, 0.12885485589504242, 0.16524465382099152, 0.17837685346603394, 0.18963301181793213, 0.20659436285495758, 0.20811061561107635, 0.22119140625, 0.22232216596603394, 0.2284899204969406, 0.2355828583240509, 0.24403782188892365, 0.23995168507099152, 0.24668483436107635, 0.24689042568206787, 0.25156763195991516, 0.2536749541759491, 0.25138774514198303, 0.25213301181793213, 0.25228720903396606, 0.25274980068206787, 0.2551654875278473, 0.25498560070991516, 0.2533665597438812, 0.25501132011413574, 0.2565789520740509, 0.2578125, 0.2558336853981018, 0.2546258270740509, 0.25837787985801697, 0.2565789520740509, 0.25616776943206787, 0.25699013471603394, 0.2575555145740509, 0.2578381896018982, 0.2578381896018982, 0.2578639090061188], "acc@25": [0.011031029745936394, 0.0113611351698637, 0.01416703313589096, 0.007069762330502272, 0.005089128389954567, 0.006051936652511358, 0.006547095254063606, 0.006684639025479555, 0.007922534830868244, 0.0078125, 0.007207306567579508, 0.006189480423927307, 0.006602112669497728, 0.00671214796602726, 0.006767165381461382, 0.007097271271049976, 0.006574603728950024, 0.006602112669497728, 0.00610695406794548, 0.006134463008493185, 0.0065195863135159016, 0.006051936652511358, 0.006079445593059063, 0.005996919237077236, 0.005914392415434122, 0.0062444983050227165, 0.005886883940547705, 0.00616197194904089, 0.005941901355981827, 0.00616197194904089, 0.006216989364475012, 0.0062444983050227165, 0.006189480423927307, 0.006216989364475012, 0.006134463008493185, 0.00616197194904089, 0.006134463008493185, 0.006051936652511358, 0.00610695406794548, 0.006134463008493185, 0.006134463008493185], "acc@30": [0.01121567189693451, 0.011659564450383186, 0.013819838874042034, 0.009913588874042034, 0.0028705019503831863, 0.002663352293893695, 0.0024562026374042034, 0.0020123105496168137, 0.0013020833721384406, 0.0009765625, 0.0006214488530531526, 0.0005326704704202712, 0.00035511364694684744, 0.00035511364694684744, 0.00032552084303461015, 0.0004438920586835593, 0.0004734848625957966, 0.000562263245228678, 0.0004734848625957966, 0.00032552084303461015, 0.0004734848625957966, 0.000414299254771322, 0.000414299254771322, 0.000414299254771322, 0.00035511364694684744, 0.000414299254771322, 0.0003847064508590847, 0.000414299254771322, 0.0004438920586835593, 0.000414299254771322, 0.0004438920586835593, 0.0004734848625957966, 0.0004734848625957966, 0.0005030776374042034, 0.0004734848625957966, 0.0004734848625957966, 0.0004438920586835593, 0.0005030776374042034, 0.0005030776374042034, 0.0004734848625957966, 0.0004734848625957966], "config": {"n_layer": 1, "d_model": 32, "n_head": 1, "n_params": 12544}}