{"step": [0, 200, 400, 600, 800, 1000, 1200, 1400, 1600, 1800, 2000, 2200, 2400, 2600, 2800, 3000, 3200, 3400, 3600, 3800, 4000, 4200, 4400, 4600, 4800, 5000, 5200, 5400, 5600, 5800, 6000, 6200, 6400, 6600, 6800, 7000, 7200, 7400, 7600, 7800, 8000], "loss": [4.650567054748535, 3.7581286430358887, 3.3779940605163574, 3.324212074279785, 3.2971673011779785, 3.294003963470459, 3.2816410064697266, 3.284498929977417, 3.2747251987457275, 3.2578718662261963, 3.2664196491241455, 3.258033037185669, 3.2460851669311523, 3.2498726844787598, 3.2444424629211426, 3.246791362762451, 3.247974157333374, 3.2433252334594727, 3.2370150089263916, 3.2311244010925293, 3.2334952354431152, 3.2370827198028564, 3.229048013687134, 3.233644485473633, 3.2383666038513184, 3.220104217529297, 3.2416939735412598, 3.2303147315979004, 3.226088523864746, 3.2228705883026123, 3.223566770553589, 3.2228846549987793, 3.2353057861328125, 3.221688985824585, 3.2261717319488525, 3.214920997619629, 3.2207984924316406, 3.2233200073242188, 3.2239739894866943, 3.2166991233825684, 3.2236990928649902], "legal|in": [0.043122537434101105, 0.5100270509719849, 0.6132709980010986, 0.6344119310379028, 0.6456282734870911, 0.6507750749588013, 0.6639189720153809, 0.6743150949478149, 0.685141921043396, 0.6911704540252686, 0.6979166865348816, 0.6978551745414734, 0.7106504440307617, 0.7061187624931335, 0.7052370309829712, 0.7129265069961548, 0.704867959022522, 0.7097687125205994, 0.7169865369796753, 0.7131930589675903, 0.7216412425041199, 0.7202058434486389, 0.7226459980010986, 0.7165559530258179, 0.7165764570236206, 0.7223999500274658, 0.7264189720153809, 0.7276902794837952, 0.7237122654914856, 0.7237942814826965, 0.7257422804832458, 0.7231996655464172, 0.7259268164634705, 0.7258653044700623, 0.7266240119934082, 0.7265214920043945, 0.7270545959472656, 0.7256397604942322, 0.7249630689620972, 0.7250655889511108, 0.7251065969467163], "mass|in": [0.03999169543385506, 0.26346221566200256, 0.36714968085289, 0.3878720998764038, 0.39530980587005615, 0.4008082449436188, 0.407457560300827, 0.41191115975379944, 0.41335394978523254, 0.4190208315849304, 0.42307335138320923, 0.42090868949890137, 0.4282774329185486, 0.4285086989402771, 0.4270486831665039, 0.430648535490036, 0.42897942662239075, 0.4310430586338043, 0.4322635531425476, 0.4322226345539093, 0.4377730190753937, 0.43096834421157837, 0.43448492884635925, 0.4349861145019531, 0.4355238974094391, 0.4358603060245514, 0.4353589713573456, 0.43708083033561707, 0.43749651312828064, 0.43799492716789246, 0.43647417426109314, 0.4364950954914093, 0.4375605583190918, 0.4372320771217346, 0.4375265836715698, 0.4369576871395111, 0.4378218352794647, 0.43758395314216614, 0.43809592723846436, 0.4378715753555298, 0.4378505051136017], "legal|ood 5x5": [0.0364583320915699, 0.40985891222953796, 0.5623359680175781, 0.5790682435035706, 0.5857119560241699, 0.5952674150466919, 0.6096620559692383, 0.6241797804832458, 0.6391485929489136, 0.6481709480285645, 0.658218502998352, 0.6571932435035706, 0.6731463074684143, 0.6690452694892883, 0.6580134630203247, 0.6724081635475159, 0.6695784330368042, 0.6741715669631958, 0.6896325349807739, 0.6778215169906616, 0.6815534830093384, 0.6821275949478149, 0.6859825849533081, 0.6808562874794006, 0.6831939220428467, 0.6888123154640198, 0.6921752095222473, 0.6907398104667664, 0.6895915269851685, 0.6912729740142822, 0.6899605989456177, 0.6927083134651184, 0.6930774450302124, 0.6947588324546814, 0.6947588324546814, 0.6939796805381775, 0.6953330039978027, 0.6928313374519348, 0.6942667365074158, 0.6934465169906616, 0.6937335729598999], "mass|ood 5x5": [0.0399397648870945, 0.13387034833431244, 0.20016856491565704, 0.2128954827785492, 0.21440911293029785, 0.21828407049179077, 0.22126814723014832, 0.22452613711357117, 0.22492551803588867, 0.22808313369750977, 0.23191064596176147, 0.22912846505641937, 0.23494954407215118, 0.23463322222232819, 0.2330874353647232, 0.2363041192293167, 0.23424272239208221, 0.23567670583724976, 0.23721565306186676, 0.23642714321613312, 0.2423499971628189, 0.23608672618865967, 0.23917478322982788, 0.2381061315536499, 0.23851630091667175, 0.2398442178964615, 0.2385508418083191, 0.24013422429561615, 0.24071712791919708, 0.24102671444416046, 0.2395653873682022, 0.2395258992910385, 0.24019359052181244, 0.24003000557422638, 0.24013864994049072, 0.23978464305400848, 0.24058420956134796, 0.2404170036315918, 0.24082237482070923, 0.24058638513088226, 0.24057024717330933], "legal|ood 6x6": [0.04183070734143257, 0.38713911175727844, 0.5582349300384521, 0.5758694410324097, 0.5787811875343323, 0.5992864370346069, 0.6108924150466919, 0.6113024950027466, 0.6297982335090637, 0.6401738524436951, 0.6478018164634705, 0.648745059967041, 0.6604330539703369, 0.6535022854804993, 0.645710289478302, 0.6650262475013733, 0.6556758284568787, 0.6611302495002747, 0.6719570159912109, 0.6608842015266418, 0.6646981835365295, 0.669455349445343, 0.6699475049972534, 0.6671587824821472, 0.6631807684898376, 0.6752788424491882, 0.679379940032959, 0.6758530139923096, 0.6742535829544067, 0.6731463074684143, 0.6752788424491882, 0.6754839420318604, 0.678313672542572, 0.6787647604942322, 0.6788877844810486, 0.679379940032959, 0.6789698004722595, 0.6761400699615479, 0.6766322255134583, 0.676960289478302, 0.6768782734870911], "mass|ood 6x6": [0.0401872843503952, 0.10780654847621918, 0.15728923678398132, 0.16584989428520203, 0.1667855679988861, 0.16943326592445374, 0.17082899808883667, 0.1725398451089859, 0.1716824471950531, 0.17481806874275208, 0.17778071761131287, 0.17454436421394348, 0.18037894368171692, 0.17914046347141266, 0.1774042248725891, 0.18091070652008057, 0.17865049839019775, 0.18104444444179535, 0.1813960075378418, 0.1801479011774063, 0.18493744730949402, 0.1793203502893448, 0.18238085508346558, 0.18195216357707977, 0.18173108994960785, 0.1826392114162445, 0.18176846206188202, 0.18261735141277313, 0.18352560698986053, 0.18360167741775513, 0.1825980842113495, 0.18238063156604767, 0.18299901485443115, 0.18259844183921814, 0.18281711637973785, 0.18239182233810425, 0.1830623596906662, 0.18283827602863312, 0.18318594992160797, 0.18296021223068237, 0.1829521358013153], "config": {"topology": "torus", "n_layer": 1, "d_model": 128, "n_params": 123904}}