{
 "e6": {
  "1|0.0": {
   "tsim": [
    -0.06091111898422241,
    0.10675543048777256
   ],
   "gsim": [
    0.004989731311798096,
    0.07256855765877054
   ],
   "mse": [
    0.08488985151052475,
    0.029181402302629444
   ]
  },
  "1|0.1": {
   "tsim": [
    0.998751827084925,
    0.00021755130997746936
   ],
   "gsim": [
    0.5941128849983215,
    0.03473716736377797
   ],
   "mse": [
    0.08457593098282815,
    0.03129839232855072
   ]
  },
  "1|1.0": {
   "tsim": [
    0.9998010649418575,
    7.109363378720953e-05
   ],
   "gsim": [
    0.5325185179710388,
    0.017531089084746817
   ],
   "mse": [
    0.07821714952588081,
    0.02697684302424934
   ]
  },
  "1|10.0": {
   "tsim": [
    0.9999509672139538,
    1.5693977760147983e-05
   ],
   "gsim": [
    0.538631933927536,
    0.04300573651694348
   ],
   "mse": [
    0.08096321970224381,
    0.030324630915569133
   ]
  },
  "2|0.0": {
   "tsim": [
    -0.06013939380645752,
    0.0790521023345283
   ],
   "gsim": [
    -0.010373532772064209,
    0.055370278422289476
   ],
   "mse": [
    0.031158658862113952,
    0.014812880567648373
   ]
  },
  "2|0.1": {
   "tsim": [
    0.9986221280647442,
    0.0004232751911588875
   ],
   "gsim": [
    0.7513056576251984,
    0.0346381996927561
   ],
   "mse": [
    0.03068504612892866,
    0.014363273029534161
   ]
  },
  "2|1.0": {
   "tsim": [
    0.9997712819749722,
    9.290239390310031e-05
   ],
   "gsim": [
    0.6785135865211487,
    0.017815834834008927
   ],
   "mse": [
    0.026993254758417608,
    0.013941955046240444
   ]
  },
  "2|10.0": {
   "tsim": [
    0.9999553541922068,
    1.270299290764424e-05
   ],
   "gsim": [
    0.7157826989889144,
    0.041666524803054994
   ],
   "mse": [
    0.03228049762547016,
    0.013553299186676533
   ]
  },
  "4|0.0": {
   "tsim": [
    0.0239408016204834,
    0.03151904588104846
   ],
   "gsim": [
    0.030850207805633544,
    0.025316749418419774
   ],
   "mse": [
    0.005191389378160239,
    0.0024391192221789254
   ]
  },
  "4|0.1": {
   "tsim": [
    0.99933740166598,
    0.0001896646699858426
   ],
   "gsim": [
    0.9064522385597229,
    0.019465783341667174
   ],
   "mse": [
    0.005465069459751249,
    0.003274064059820874
   ]
  },
  "4|1.0": {
   "tsim": [
    0.9998458162866882,
    3.879339609284091e-05
   ],
   "gsim": [
    0.8427444845438004,
    0.010339463716889598
   ],
   "mse": [
    0.005565067706629634,
    0.0027990675209401197
   ]
  },
  "4|10.0": {
   "tsim": [
    0.9999603507090796,
    1.1029127931156515e-05
   ],
   "gsim": [
    0.8512812256813049,
    0.023357399244416953
   ],
   "mse": [
    0.008515038900077343,
    0.0038527900088049217
   ]
  },
  "8|0.0": {
   "tsim": [
    0.03692969083786011,
    0.025436945361009766
   ],
   "gsim": [
    0.041715383529663086,
    0.020880068008183667
   ],
   "mse": [
    0.0007678813533857464,
    0.00031736151815795285
   ]
  },
  "8|0.1": {
   "tsim": [
    0.9994954854599201,
    0.00018149739970925989
   ],
   "gsim": [
    0.9744086913764477,
    0.009492197588418225
   ],
   "mse": [
    0.0006144447543192655,
    0.00036928151100506075
   ]
  },
  "8|1.0": {
   "tsim": [
    0.9999260197553668,
    2.0503230177194552e-05
   ],
   "gsim": [
    0.9537175796926022,
    0.006290666077330253
   ],
   "mse": [
    0.0007503839326091111,
    0.00016159027893876375
   ]
  },
  "8|10.0": {
   "tsim": [
    0.9999741889769211,
    4.949813786296822e-06
   ],
   "gsim": [
    0.9503363624215126,
    0.009943568853355974
   ],
   "mse": [
    0.0027970701921731234,
    0.0005456128734654843
   ]
  },
  "32|0.0": {
   "tsim": [
    0.07863701581954956,
    0.03120001007404476
   ],
   "gsim": [
    0.08357288837432861,
    0.028829106550589845
   ],
   "mse": [
    9.743529334471646e-08,
    7.292368223491893e-08
   ]
  },
  "32|0.1": {
   "tsim": [
    0.9997852797430824,
    9.170260500088854e-05
   ],
   "gsim": [
    0.9997867205849615,
    9.431838077115056e-05
   ],
   "mse": [
    2.540180389587476e-07,
    8.340093528478305e-08
   ]
  },
  "32|1.0": {
   "tsim": [
    0.999979381970661,
    6.892033948801521e-06
   ],
   "gsim": [
    0.9999795646814164,
    6.777951295382326e-06
   ],
   "mse": [
    8.336131827491044e-07,
    3.9074113909605514e-07
   ]
  },
  "32|10.0": {
   "tsim": [
    0.9999904950384917,
    5.080029105404515e-06
   ],
   "gsim": [
    0.9999905427653175,
    4.83933998484766e-06
   ],
   "mse": [
    6.326474067464005e-06,
    7.91534618694813e-06
   ]
  }
 },
 "e3b": {
  "0.0": {
   "tsim": [
    0.19634264707565308,
    0.048135304126572374
   ],
   "ood": [
    0.8069705724716186,
    0.04468945290840211
   ],
   "mmcs": [
    0.2510889083147049,
    0.04634896702939372
   ]
  },
  "0.01": {
   "tsim": [
    0.9854444369673729,
    0.00909148249231551
   ],
   "ood": [
    0.014824509713798761,
    0.009203361253736168
   ],
   "mmcs": [
    0.812656021118164,
    0.06806645493756969
   ]
  },
  "0.05": {
   "tsim": [
    0.9994541667809245,
    0.00015562580566889122
   ],
   "ood": [
    0.0005544907529838383,
    0.00016045885930464392
   ],
   "mmcs": [
    0.8612766623497009,
    0.05944094811737085
   ]
  },
  "0.2": {
   "tsim": [
    0.9999721817795943,
    9.403180587793805e-06
   ],
   "ood": [
    2.821611014951486e-05,
    9.968595911162221e-06
   ],
   "mmcs": [
    0.8822986721992493,
    0.07592728091476746
   ]
  },
  "0.5": {
   "tsim": [
    0.9999905816493083,
    3.3822686409564446e-06
   ],
   "ood": [
    9.497952578385594e-06,
    3.266183789901878e-06
   ],
   "mmcs": [
    0.8568166375160218,
    0.04066139718861633
   ]
  },
  "1.0": {
   "tsim": [
    0.9999936752969916,
    7.952577785824608e-07
   ],
   "ood": [
    6.369504080794286e-06,
    7.162939438418546e-07
   ],
   "mmcs": [
    0.8558097362518311,
    0.040410044570742945
   ]
  }
 },
 "e5b": {
  "balanced|1": [
   0.5292235016822815,
   0.1105225828367623
  ],
  "balanced|2": [
   0.7577529922127724,
   0.12988275157796708
  ],
  "balanced|3": [
   0.9731212531526884,
   0.005146389126897387
  ],
  "balanced|4": [
   0.9999744685289139,
   5.083762597030873e-06
  ],
  "balanced|5": [
   0.9842023380660976,
   0.0223075720714093
  ],
  "balanced|6": [
   0.9999597144815198,
   5.818886670323779e-06
  ],
  "skewed|1": [
   0.7994765664140383,
   0.1791749748326995
  ],
  "skewed|2": [
   0.942730636956791,
   0.052095747502214504
  ],
  "skewed|3": [
   0.9961053088190965,
   0.003979837440642828
  ],
  "skewed|4": [
   0.9994920495895107,
   0.000501094752984511
  ],
  "skewed|5": [
   0.9995340344612487,
   0.0003276781486599567
  ],
  "skewed|6": [
   0.9997346823596066,
   0.00024356624157254207
  ],
  "one|1": [
   0.9999996900994242,
   3.116612281657938e-07
  ],
  "one|2": [
   0.9999975908443351,
   1.6381277359038455e-06
  ],
  "one|3": [
   0.9999906123817558,
   5.196307113473994e-06
  ],
  "one|4": [
   0.9999898572182246,
   3.2989854359350603e-06
  ],
  "one|5": [
   0.9999937851079418,
   2.2658740441964825e-06
  ],
  "one|6": [
   0.9999869346282443,
   4.6991914511906276e-06
  ]
 },
 "e3a": {
  "random|1|hard": {
   "tsim": [
    0.9999936752969916,
    7.952577785824608e-07
   ],
   "mmcs": [
    0.8558097362518311,
    0.040410044570742945
   ]
  },
  "random|1|soft": {
   "tsim": [
    0.9999936752969916,
    7.952577785824608e-07
   ],
   "mmcs": [
    0.8558097362518311,
    0.040410044570742945
   ]
  },
  "random|2|hard": {
   "tsim": [
    0.6646314889192582,
    0.17405888650213877
   ],
   "mmcs": [
    0.5071703314781189,
    0.09843040907739067
   ]
  },
  "random|2|soft": {
   "tsim": [
    0.9999887988781666,
    5.790624203890459e-06
   ],
   "mmcs": [
    0.885927927494049,
    0.06948212144263635
   ]
  },
  "random|4|hard": {
   "tsim": [
    0.47846770882606504,
    0.09682324459455416
   ],
   "mmcs": [
    0.3609729140996933,
    0.08150805189356043
   ]
  },
  "random|4|soft": {
   "tsim": [
    0.9999906611570168,
    5.663546048238911e-06
   ],