{"step": [0, 200, 400, 600, 800, 1000, 1200, 1400, 1600, 1800, 2000, 2200, 2400, 2600, 2800, 3000, 3200, 3400, 3600, 3800, 4000, 4200, 4400, 4600, 4800, 5000, 5200, 5400, 5600, 5800, 6000, 6200, 6400, 6600, 6800, 7000, 7200, 7400, 7600, 7800, 8000], "loss": [4.608273029327393, 4.596108436584473, 4.591121196746826, 4.565177917480469, 4.548325538635254, 4.532373905181885, 4.509950637817383, 4.491848945617676, 4.485012054443359, 4.5076727867126465, 4.439413070678711, 4.414209365844727, 4.482091426849365, 4.446505546569824, 4.400057792663574, 4.387465476989746, 4.334095001220703, 4.520515441894531, 4.481609344482422, 4.443601131439209, 4.399288177490234, 4.3699870109558105, 4.368799686431885, 4.314621448516846, 4.298338413238525, 4.322242736816406, 4.305902481079102, 4.287590026855469, 4.2622246742248535, 4.281176567077637, 4.246294975280762, 4.2228193283081055, 4.22062873840332, 4.246189594268799, 4.243001937866211, 4.2266764640808105, 4.206875324249268, 4.189131736755371, 4.22913122177124, 4.2064056396484375, 4.215242385864258], "legal|in": [0.03081938996911049, 0.06639599800109863, 0.09440616518259048, 0.12674294412136078, 0.174909770488739, 0.181984081864357, 0.1912524551153183, 0.2014845758676529, 0.21501804888248444, 0.23107364773750305, 0.2486056387424469, 0.26554298400878906, 0.241941437125206, 0.2580380439758301, 0.2774770259857178, 0.2937377095222473, 0.3093011677265167, 0.19685038924217224, 0.2345595508813858, 0.26619914174079895, 0.2886318862438202, 0.3055487275123596, 0.32066109776496887, 0.3340715169906616, 0.34413960576057434, 0.3526492714881897, 0.3602772355079651, 0.3669414222240448, 0.37424129247665405, 0.3801673352718353, 0.3850680887699127, 0.39023539423942566, 0.394726037979126, 0.39792487025260925, 0.4005495309829712, 0.40229249000549316, 0.4038713872432709, 0.4043020009994507, 0.40489664673805237, 0.40506070852279663, 0.40508121252059937], "mass|in": [0.030608735978603363, 0.031723733991384506, 0.03269774094223976, 0.03494095429778099, 0.039304230362176895, 0.038541316986083984, 0.04276680946350098, 0.045322902500629425, 0.0491010844707489, 0.05418742448091507, 0.05984092503786087, 0.06483861058950424, 0.05104978382587433, 0.059333302080631256, 0.06706716120243073, 0.07637432217597961, 0.08343610167503357, 0.03915160521864891, 0.04578365013003349, 0.0579807385802269, 0.06918274611234665, 0.0757787823677063, 0.08297628909349442, 0.08949053287506104, 0.09548740088939667, 0.09811218827962875, 0.10441653430461884, 0.10567093640565872, 0.11200600862503052, 0.11209781467914581, 0.1179693415760994, 0.11718637496232986, 0.12034086883068085, 0.12155646085739136, 0.12053293734788895, 0.12231291085481644, 0.12403979897499084, 0.12442885339260101, 0.12472610175609589, 0.12491011619567871, 0.12494194507598877], "legal|ood 5x5": [0.035843174904584885, 0.05228838697075844, 0.07513123005628586, 0.08403050899505615, 0.11109744012355804, 0.11659284681081772, 0.12262138724327087, 0.1288139820098877, 0.1355396956205368, 0.1455872654914856, 0.15625, 0.17261318862438202, 0.17281824350357056, 0.19533300399780273, 0.2125163972377777, 0.23129920661449432, 0.24864664673805237, 0.1547326147556305, 0.1890173852443695, 0.2195291966199875, 0.23761482536792755, 0.252542644739151, 0.26632216572761536, 0.278215229511261, 0.28867289423942566, 0.2990075349807739, 0.30749672651290894, 0.3143044710159302, 0.3210301697254181, 0.32816600799560547, 0.33337435126304626, 0.33817258477211, 0.34264272451400757, 0.34649771451950073, 0.3485892415046692, 0.35039371252059937, 0.3516240119934082, 0.35232120752334595, 0.35281333327293396, 0.35297736525535583, 0.3531413972377777], "mass|ood 5x5": [0.03354230895638466, 0.03377978131175041, 0.03405211865901947, 0.03478546813130379, 0.03656082972884178, 0.036482322961091995, 0.03774343430995941, 0.03857702389359474, 0.03963907063007355, 0.04141717031598091, 0.04350024461746216, 0.045923665165901184, 0.04203760251402855, 0.04658186063170433, 0.05072830989956856, 0.0556899830698967, 0.059657368808984756, 0.03788876160979271, 0.041450560092926025, 0.04860731214284897, 0.055623240768909454, 0.060080211609601974, 0.06445151567459106, 0.06812842935323715, 0.07113782316446304, 0.07218863815069199, 0.0757555440068245, 0.07652295380830765, 0.07988346368074417, 0.07981973141431808, 0.08315931260585785, 0.08268772810697556, 0.0844675675034523, 0.08535420894622803, 0.08471886813640594, 0.08586636930704117, 0.0869167149066925, 0.08716344833374023, 0.08735539764165878, 0.0874679759144783, 0.08748822659254074], "legal|ood 6x6": [0.03973917290568352, 0.053764764219522476, 0.0663139745593071, 0.08042158931493759, 0.09936843812465668, 0.10006561875343323, 0.10223916918039322, 0.10945702344179153, 0.11942256987094879, 0.12922407686710358, 0.1421423852443695, 0.1599409431219101, 0.14911417663097382, 0.1719980239868164, 0.1906578093767166, 0.21005576848983765, 0.2290436327457428, 0.1356627345085144, 0.16760990023612976, 0.19783464074134827, 0.2216617465019226, 0.24105970561504364, 0.256069540977478, 0.2688238322734833, 0.2799786627292633, 0.28740158677101135, 0.2954806387424469, 0.3030675947666168, 0.3106135129928589, 0.31762629747390747, 0.3241879940032959, 0.33021652698516846, 0.33378446102142334, 0.3367372155189514, 0.3392798602581024, 0.341207355260849, 0.3429707884788513, 0.34346291422843933, 0.3439960479736328, 0.3444061577320099, 0.3443651497364044], "mass|ood 6x6": [0.03471871465444565, 0.034959904849529266, 0.035198748111724854, 0.03577764332294464, 0.03699452430009842, 0.036886896938085556, 0.037692923098802567, 0.03828952834010124, 0.03907889127731323, 0.040346115827560425, 0.04197121784090996, 0.043995413929224014, 0.041250716894865036, 0.04454658180475235, 0.047828059643507004, 0.05191836506128311, 0.05542408302426338, 0.038479045033454895, 0.0413966178894043, 0.04716802388429642, 0.05293033644556999, 0.05670721083879471, 0.060491397976875305, 0.06368540227413177, 0.06621027737855911, 0.06719156354665756, 0.07003014534711838, 0.07083317637443542, 0.07355894893407822, 0.07367793470621109, 0.07647576183080673, 0.07619397342205048, 0.0777132511138916, 0.07850659638643265, 0.07798103988170624, 0.07901562750339508, 0.07994081825017929, 0.08018480241298676, 0.08035634458065033, 0.08045689016580582, 0.08047458529472351], "config": {"topology": "grid", "n_layer": 3, "d_model": 64, "n_params": 86528}}