{"step": [0, 200, 400, 600, 800, 1000, 1200, 1400, 1600, 1800, 2000, 2200, 2400, 2600, 2800, 3000, 3200, 3400, 3600, 3800, 4000, 4200, 4400, 4600, 4800, 5000, 5200, 5400, 5600, 5800, 6000, 6200, 6400, 6600, 6800, 7000, 7200, 7400, 7600, 7800, 8000], "loss": [4.609696865081787, 4.601057052612305, 4.581480979919434, 4.557118892669678, 4.547138214111328, 4.519747257232666, 4.506199359893799, 4.498310089111328, 4.473964691162109, 4.467471599578857, 4.460084915161133, 4.455200672149658, 4.389956474304199, 4.377893924713135, 4.366717338562012, 4.329615116119385, 4.296930313110352, 4.283893585205078, 4.273922920227051, 4.256943225860596, 4.230263710021973, 4.193230152130127, 4.174769401550293, 4.177882671356201, 4.167324542999268, 4.135887145996094, 4.117673397064209, 4.118228912353516, 4.099801540374756, 4.062657356262207, 4.07099723815918, 4.065133571624756, 4.066173553466797, 4.040085792541504, 4.053495407104492, 4.058692932128906, 4.044494152069092, 4.046403408050537, 4.029569149017334, 4.003524303436279, 4.031558513641357], "legal|in": [0.0403338260948658, 0.08111876249313354, 0.12276493012905121, 0.15793143212795258, 0.16332431137561798, 0.19820374250411987, 0.20734907686710358, 0.20868192613124847, 0.21815535426139832, 0.2328576147556305, 0.25512629747390747, 0.2661581337451935, 0.278215229511261, 0.28346455097198486, 0.29406577348709106, 0.30823490023612976, 0.3208456337451935, 0.3325541317462921, 0.34366798400878906, 0.35377705097198486, 0.36048227548599243, 0.3705298602581024, 0.37787073850631714, 0.3851706087589264, 0.3910556137561798, 0.39743274450302124, 0.40391239523887634, 0.40700870752334595, 0.41234004497528076, 0.4180610179901123, 0.42331036925315857, 0.426960289478302, 0.4291543662548065, 0.43225064873695374, 0.43370652198791504, 0.43534696102142334, 0.436515748500824, 0.4378075897693634, 0.43782809376716614, 0.43778708577156067, 0.4379101097583771], "mass|in": [0.03494647517800331, 0.03541962057352066, 0.03756698966026306, 0.04127737879753113, 0.04280518740415573, 0.04785528779029846, 0.04864344745874405, 0.05190010741353035, 0.053905948996543884, 0.05722346156835556, 0.06378992646932602, 0.06748175621032715, 0.07293755561113358, 0.06938644498586655, 0.07665673643350601, 0.08330614119768143, 0.08979351073503494, 0.09606188535690308, 0.10206175595521927, 0.10343872010707855, 0.10710344463586807, 0.11511405557394028, 0.12031378597021103, 0.12497420608997345, 0.12340788543224335, 0.13063709437847137, 0.13277161121368408, 0.13716281950473785, 0.13978703320026398, 0.14233601093292236, 0.14300751686096191, 0.1457991749048233, 0.14758025109767914, 0.14961452782154083, 0.15029360353946686, 0.15121586620807648, 0.15197759866714478, 0.15216192603111267, 0.15257517993450165, 0.1523541361093521, 0.15238763391971588], "legal|ood 5x5": [0.031208990141749382, 0.05725065618753433, 0.09055118262767792, 0.109498031437397, 0.10736548155546188, 0.12807579338550568, 0.13394029438495636, 0.1363188922405243, 0.1395997405052185, 0.15038549900054932, 0.16305774450302124, 0.17413057386875153, 0.18233267962932587, 0.19069881737232208, 0.20259186625480652, 0.21415682137012482, 0.22568076848983765, 0.23720473051071167, 0.25094324350357056, 0.25906333327293396, 0.26710137724876404, 0.2780511677265167, 0.28752461075782776, 0.2956036627292633, 0.30405184626579285, 0.31065452098846436, 0.3165600299835205, 0.3231627345085144, 0.32816600799560547, 0.33464565873146057, 0.33948490023612976, 0.3439140319824219, 0.3476870059967041, 0.3499836027622223, 0.3522391617298126, 0.35547900199890137, 0.35716041922569275, 0.3577345907688141, 0.35843175649642944, 0.3588418662548065, 0.358882874250412], "mass|ood 5x5": [0.03659692034125328, 0.0368238128721714, 0.03777056932449341, 0.03927839919924736, 0.039764437824487686, 0.041624948382377625, 0.04202355444431305, 0.04329823702573776, 0.04397932440042496, 0.045511431992053986, 0.04812232032418251, 0.04988832026720047, 0.052627068012952805, 0.051773350685834885, 0.055697303265333176, 0.05912939831614494, 0.062249843031167984, 0.0655408725142479, 0.06856732815504074, 0.06945899873971939, 0.072016641497612, 0.07615111768245697, 0.0791231170296669, 0.0819718986749649, 0.08151373267173767, 0.08587948977947235, 0.08731912076473236, 0.09013283252716064, 0.09189750999212265, 0.0935593843460083, 0.09429547190666199, 0.09621921926736832, 0.09736642986536026, 0.09862404316663742, 0.0991898775100708, 0.099822998046875, 0.10032880306243896, 0.1004580408334732, 0.10072436928749084, 0.10059382766485214, 0.10061497241258621], "legal|ood 6x6": [0.035269029438495636, 0.0456036739051342, 0.07020997256040573, 0.08398950099945068, 0.08382546156644821, 0.09752296656370163, 0.09986056387424469, 0.10215715318918228, 0.10486384481191635, 0.11117946356534958, 0.1209399625658989, 0.13152067363262177, 0.14144520461559296, 0.14981135725975037, 0.16395998001098633, 0.1799950748682022, 0.1913139820098877, 0.2048884481191635, 0.21460793912410736, 0.22588582336902618, 0.23658956587314606, 0.2482365518808365, 0.26037564873695374, 0.2703412175178528, 0.27989664673805237, 0.28994423151016235, 0.29695701599121094, 0.30610236525535583, 0.31282809376716614, 0.3195127844810486, 0.3248441517353058, 0.3318159580230713, 0.3352198004722595, 0.3380085229873657, 0.34141239523887634, 0.34329888224601746, 0.3447752594947815, 0.34559547901153564, 0.3459235429763794, 0.3461286127567291, 0.3460465967655182], "mass|ood 6x6": [0.03721622750163078, 0.037357181310653687, 0.03788961470127106, 0.03884097561240196, 0.0392245352268219, 0.04064397141337395, 0.04083710536360741, 0.041637737303972244, 0.042262669652700424, 0.04336811229586601, 0.045229122042655945, 0.046537045389413834, 0.04855768010020256, 0.04819006845355034, 0.05110819265246391, 0.05376240983605385, 0.05619177222251892, 0.05878383293747902, 0.06127972900867462, 0.062193889170885086, 0.06422208994626999, 0.06774705648422241, 0.07038471102714539, 0.0729297623038292, 0.0726841613650322, 0.07639405876398087, 0.07778699696063995, 0.0802844762802124, 0.08189908415079117, 0.08341874182224274, 0.08415413647890091, 0.08590339124202728, 0.08688873052597046, 0.08801528811454773, 0.08853679895401001, 0.0890946090221405, 0.08952803164720535, 0.08966368436813354, 0.08989430963993073, 0.08978626132011414, 0.08980447798967361], "config": {"topology": "cylinder", "n_layer": 3, "d_model": 32, "n_params": 24832}}