{"step": [0, 100, 200, 300, 400, 500, 600, 700, 800, 900, 1000, 1100, 1200, 1300, 1400, 1500, 1600, 1700, 1800, 1900, 2000, 2100, 2200, 2300, 2400, 2500, 2600, 2700, 2800, 2900, 3000, 3100, 3200, 3300, 3400, 3500, 3600, 3700, 3800, 3900, 4000], "loss": [4.646875858306885, 4.631866455078125, 4.622581481933594, 4.608282566070557, 4.579227924346924, 4.5395660400390625, 4.5202789306640625, 4.463717460632324, 4.456750869750977, 4.427415370941162, 4.4208784103393555, 4.405364036560059, 4.371814250946045, 4.385498523712158, 4.3793745040893555, 4.38538932800293, 4.377236366271973, 4.393607139587402, 4.381026744842529, 4.351830005645752, 4.33466911315918, 4.333329677581787, 4.320169925689697, 4.36228609085083, 4.380329132080078, 4.342615127563477, 4.349395275115967, 4.354437351226807, 4.337428569793701, 4.33217716217041, 4.334261417388916, 4.334786415100098, 4.352370738983154, 4.342104911804199, 4.331960201263428, 4.349913120269775, 4.354545593261719, 4.331211090087891, 4.336305141448975, 4.351984024047852, 4.341516017913818], "acc@5": [0.005494505632668734, 0.005687671713531017, 0.008112980984151363, 0.02313701994717121, 0.04747596010565758, 0.07222270220518112, 0.09493046253919601, 0.10860233753919601, 0.11534169316291809, 0.12339027971029282, 0.12437757849693298, 0.12369076162576675, 0.12158739566802979, 0.11950549483299255, 0.11798162758350372, 0.1189689189195633, 0.11680116504430771, 0.11744505167007446, 0.12094350904226303, 0.11933378875255585, 0.12014938145875931, 0.12055717408657074, 0.12098643183708191, 0.12087912112474442, 0.12023523449897766, 0.1208147332072258, 0.11961280554533005, 0.12130837887525558, 0.12150154262781143, 0.12190934270620346, 0.12253176420927048, 0.12255322933197021, 0.12240298837423325, 0.12259615212678909, 0.12272492796182632, 0.12175910174846649, 0.12190934270620346, 0.1219308003783226, 0.1219308003783226, 0.12197373062372208, 0.12201665341854095], "acc@10": [0.00840297993272543, 0.008357558399438858, 0.009424963966012001, 0.014239643700420856, 0.028842659667134285, 0.042946040630340576, 0.050599563866853714, 0.050122637301683426, 0.05223473906517029, 0.052757084369659424, 0.051848653703927994, 0.050803959369659424, 0.049781978130340576, 0.04812408983707428, 0.046965841203927994, 0.04723837226629257, 0.046761445701122284, 0.047124817967414856, 0.04664789140224457, 0.04630723223090172, 0.04671602323651314, 0.04548964276909828, 0.04567132890224457, 0.046193677932024, 0.046148255467414856, 0.045171692967414856, 0.045171692967414856, 0.044921875, 0.04478561133146286, 0.044603925198316574, 0.04505813866853714, 0.04499000683426857, 0.044944584369659424, 0.04512627050280571, 0.04469476640224457, 0.045012716203927994, 0.044672057032585144, 0.04469476640224457, 0.044876452535390854, 0.044831033796072006, 0.044808320701122284], "acc@15": [0.009669174440205097, 0.010513117536902428, 0.01130883488804102, 0.016613619402050972, 0.021122684702277184, 0.0262586809694767, 0.03011670522391796, 0.029923804104328156, 0.028742283582687378, 0.02912808582186699, 0.028308255597949028, 0.027150848880410194, 0.02664448320865631, 0.025896990671753883, 0.025583526119589806, 0.025511188432574272, 0.024763695895671844, 0.02582465298473835, 0.025800541043281555, 0.025462962687015533, 0.025366513058543205, 0.025631751865148544, 0.025101272389292717, 0.025583526119589806, 0.025294173508882523, 0.025704089552164078, 0.02543885074555874, 0.025728201493620872, 0.025414736941456795, 0.025077160447835922, 0.024980708956718445, 0.025149498134851456, 0.025028934702277184, 0.02500482276082039, 0.02512538619339466, 0.025197723880410194, 0.025028934702277184, 0.02495659701526165, 0.024884259328246117, 0.024884259328246117, 0.024884259328246117], "acc@20": [0.009765625, 0.009688528254628181, 0.010382401756942272, 0.01338918600231409, 0.017809415236115456, 0.021253084763884544, 0.02197265625, 0.021355880424380302, 0.021253084763884544, 0.021227383986115456, 0.021869860589504242, 0.02045641466975212, 0.020353619009256363, 0.02004523016512394, 0.01996813341975212, 0.019685443490743637, 0.019634045660495758, 0.01960834674537182, 0.019274258986115456, 0.01896587200462818, 0.019171463325619698, 0.018811678513884544, 0.019145764410495758, 0.019299959763884544, 0.018837377429008484, 0.01947985216975212, 0.019222861155867577, 0.019377056509256363, 0.019428454339504242, 0.019197162240743637, 0.018863076344132423, 0.01904296875, 0.01899157091975212, 0.01896587200462818, 0.018811678513884544, 0.01899157091975212, 0.01899157091975212, 0.01901726983487606, 0.01899157091975212, 0.01896587200462818, 0.01896587200462818], "acc@25": [0.009297975338995457, 0.008995378389954567, 0.009600572288036346, 0.011498679406940937, 0.01501980610191822, 0.017990756779909134, 0.0172205101698637, 0.018871039152145386, 0.017137983813881874, 0.017908230423927307, 0.01768816076219082, 0.016752861440181732, 0.01708296686410904, 0.016560299322009087, 0.015707526355981827, 0.01477222703397274, 0.013864436186850071, 0.013809419237077236, 0.013341769576072693, 0.012929136864840984, 0.012406470254063606, 0.011801276355981827, 0.012488996610045433, 0.012461488135159016, 0.012378960847854614, 0.01196632906794548, 0.011443661525845528, 0.011828784830868244, 0.011581205762922764, 0.01147117093205452, 0.01141615305095911, 0.01166373211890459, 0.011691241525113583, 0.011581205762922764, 0.011746258474886417, 0.011581205762922764, 0.011553697288036346, 0.01147117093205452, 0.01141615305095911, 0.01147117093205452, 0.011443661525845528], "acc@30": [0.010091145522892475, 0.010179923847317696, 0.010150331072509289, 0.012636126950383186, 0.01592092774808407, 0.017370974645018578, 0.018643466755747795, 0.020448626950383186, 0.019324099645018578, 0.019590435549616814, 0.021750710904598236, 0.02260890230536461, 0.02278645895421505, 0.023348720744252205, 0.023644650354981422, 0.023348720744252205, 0.0244140625, 0.024177320301532745, 0.02542021870613098, 0.025153882801532745, 0.02524266019463539, 0.02568655274808407, 0.026012074202299118, 0.02589370310306549, 0.0263671875, 0.025923294946551323, 0.02687026560306549, 0.026455966755747795, 0.026426373049616814, 0.026248816400766373, 0.026100851595401764, 0.02651515230536461, 0.026278408244252205, 0.02618963085114956, 0.026278408244252205, 0.026278408244252205, 0.02633759379386902, 0.026426373049616814, 0.02639678120613098, 0.026455966755747795, 0.026455966755747795], "config": {"n_layer": 1, "d_model": 8, "n_head": 2, "n_params": 1984}}