{"0": 1.0, "1": 0.9838578183596934, "2": 0.9858552631578947, "3": 0.9088215931533904}