{"step": [0, 200, 400, 600, 800, 1000, 1200, 1400, 1600, 1800, 2000, 2200, 2400, 2600, 2800, 3000, 3200, 3400, 3600, 3800, 4000, 4200, 4400, 4600, 4800, 5000, 5200, 5400, 5600, 5800, 6000, 6200, 6400, 6600, 6800, 7000, 7200, 7400, 7600, 7800, 8000, 8200, 8400, 8600, 8800, 9000, 9200, 9400, 9600, 9800, 10000, 10200, 10400, 10600, 10800, 11000, 11200, 11400, 11600, 11800, 12000, 12200, 12400, 12600, 12800, 13000, 13200, 13400, 13600, 13800, 14000, 14200, 14400, 14600, 14800, 15000, 15200, 15400, 15600, 15800, 16000, 16200, 16400, 16600, 16800, 17000, 17200, 17400, 17600, 17800, 18000, 18200, 18400, 18600, 18800, 19000, 19200, 19400, 19600, 19800, 20000], "loss": [4.6170501708984375, 3.9617722034454346, 3.288883924484253, 3.1810734272003174, 3.1259260177612305, 3.1044363975524902, 3.060391426086426, 3.05521559715271, 3.018540859222412, 2.9845070838928223, 2.9762983322143555, 2.963949203491211, 2.95447039604187, 2.9386045932769775, 2.916808843612671, 2.77402925491333, 2.664064645767212, 2.5951366424560547, 2.5617258548736572, 2.4836747646331787, 2.463078498840332, 2.435474157333374, 2.3978519439697266, 2.385936975479126, 2.367072105407715, 2.375189781188965, 2.376436471939087, 2.3620572090148926, 2.3686540126800537, 2.3536925315856934, 2.338684558868408, 2.332707643508911, 2.3393795490264893, 2.3205318450927734, 2.3370723724365234, 2.329481840133667, 2.316082000732422, 2.311053514480591, 2.305443525314331, 2.2986109256744385, 2.3072736263275146, 2.2945401668548584, 2.3107001781463623, 2.2877087593078613, 2.309077024459839, 2.2957117557525635, 2.3005120754241943, 2.2933871746063232, 2.289027690887451, 2.2792301177978516, 2.2944533824920654, 2.277974843978882, 2.278745412826538, 2.2691330909729004, 2.263413906097412, 2.2618746757507324, 2.266749858856201, 2.2672243118286133, 2.2591638565063477, 2.263331651687622, 2.266967296600342, 2.257192373275757, 2.255805730819702, 2.2491464614868164, 2.2446277141571045, 2.2585177421569824, 2.2356338500976562, 2.2457242012023926, 2.233023166656494, 2.238114595413208, 2.2572097778320312, 2.232304096221924, 2.228914737701416, 2.2391231060028076, 2.238985300064087, 2.2454142570495605, 2.2254931926727295, 2.246769666671753, 2.2150800228118896, 2.2273952960968018, 2.2505931854248047, 2.215602159500122, 2.2293546199798584, 2.2315752506256104, 2.228550672531128, 2.2321677207946777, 2.226574420928955, 2.2051498889923096, 2.2294981479644775, 2.224174737930298, 2.217439651489258, 2.2168447971343994, 2.219680070877075, 2.223802328109741, 2.2189502716064453, 2.2169501781463623, 2.2113733291625977, 2.2242343425750732, 2.2314300537109375, 2.2159857749938965, 2.2185299396514893], "legal|in": [0.03369012475013733, 0.44523048400878906, 0.7241839170455933, 0.7732529640197754, 0.7807373404502869, 0.7951935529708862, 0.7977567315101624, 0.7866839170455933, 0.7948859930038452, 0.7972440719604492, 0.8063689470291138, 0.7912360429763794, 0.8164575099945068, 0.7915025949478149, 0.801283597946167, 0.8548433184623718, 0.908218502998352, 0.9313894510269165, 0.9315329790115356, 0.9539042115211487, 0.950705349445343, 0.9624548554420471, 0.9603428244590759, 0.9655101895332336, 0.9666584730148315, 0.9707800149917603, 0.9670685529708862, 0.9710055589675903, 0.9744299650192261, 0.972543478012085, 0.9726049900054932, 0.973835289478302, 0.9766650199890137, 0.9764599800109863, 0.9765214920043945, 0.9772596955299377, 0.977936327457428, 0.9792487025260925, 0.9786745309829712, 0.9797407984733582, 0.9795357584953308, 0.9791871905326843, 0.9807250499725342, 0.9817708134651184, 0.9814632534980774, 0.9820374250411987, 0.9827755689620972, 0.9831447005271912, 0.9843544960021973, 0.985133707523346, 0.9833702445030212, 0.9845595359802246, 0.9855642914772034, 0.985133707523346, 0.9855232834815979, 0.9860564470291138, 0.9851132035255432, 0.9849081039428711, 0.9870406985282898, 0.9857078194618225, 0.985666811466217, 0.9860769510269165, 0.986343502998352, 0.9871637225151062, 0.9870612025260925, 0.9861384630203247, 0.9869586825370789, 0.9873482584953308, 0.9877583384513855, 0.9877378344535828, 0.9875532984733582, 0.9876148104667664, 0.9866305589675903, 0.9880659580230713, 0.9882094860076904, 0.9870612025260925, 0.9877788424491882, 0.9878198504447937, 0.9878814220428467, 0.9880454540252686, 0.9876148104667664, 0.9879224300384521, 0.9875943064689636, 0.9879429340362549, 0.9880249500274658, 0.9876763224601746, 0.9876558184623718, 0.9881889820098877, 0.9880454540252686, 0.9879839420318604, 0.9880249500274658, 0.9876968264579773, 0.9883325099945068, 0.9881889820098877, 0.9881274700164795, 0.9879429340362549, 0.9879429340362549, 0.9879839420318604, 0.9880659580230713, 0.988086462020874, 0.9880659580230713], "mass|in": [0.03058188036084175, 0.16392628848552704, 0.365824431180954, 0.41868290305137634, 0.4327489137649536, 0.4259493052959442, 0.427150696516037, 0.41878047585487366, 0.4174847900867462, 0.4133853018283844, 0.4123520255088806, 0.41931650042533875, 0.4157172441482544, 0.42075642943382263, 0.44804275035858154, 0.5274174213409424, 0.5783874988555908, 0.6066835522651672, 0.6369695663452148, 0.65284663438797, 0.6757457852363586, 0.6627368927001953, 0.6975442171096802, 0.7048693895339966, 0.7018059492111206, 0.7012024521827698, 0.7155134677886963, 0.7132468223571777, 0.6988236904144287, 0.7166242003440857, 0.7197999954223633, 0.7376207709312439, 0.7196422815322876, 0.7219193577766418, 0.7290838956832886, 0.7305730581283569, 0.7305371761322021, 0.7389523983001709, 0.7416198253631592, 0.7385208010673523, 0.7364288568496704, 0.7417062520980835, 0.7404766082763672, 0.7421420216560364, 0.746587336063385, 0.7352544665336609, 0.7490703463554382, 0.744271993637085, 0.7484301328659058, 0.7478993535041809, 0.7508544921875, 0.7471486330032349, 0.7456806898117065, 0.7471743822097778, 0.751573383808136, 0.7465088367462158, 0.7534617185592651, 0.7498725652694702, 0.7511178255081177, 0.7510289549827576, 0.7607934474945068, 0.7478695511817932, 0.7595034837722778, 0.7506473660469055, 0.7518153786659241, 0.7588493227958679, 0.7578551173210144, 0.7528190016746521, 0.7489261031150818, 0.7571006417274475, 0.7579345107078552, 0.7543824911117554, 0.7577763199806213, 0.7559475898742676, 0.754480242729187, 0.7584408521652222, 0.7568250298500061, 0.7633772492408752, 0.7567667365074158, 0.7606595158576965, 0.7583063840866089, 0.7628883719444275, 0.7589884400367737, 0.7611573934555054, 0.757514476776123, 0.7617513537406921, 0.7605186104774475, 0.759458601474762, 0.761082112789154, 0.7633960247039795, 0.7627484798431396, 0.7628236413002014, 0.7600679397583008, 0.7608522176742554, 0.7623288035392761, 0.7618233561515808, 0.7623334527015686, 0.7620013952255249, 0.7617835998535156, 0.7621535062789917, 0.7620707154273987],