{"step": [0, 200, 400, 600, 800, 1000, 1200, 1400, 1600, 1800, 2000, 2200, 2400, 2600, 2800, 3000, 3200, 3400, 3600, 3800, 4000, 4200, 4400, 4600, 4800, 5000, 5200, 5400, 5600, 5800, 6000, 6200, 6400, 6600, 6800, 7000, 7200, 7400, 7600, 7800, 8000], "loss": [4.761256694793701, 3.5084776878356934, 3.0568935871124268, 2.8801379203796387, 2.614839792251587, 2.473741292953491, 2.3769266605377197, 2.34808611869812, 2.319406270980835, 2.288409471511841, 2.267030954360962, 2.2559452056884766, 2.223928451538086, 2.2277207374572754, 2.2083308696746826, 2.196367025375366, 2.185575246810913, 2.191479206085205, 2.1769514083862305, 2.1690776348114014, 2.157576322555542, 2.2111454010009766, 2.145040273666382, 2.1451609134674072, 2.139186143875122, 2.117380380630493, 2.1344761848449707, 2.1218385696411133, 2.117762327194214, 2.1016454696655273, 2.1177685260772705, 2.1033787727355957, 2.105257034301758, 2.097327709197998, 2.110903739929199, 2.1034414768218994, 2.096966505050659, 2.0951919555664062, 2.0863943099975586, 2.0823545455932617, 2.107100486755371], "legal|in": [0.031639598309993744, 0.5516117215156555, 0.6835629940032959, 0.7447506785392761, 0.8809055089950562, 0.9468093514442444, 0.9657562375068665, 0.973076581954956, 0.9731175899505615, 0.9795767664909363, 0.9788180589675903, 0.9829190969467163, 0.9845185279846191, 0.9872457385063171, 0.9859539270401001, 0.9887630939483643, 0.9875122904777527, 0.9887630939483643, 0.9885785579681396, 0.9896653294563293, 0.9903010129928589, 0.983001172542572, 0.9912442564964294, 0.9917158484458923, 0.9920234680175781, 0.9919414520263672, 0.9921259880065918, 0.9924540519714355, 0.992946207523346, 0.9928436875343323, 0.9935203194618225, 0.9934383034706116, 0.993848443031311, 0.9937048554420471, 0.9939099550247192, 0.9939509630203247, 0.9938894510269165, 0.9941149950027466, 0.9941149950027466, 0.9941970109939575, 0.9942585229873657], "mass|in": [0.030629560351371765, 0.28089797496795654, 0.37743082642555237, 0.4152160882949829, 0.5610922574996948, 0.6400498747825623, 0.6764735579490662, 0.6887652277946472, 0.6950846314430237, 0.7110303044319153, 0.6997234225273132, 0.7043904066085815, 0.7167524695396423, 0.7129573225975037, 0.7338230609893799, 0.734254777431488, 0.7332615256309509, 0.7384864687919617, 0.7402050495147705, 0.7378503084182739, 0.7441495060920715, 0.7310088276863098, 0.7559087872505188, 0.752512514591217, 0.747650682926178, 0.7642728686332703, 0.7566055655479431, 0.7629690766334534, 0.7585742473602295, 0.7624455690383911, 0.766241192817688, 0.7604144811630249, 0.7617772221565247, 0.7639344334602356, 0.7617135643959045, 0.7655009031295776, 0.7633718252182007, 0.7639413475990295, 0.7648666501045227, 0.7657225728034973, 0.7652834057807922], "legal|ood 5x5": [0.03485892340540886, 0.497949481010437, 0.6966453194618225, 0.7627542614936829, 0.8448572754859924, 0.9114993214607239, 0.9345882534980774, 0.9441027045249939, 0.9489009380340576, 0.9517716765403748, 0.9574310779571533, 0.9587024450302124, 0.9637877345085144, 0.9670685529708862, 0.9669045209884644, 0.9660432934761047, 0.96875, 0.9699392914772034, 0.9705544710159302, 0.9706364870071411, 0.974901556968689, 0.9635006785392761, 0.9735072255134583, 0.9743684530258179, 0.978223443031311, 0.974819540977478, 0.9770750999450684, 0.9755167365074158, 0.9778953194618225, 0.977854311466217, 0.9776902794837952, 0.9784694910049438, 0.9789615869522095, 0.9791256785392761, 0.9796587824821472, 0.978920578956604, 0.9791256785392761, 0.9796587824821472, 0.978920578956604, 0.9790436029434204, 0.9790025949478149], "mass|ood 5x5": [0.03368915989995003, 0.18883131444454193, 0.3063924312591553, 0.34033915400505066, 0.4570425748825073, 0.5335574150085449, 0.5726199150085449, 0.5885177850723267, 0.6010743975639343, 0.6162645220756531, 0.6124829053878784, 0.6170803904533386, 0.6308972239494324, 0.6302844882011414, 0.6475535035133362, 0.6486672163009644, 0.6523634791374207, 0.6566988825798035, 0.659200131893158, 0.6551869511604309, 0.6605935096740723, 0.6452698111534119, 0.6699431538581848, 0.6673669815063477, 0.6650645136833191, 0.6774575710296631, 0.670460045337677, 0.676418662071228, 0.6727221012115479, 0.6772961020469666, 0.6798079609870911, 0.6746430993080139, 0.6755655407905579, 0.6769468188285828, 0.6751311421394348, 0.6783633232116699, 0.676642656326294, 0.6771318912506104, 0.6778666377067566, 0.6784052848815918, 0.6781283020973206], "legal|ood 6x6": [0.03453084081411362, 0.48519521951675415, 0.7039042115211487, 0.7634104490280151, 0.8330462574958801, 0.8914042115211487, 0.9067010879516602, 0.9178969860076904, 0.9206036925315857, 0.9261400699615479, 0.9315124750137329, 0.9343422055244446, 0.9338500499725342, 0.9400016665458679, 0.9386892914772034, 0.9408218264579773, 0.9434055089950562, 0.9409448504447937, 0.9442257285118103, 0.945004940032959, 0.946973443031311, 0.9303231835365295, 0.9445948004722595, 0.9481627345085144, 0.9506643414497375, 0.9482447504997253, 0.953125, 0.9507464170455933, 0.9513615369796753, 0.9523047804832458, 0.9511154890060425, 0.9520177245140076, 0.9532890319824219, 0.952058732509613, 0.9547654390335083, 0.9533300399780273, 0.9547654390335083, 0.9536991715431213, 0.9543963074684143, 0.954109251499176, 0.9543552994728088], "mass|ood 6x6": [0.034864749759435654, 0.16727693378925323, 0.2802685499191284, 0.3124738931655884, 0.4109024405479431, 0.47287091612815857, 0.5093829035758972, 0.5239241123199463, 0.5321367383003235, 0.5544876456260681, 0.5484976172447205, 0.5532317161560059, 0.56947261095047, 0.5657958984375, 0.5845595002174377, 0.5857332348823547, 0.5884388089179993, 0.5956124067306519, 0.5982261300086975, 0.5926036834716797, 0.5972391366958618, 0.5795740485191345, 0.6058564782142639, 0.6040086150169373, 0.6036733388900757, 0.6151918172836304, 0.6084257364273071, 0.6139269471168518, 0.611907422542572, 0.6155327558517456, 0.6172950267791748, 0.6138427257537842, 0.6137729287147522, 0.6156020164489746, 0.6138492822647095, 0.6169189214706421, 0.6155256628990173, 0.6156317591667175, 0.6165187358856201, 0.617087721824646, 0.6168187856674194], "config": {"topology": "grid", "n_layer": 3, "d_model": 128, "n_params": 320512, "residual": "add"}}