{"step": [0, 100, 200, 300, 400, 500, 600, 700, 800, 900, 1000, 1100, 1200, 1300, 1400, 1500, 1600, 1700, 1800, 1900, 2000, 2100, 2200, 2300, 2400, 2500, 2600, 2700, 2800, 2900, 3000, 3100, 3200, 3300, 3400, 3500, 3600, 3700, 3800, 3900, 4000], "loss": [4.646751403808594, 4.636671543121338, 4.59341287612915, 4.483179569244385, 4.231711387634277, 3.916825771331787, 3.5165064334869385, 3.285771369934082, 3.1722490787506104, 3.072253465652466, 3.0298473834991455, 2.997912645339966, 2.9096126556396484, 2.857063055038452, 2.8560428619384766, 2.8772058486938477, 2.896008014678955, 2.8406131267547607, 2.8223705291748047, 2.8068413734436035, 2.833096742630005, 2.779200315475464, 2.7473409175872803, 2.830503225326538, 2.79267954826355, 2.7996129989624023, 2.801193952560425, 2.8164572715759277, 2.7701189517974854, 2.8149354457855225, 2.7333085536956787, 2.767399787902832, 2.7580928802490234, 2.801882028579712, 2.8048460483551025, 2.7873783111572266, 2.782707452774048, 2.868978977203369, 2.758714199066162, 2.8014800548553467, 2.8026363849639893], "acc@5": [0.007469093427062035, 0.007726648356765509, 0.030734889209270477, 0.10448145866394043, 0.17945140600204468, 0.24491329491138458, 0.3051811456680298, 0.34578898549079895, 0.3783052861690521, 0.39440247416496277, 0.4068080484867096, 0.4204155206680298, 0.4276270568370819, 0.4428442716598511, 0.4553571343421936, 0.4490041136741638, 0.4637705981731415, 0.4610019028186798, 0.4641569256782532, 0.4539191424846649, 0.45617273449897766, 0.45834049582481384, 0.4598858058452606, 0.4652300775051117, 0.46085163950920105, 0.4661959111690521, 0.4637276828289032, 0.4608730971813202, 0.4649081528186798, 0.4687929153442383, 0.47111091017723083, 0.4664749205112457, 0.46643200516700745, 0.46776270866394043, 0.4676768481731415, 0.46744075417518616, 0.4685139060020447, 0.4660671353340149, 0.4668397903442383, 0.4668612778186798, 0.4667324721813202], "acc@10": [0.010878452099859715, 0.011014716699719429, 0.026844114065170288, 0.06751907616853714, 0.12318313866853714, 0.18366187810897827, 0.22077125310897827, 0.2155250757932663, 0.225381538271904, 0.23080940544605255, 0.23698674142360687, 0.2494095265865326, 0.251953125, 0.2683503031730652, 0.27350562810897827, 0.2869277000427246, 0.29192405939102173, 0.2951262593269348, 0.2961709797382355, 0.31009265780448914, 0.30904796719551086, 0.3171102702617645, 0.3206985890865326, 0.3157022297382355, 0.31547510623931885, 0.32310593128204346, 0.3262627124786377, 0.3269440531730652, 0.32544514536857605, 0.32828396558761597, 0.32982829213142395, 0.3305550515651703, 0.3318268656730652, 0.3343023359775543, 0.33441588282585144, 0.3352334797382355, 0.3349609375, 0.3349609375, 0.33539244532585144, 0.3354378640651703, 0.33539244532585144], "acc@15": [0.00822241511195898, 0.008825231343507767, 0.01948302425444126, 0.054108794778585434, 0.11168981343507767, 0.1629774272441864, 0.19372107088565826, 0.20842978358268738, 0.2133246511220932, 0.2165798544883728, 0.24385127425193787, 0.22788870334625244, 0.24052372574806213, 0.24792630970478058, 0.2367621511220932, 0.24025848507881165, 0.26114004850387573, 0.2495177537202835, 0.2543402910232544, 0.25057870149612427, 0.24910783767700195, 0.2547743022441864, 0.2590663433074951, 0.2504822611808777, 0.25354456901550293, 0.2625868022441864, 0.26663774251937866, 0.25730612874031067, 0.2653597593307495, 0.26022377610206604, 0.25839120149612427, 0.2620563209056854, 0.26403355598449707, 0.25817418098449707, 0.26282793283462524, 0.2631896138191223, 0.26212865114212036, 0.2619839906692505, 0.2618875503540039, 0.2619357705116272, 0.26208043098449707], "acc@20": [0.00948293600231409, 0.009611430577933788, 0.016010485589504242, 0.03163548558950424, 0.05286287143826485, 0.10145970433950424, 0.13659025728702545, 0.13366056978702545, 0.13641035556793213, 0.14530222117900848, 0.14155016839504242, 0.15069901943206787, 0.14386308193206787, 0.15311472117900848, 0.1606702357530594, 0.16837993264198303, 0.1625719517469406, 0.16858552396297455, 0.1669921875, 0.17143811285495758, 0.1718492954969406, 0.17295436561107635, 0.17205488681793213, 0.17179790139198303, 0.16979338228702545, 0.17254316806793213, 0.1738024204969406, 0.17369963228702545, 0.17339123785495758, 0.17426501214504242, 0.1750616729259491, 0.17501027882099152, 0.1755499541759491, 0.17765727639198303, 0.1760125458240509, 0.1762952357530594, 0.17665500938892365, 0.17711760103702545, 0.17716899514198303, 0.1772203892469406, 0.17724609375], "acc@25": [0.008527728728950024, 0.00896786991506815, 0.012736575677990913, 0.017743177711963654, 0.02063160203397274, 0.024510342627763748, 0.02296985127031803, 0.022859815508127213, 0.020191460847854614, 0.01931118033826351, 0.017880721017718315, 0.01807328313589096, 0.01661531627178192, 0.015817562118172646, 0.01532240305095911, 0.01573503576219082, 0.014442121610045433, 0.014359595254063606, 0.014387103728950024, 0.01397447194904089, 0.0140294898301363, 0.01427706889808178, 0.013809419237077236, 0.01361685711890459, 0.01361685711890459, 0.01342429593205452, 0.013204225338995457, 0.013204225338995457, 0.01312169898301363, 0.013286751694977283, 0.012956646271049976, 0.012929136864840984, 0.012929136864840984, 0.013039172627031803, 0.012846610508859158, 0.01276408415287733, 0.012846610508859158, 0.012791593559086323, 0.01276408415287733, 0.01276408415287733, 0.01276408415287733], "acc@30": [0.009469697251915932, 0.009144175797700882, 0.01358309667557478, 0.0185546875, 0.013139204122126102, 0.006658380851149559, 0.004113399423658848, 0.004498105961829424, 0.004823626950383186, 0.0047940341755747795, 0.004409327637404203, 0.0037286931183189154, 0.00390625, 0.003758285893127322, 0.0034327651374042034, 0.0036991003435105085, 0.003491950687021017, 0.0034623579122126102, 0.003314394038170576, 0.0032848010305315256, 0.003491950687021017, 0.003639914793893695, 0.0036695075687021017, 0.0034327651374042034, 0.003610322019085288, 0.003758285893127322, 0.003758285893127322, 0.0037878789007663727, 0.0037878789007663727, 0.0037286931183189154, 0.0037286931183189154, 0.0038174716755747795, 0.003876657225191593, 0.0038174716755747795, 0.0038174716755747795, 0.003758285893127322, 0.003758285893127322, 0.0038470644503831863, 0.0038470644503831863, 0.0038470644503831863, 0.0038470644503831863], "config": {"n_layer": 1, "d_model": 16, "n_head": 1, "n_params": 4736}}