{"step": [0, 200, 400, 600, 800, 1000, 1200, 1400, 1600, 1800, 2000, 2200, 2400, 2600, 2800, 3000, 3200, 3400, 3600, 3800, 4000, 4200, 4400, 4600, 4800, 5000, 5200, 5400, 5600, 5800, 6000, 6200, 6400, 6600, 6800, 7000, 7200, 7400, 7600, 7800, 8000], "loss": [4.615368843078613, 4.551335334777832, 4.2257399559021, 4.036798000335693, 3.9106857776641846, 3.827754259109497, 3.8034684658050537, 3.776845693588257, 3.7924387454986572, 3.7656772136688232, 3.7847206592559814, 3.7399423122406006, 3.7435691356658936, 3.716057300567627, 3.69360613822937, 3.7010741233825684, 3.7145423889160156, 3.7168354988098145, 3.6895503997802734, 3.704592227935791, 3.7260074615478516, 3.6836163997650146, 3.6873395442962646, 3.7074313163757324, 3.71014142036438, 3.693197011947632, 3.707965135574341, 3.678178310394287, 3.691549301147461, 3.6979966163635254, 3.7095181941986084, 3.6788158416748047, 3.738182544708252, 3.695045232772827, 3.683771848678589, 3.6704092025756836, 3.683908700942993, 3.7250609397888184, 3.67577862739563, 3.685335159301758, 3.6869425773620605], "legal|in": [0.03793470934033394, 0.19685038924217224, 0.365444540977478, 0.4482652544975281, 0.5079970359802246, 0.5556512475013733, 0.584276556968689, 0.6034489870071411, 0.6142552495002747, 0.6169004440307617, 0.6250205039978027, 0.6255125999450684, 0.6280757784843445, 0.6300237774848938, 0.6341248154640198, 0.6340222954750061, 0.6326074600219727, 0.6340222954750061, 0.636605978012085, 0.633796751499176, 0.6375492215156555, 0.6389230489730835, 0.6366879940032959, 0.6408095359802246, 0.6379182934761047, 0.6394152045249939, 0.6422039270401001, 0.6421424150466919, 0.641383707523346, 0.6414862275123596, 0.640235424041748, 0.6426140069961548, 0.6415067315101624, 0.6427370309829712, 0.6421218514442444, 0.6416707634925842, 0.6408505439758301, 0.6412811875343323, 0.6418552994728088, 0.6418142914772034, 0.6418347954750061], "mass|in": [0.039928141981363297, 0.05385974422097206, 0.12120096385478973, 0.17070643603801727, 0.20361833274364471, 0.22716887295246124, 0.2419576495885849, 0.256390780210495, 0.25895029306411743, 0.2623176872730255, 0.2641332745552063, 0.26547113060951233, 0.2701806426048279, 0.27240923047065735, 0.26985764503479004, 0.2703300714492798, 0.27646419405937195, 0.2747848629951477, 0.2766557037830353, 0.27854660153388977, 0.2781926691532135, 0.2767254412174225, 0.2772935926914215, 0.28002604842185974, 0.27910134196281433, 0.27911117672920227, 0.2794364392757416, 0.2793211042881012, 0.28008443117141724, 0.2808537185192108, 0.2820107340812683, 0.28036439418792725, 0.281296968460083, 0.2813774347305298, 0.28115835785865784, 0.2805861532688141, 0.28186115622520447, 0.281812459230423, 0.28134506940841675, 0.281429648399353, 0.28143593668937683], "legal|ood 5x5": [0.041912730783224106, 0.12758366763591766, 0.2356463223695755, 0.3531824052333832, 0.43110236525535583, 0.4862614870071411, 0.5221866965293884, 0.547859251499176, 0.5650836825370789, 0.5687335729598999, 0.5756643414497375, 0.5737779140472412, 0.5764845609664917, 0.5778789520263672, 0.5825541019439697, 0.583579421043396, 0.584276556968689, 0.584276556968689, 0.5864911675453186, 0.5837434530258179, 0.5858349800109863, 0.5901000499725342, 0.5894849300384521, 0.5898129940032959, 0.5905922055244446, 0.590264081954956, 0.5933809280395508, 0.591781497001648, 0.5920275449752808, 0.5920685529708862, 0.5912073254585266, 0.5921505689620972, 0.5935449600219727, 0.5919865369796753, 0.5924786925315857, 0.5920275449752808, 0.5912893414497375, 0.5911663174629211, 0.5910022854804993, 0.5914534330368042, 0.5913714170455933], "mass|ood 5x5": [0.03987320885062218, 0.044620413333177567, 0.07123984396457672, 0.0987546443939209, 0.11756976693868637, 0.1329788863658905, 0.14314910769462585, 0.1545490175485611, 0.1566152423620224, 0.16034603118896484, 0.1616426706314087, 0.1628829538822174, 0.16641771793365479, 0.1689387708902359, 0.1681453436613083, 0.169534832239151, 0.17219741642475128, 0.17073559761047363, 0.17406965792179108, 0.17429916560649872, 0.17543356120586395, 0.17331264913082123, 0.17424337565898895, 0.17688478529453278, 0.1747937947511673, 0.17532481253147125, 0.17561689019203186, 0.17728982865810394, 0.17693263292312622, 0.17700663208961487, 0.17780649662017822, 0.17785964906215668, 0.1771826595067978, 0.17795246839523315, 0.17747054994106293, 0.17775192856788635, 0.17768055200576782, 0.17792312800884247, 0.17761468887329102, 0.1776149868965149, 0.17763139307498932], "legal|ood 6x6": [0.04347112774848938, 0.10211613774299622, 0.2080872654914856, 0.3377624750137329, 0.41510826349258423, 0.47125163674354553, 0.5180035829544067, 0.5482283234596252, 0.5645915269851685, 0.5709481835365295, 0.5786991715431213, 0.5754593014717102, 0.5787811875343323, 0.5776739120483398, 0.58259516954422, 0.5803805589675903, 0.5831282734870911, 0.5863680839538574, 0.5893208384513855, 0.58927983045578, 0.5894849300384521, 0.5920685529708862, 0.5918225049972534, 0.5934629440307617, 0.5936679840087891, 0.5940370559692383, 0.5954724550247192, 0.5929297804832458, 0.5955544710159302, 0.5931758284568787, 0.5929707884788513, 0.5935039520263672, 0.59375, 0.5945702195167542, 0.5942010879516602, 0.5936679840087891, 0.5932168364524841, 0.5925607085227966, 0.5933399200439453, 0.5930528044700623, 0.5929707884788513], "mass|ood 6x6": [0.04008100926876068, 0.0427757129073143, 0.06251765042543411, 0.08619914203882217, 0.10244150459766388, 0.11568666994571686, 0.12426373362541199, 0.133630633354187, 0.13482126593589783, 0.1378655582666397, 0.13940176367759705, 0.14002931118011475, 0.14255964756011963, 0.14454737305641174, 0.14394088089466095, 0.14499174058437347, 0.14758558571338654, 0.14648298919200897, 0.14934562146663666, 0.1491607129573822, 0.1505046784877777, 0.14849166572093964, 0.1492941677570343, 0.15209302306175232, 0.15009763836860657, 0.15053193271160126, 0.15089604258537292, 0.1523629128932953, 0.15182167291641235, 0.15195965766906738, 0.15264324843883514, 0.15268060564994812, 0.15212105214595795, 0.15283209085464478, 0.15244463086128235, 0.15264295041561127, 0.15246061980724335, 0.15274134278297424, 0.15249067544937134, 0.15248152613639832, 0.15249601006507874], "config": {"topology": "torus", "n_layer": 2, "d_model": 32, "n_params": 18688}}