{"step": [0, 200, 400, 600, 800, 1000, 1200, 1400, 1600, 1800, 2000, 2200, 2400, 2600, 2800, 3000, 3200, 3400, 3600, 3800, 4000, 4200, 4400, 4600, 4800, 5000, 5200, 5400, 5600, 5800, 6000, 6200, 6400, 6600, 6800, 7000, 7200, 7400, 7600, 7800, 8000], "loss": [4.607339859008789, 4.597711563110352, 4.577591419219971, 4.530671119689941, 4.528581619262695, 4.526488780975342, 4.511030673980713, 4.48515510559082, 4.464879035949707, 4.457343578338623, 4.422447681427002, 4.402981758117676, 4.386198043823242, 4.362899303436279, 4.3919677734375, 4.348003387451172, 4.312097549438477, 4.28227424621582, 4.277118682861328, 4.256805419921875, 4.243432998657227, 4.223383903503418, 4.218416213989258, 4.193927764892578, 4.1734938621521, 4.1716203689575195, 4.178996562957764, 4.170577049255371, 4.126518726348877, 4.148366928100586, 4.133986949920654, 4.150811672210693, 4.118865489959717, 4.112827777862549, 4.123972415924072, 4.115188121795654, 4.1240363121032715, 4.1309895515441895, 4.126889705657959, 4.119565963745117, 4.1133880615234375], "legal|in": [0.042117781937122345, 0.09715387225151062, 0.15772637724876404, 0.22201032936573029, 0.24669864773750305, 0.25553640723228455, 0.26597359776496887, 0.2769438922405243, 0.28656086325645447, 0.2977977395057678, 0.30476951599121094, 0.3158423602581024, 0.33372291922569275, 0.35045522451400757, 0.35474079847335815, 0.3675976097583771, 0.3808645009994507, 0.3926960229873657, 0.4029281437397003, 0.4117043912410736, 0.4198859930038452, 0.4292158782482147, 0.43680283427238464, 0.4446973502635956, 0.4497826397418976, 0.4538016617298126, 0.457718163728714, 0.4608759880065918, 0.46362367272377014, 0.46575623750686646, 0.46770423650741577, 0.46932414174079895, 0.47121062874794006, 0.47266650199890137, 0.47459399700164795, 0.4750656187534332, 0.4757012724876404, 0.4762549102306366, 0.4761933982372284, 0.47627541422843933, 0.47623440623283386], "mass|in": [0.039990052580833435, 0.041292689740657806, 0.04474686086177826, 0.05212399363517761, 0.0571359246969223, 0.057586610317230225, 0.06114979833364487, 0.06731389462947845, 0.07155760377645493, 0.07291778922080994, 0.08193586021661758, 0.08638036251068115, 0.09503024816513062, 0.10079183429479599, 0.0730522945523262, 0.10153516381978989, 0.10685794800519943, 0.11755610257387161, 0.1241288036108017, 0.12994195520877838, 0.13495475053787231, 0.1384998857975006, 0.14102748036384583, 0.14360307157039642, 0.1506902575492859, 0.1518029421567917, 0.1569308340549469, 0.1583542674779892, 0.16103002429008484, 0.16217024624347687, 0.16381330788135529, 0.1627839058637619, 0.16852521896362305, 0.16722722351551056, 0.17001591622829437, 0.16981081664562225, 0.17051556706428528, 0.17093436419963837, 0.17109906673431396, 0.17097635567188263, 0.17093069851398468], "legal|ood 5x5": [0.04207677021622658, 0.06717519462108612, 0.09686679393053055, 0.12840387225151062, 0.138082355260849, 0.13660597801208496, 0.14390583336353302, 0.14948326349258423, 0.15555281937122345, 0.1613353043794632, 0.17056266963481903, 0.18577755987644196, 0.20320701599121094, 0.21948818862438202, 0.2188730239868164, 0.2406085878610611, 0.25364992022514343, 0.2673064172267914, 0.280265748500824, 0.29211777448654175, 0.30228838324546814, 0.3134022355079651, 0.3220144212245941, 0.3303805887699127, 0.3374343812465668, 0.3417404890060425, 0.3461696207523346, 0.34953248500823975, 0.3533874750137329, 0.3555610179901123, 0.35958003997802734, 0.3631889820098877, 0.36577263474464417, 0.36708498001098633, 0.3683972954750061, 0.368930459022522, 0.370898962020874, 0.37077590823173523, 0.3710629940032959, 0.37139108777046204, 0.3714320957660675], "mass|ood 5x5": [0.04000525921583176, 0.04045984148979187, 0.041265301406383514, 0.04338406026363373, 0.04457493871450424, 0.04474419727921486, 0.04556235298514366, 0.04686664044857025, 0.04783768951892853, 0.04840872809290886, 0.05081570893526077, 0.052630458027124405, 0.0556524321436882, 0.058202557265758514, 0.051847733557224274, 0.0618310272693634, 0.06398662179708481, 0.06781882792711258, 0.07040942460298538, 0.07275548577308655, 0.0750715509057045, 0.07701719552278519, 0.07823441177606583, 0.07973306626081467, 0.08283939212560654, 0.08328458666801453, 0.08511670678853989, 0.08573639392852783, 0.08676593750715256, 0.08713801950216293, 0.08782970905303955, 0.08743994683027267, 0.08983161300420761, 0.08932077884674072, 0.09071414172649384, 0.09058976173400879, 0.09087005257606506, 0.09103136509656906, 0.09109386801719666, 0.09104332327842712, 0.09102562814950943], "legal|ood 6x6": [0.047121062874794006, 0.0611056424677372, 0.0818159431219101, 0.10051672905683517, 0.10510990768671036, 0.10494586825370789, 0.10818569362163544, 0.11245078593492508, 0.11958661675453186, 0.12467191368341446, 0.13229987025260925, 0.14566929638385773, 0.1640009880065918, 0.18208661675453186, 0.18819718062877655, 0.21169619262218475, 0.22715714573860168, 0.24023950099945068, 0.2548392415046692, 0.26747047901153564, 0.28055283427238464, 0.29158464074134827, 0.30126312375068665, 0.3104904890060425, 0.3202509880065918, 0.32398292422294617, 0.3286581337451935, 0.33390748500823975, 0.3378854990005493, 0.3419455289840698, 0.34420111775398254, 0.3480561077594757, 0.3521161377429962, 0.35383859276771545, 0.35662728548049927, 0.35716041922569275, 0.35818570852279663, 0.35793963074684143, 0.358390748500824, 0.35826772451400757, 0.35843175649642944], "mass|ood 6x6": [0.0399986132979393, 0.040285125374794006, 0.040840648114681244, 0.04213076829910278, 0.04273472726345062, 0.04267219826579094, 0.043077364563941956, 0.043783463537693024, 0.04446518421173096, 0.04487570747733116, 0.04638869687914848, 0.04770040512084961, 0.04992492496967316, 0.05201634392142296, 0.04832973703742027, 0.05573080852627754, 0.057184264063835144, 0.06011233478784561, 0.06200065463781357, 0.0638217180967331, 0.06562930345535278, 0.06726277619600296, 0.0682549998164177, 0.06963308900594711, 0.07223667949438095, 0.07270961999893188, 0.07413448393344879, 0.07480678707361221, 0.07568618655204773, 0.07606799155473709, 0.07661647349596024, 0.07641654461622238, 0.07830458134412766, 0.07794711738824844, 0.07909517735242844, 0.07898025959730148, 0.07919398695230484, 0.07931407541036606, 0.07936085015535355, 0.07931799441576004, 0.07930463552474976], "config": {"topology": "torus", "n_layer": 3, "d_model": 64, "n_params": 86528}}