{"0": 1.0, "1": 0.9988586336213925, "2": 0.4976973684210526, "3": 0.26398946675444374}