{"step": [0, 100, 200, 300, 400, 500, 600, 700, 800, 900, 1000, 1100, 1200, 1300, 1400, 1500, 1600, 1700, 1800, 1900, 2000, 2100, 2200, 2300, 2400, 2500, 2600, 2700, 2800, 2900, 3000, 3100, 3200, 3300, 3400, 3500, 3600, 3700, 3800, 3900, 4000], "loss": [4.654257774353027, 4.631800651550293, 4.481086254119873, 4.018208980560303, 3.300016164779663, 2.6212124824523926, 2.3565468788146973, 2.169018507003784, 2.110445022583008, 2.0314438343048096, 2.0824151039123535, 2.085991382598877, 2.0203726291656494, 1.9866564273834229, 1.9955023527145386, 2.031402587890625, 2.0523881912231445, 2.0158705711364746, 1.967871904373169, 1.9716216325759888, 1.988173246383667, 1.9877771139144897, 1.9415886402130127, 1.9679491519927979, 1.9441384077072144, 1.9862278699874878, 1.982039213180542, 1.9787218570709229, 1.9299088716506958, 2.0065228939056396, 1.932317852973938, 1.9442919492721558, 1.9570237398147583, 1.9883326292037964, 1.939817190170288, 1.9601805210113525, 1.9468637704849243, 2.022881269454956, 1.9562575817108154, 1.9720617532730103, 1.9831868410110474], "acc@5": [0.008563701994717121, 0.01298506185412407, 0.11613582074642181, 0.2169041931629181, 0.3264938294887543, 0.4650583863258362, 0.5191448926925659, 0.5511031746864319, 0.5775884389877319, 0.5895218253135681, 0.5995020866394043, 0.6130236983299255, 0.60546875, 0.6094179153442383, 0.6083877086639404, 0.6234117150306702, 0.6221239566802979, 0.6260731220245361, 0.6171231269836426, 0.6238839030265808, 0.6253648400306702, 0.6293784379959106, 0.6280692219734192, 0.6230254173278809, 0.625708281993866, 0.6266741156578064, 0.6255580186843872, 0.6348085403442383, 0.632104218006134, 0.6330915093421936, 0.6354095339775085, 0.6293998956680298, 0.6336066126823425, 0.6336066126823425, 0.6334778666496277, 0.6361607313156128, 0.6341646909713745, 0.635473906993866, 0.6351948976516724, 0.6351519823074341, 0.6352592706680298], "acc@10": [0.009947311133146286, 0.012127543799579144, 0.062113918364048004, 0.07583121210336685, 0.18811319768428802, 0.3233557343482971, 0.3651435375213623, 0.3835165202617645, 0.41263172030448914, 0.40952035784721375, 0.4040016233921051, 0.4109284281730652, 0.40395620465278625, 0.41508448123931885, 0.40961119532585144, 0.43030068278312683, 0.4292105734348297, 0.4306413531303406, 0.42650797963142395, 0.4387718141078949, 0.4375227093696594, 0.44526708126068115, 0.4482648968696594, 0.4443132281303406, 0.4438590109348297, 0.44937771558761597, 0.45514625310897827, 0.4573492109775543, 0.4560546875, 0.45884811878204346, 0.4590070843696594, 0.45959755778312683, 0.46195948123931885, 0.46325400471687317, 0.46409428119659424, 0.4658430218696594, 0.46409428119659424, 0.46634265780448914, 0.46595656871795654, 0.4660246968269348, 0.466229110956192], "acc@15": [0.009910301305353642, 0.011381172575056553, 0.04868344962596893, 0.10452836006879807, 0.24963830411434174, 0.3155381977558136, 0.3379870653152466, 0.3811969459056854, 0.4017409384250641, 0.39867863059043884, 0.433063268661499, 0.4191020429134369, 0.4299045205116272, 0.4352334141731262, 0.4205729067325592, 0.41919848322868347, 0.435546875, 0.43279802799224854, 0.42341822385787964, 0.423828125, 0.42288774251937866, 0.427734375, 0.4258776903152466, 0.41989776492118835, 0.42016300559043884, 0.42792728543281555, 0.4323399066925049, 0.422405481338501, 0.42884355783462524, 0.4224295914173126, 0.41859567165374756, 0.42151331901550293, 0.42332175374031067, 0.4195843040943146, 0.42341822385787964, 0.42233315110206604, 0.42050057649612427, 0.42054879665374756, 0.42086225748062134, 0.42064526677131653, 0.4206934869289398], "acc@20": [0.00956003274768591, 0.010382401756942272, 0.03173828125, 0.02533922716975212, 0.05815686658024788, 0.12443462014198303, 0.1772203892469406, 0.19937294721603394, 0.21589741110801697, 0.22774465382099152, 0.21841591596603394, 0.2295178920030594, 0.2202405482530594, 0.22358141839504242, 0.23234477639198303, 0.23894941806793213, 0.23458059132099152, 0.23789577186107635, 0.23565995693206787, 0.2421875, 0.23912931978702545, 0.23930920660495758, 0.2394891083240509, 0.23892372846603394, 0.23565995693206787, 0.23889802396297455, 0.24013157188892365, 0.24103105068206787, 0.24018298089504242, 0.24252158403396606, 0.24162212014198303, 0.24092824757099152, 0.23915500938892365, 0.2426500767469406, 0.24108244478702545, 0.24061985313892365, 0.24149362742900848, 0.24203330278396606, 0.24205900728702545, 0.24231599271297455, 0.24231599271297455], "acc@25": [0.010893485508859158, 0.011278608813881874, 0.0207691453397274, 0.014387103728950024, 0.01892605610191822, 0.025418134406208992, 0.02357504330575466, 0.02159441076219082, 0.021319322288036346, 0.01939370669424534, 0.0179357398301363, 0.017055457457900047, 0.016037631779909134, 0.015625, 0.01507482398301363, 0.014854753389954567, 0.01372689288109541, 0.014056998305022717, 0.013534330762922764, 0.013149207457900047, 0.013534330762922764, 0.012929136864840984, 0.013094190508127213, 0.012791593559086323, 0.012461488135159016, 0.012351452372968197, 0.01232394389808178, 0.011856294237077236, 0.011938820593059063, 0.012131381779909134, 0.012296434491872787, 0.011636223644018173, 0.011526188813149929, 0.011691241525113583, 0.01147117093205452, 0.011388644576072693, 0.011333626694977283, 0.011388644576072693, 0.011333626694977283, 0.011306118220090866, 0.011306118220090866], "acc@30": [0.011304451152682304, 0.011334043927490711, 0.01858428120613098, 0.014115766622126102, 0.0059481533244252205, 0.0031664299312978983, 0.001982717774808407, 0.001657197019085288, 0.001272490480914712, 0.0011837121564894915, 0.001124526490457356, 0.0009173768921755254, 0.0010357480496168137, 0.0009469697251915932, 0.0008581912843510509, 0.001272490480914712, 0.001272490480914712, 0.0009469697251915932, 0.0010949337156489491, 0.0010949337156489491, 0.001124526490457356, 0.0010061552748084068, 0.0010357480496168137, 0.001124526490457356, 0.0010357480496168137, 0.001124526490457356, 0.001124526490457356, 0.001124526490457356, 0.0011837121564894915, 0.0010949337156489491, 0.0010357480496168137, 0.001124526490457356, 0.001124526490457356, 0.0010357480496168137, 0.0010357480496168137, 0.0010357480496168137, 0.0010653409408405423, 0.0010653409408405423, 0.0010653409408405423, 0.0010653409408405423, 0.0010653409408405423], "config": {"n_layer": 1, "d_model": 32, "n_head": 2, "n_params": 12544}}