{"0": 1.0, "1": 0.9995108429805968, "2": 0.259375, "3": 0.25724160631994736}