{"step": [0, 100, 200, 300, 400, 500, 600, 700, 800, 900, 1000, 1100, 1200, 1300, 1400, 1500, 1600, 1700, 1800, 1900, 2000, 2100, 2200, 2300, 2400, 2500, 2600, 2700, 2800, 2900, 3000, 3100, 3200, 3300, 3400, 3500, 3600, 3700, 3800, 3900, 4000], "loss": [4.6174492835998535, 4.510006904602051, 3.8337411880493164, 2.4622020721435547, 0.21951596438884735, 0.1315767616033554, 0.08700989186763763, 0.05117945373058319, 0.04227760434150696, 0.037793248891830444, 0.03564951941370964, 0.0421883687376976, 0.031879328191280365, 0.02778375707566738, 0.031788382679224014, 0.029092861339449883, 0.028186049312353134, 0.02846692129969597, 0.026157965883612633, 0.024706656113266945, 0.022916359826922417, 0.02372715435922146, 0.018788406625390053, 0.023957358673214912, 0.02224940061569214, 0.019717814400792122, 0.023380683735013008, 0.019789159297943115, 0.019257396459579468, 0.02341119758784771, 0.019857173785567284, 0.021130245178937912, 0.017648763954639435, 0.020989008247852325, 0.021132279187440872, 0.02163553424179554, 0.020824428647756577, 0.01815645582973957, 0.018856201320886612, 0.01895325630903244, 0.0215636994689703], "acc@5": [0.010001717135310173, 0.07359632849693298, 0.2149510681629181, 0.5836624503135681, 0.966453492641449, 0.9801897406578064, 0.9870149493217468, 0.9931533336639404, 0.9938616156578064, 0.9942479133605957, 0.9950635433197021, 0.9956001043319702, 0.9956001043319702, 0.9957718253135681, 0.9960722923278809, 0.9959864616394043, 0.9965230226516724, 0.9963942170143127, 0.9965444803237915, 0.9963083863258362, 0.9967376589775085, 0.9971239566802979, 0.9972313046455383, 0.9969522953033447, 0.9967376589775085, 0.9974244236946106, 0.9973171353340149, 0.9974459409713745, 0.9974673986434937, 0.9975961446762085, 0.9975746870040894, 0.9976605176925659, 0.9975103139877319, 0.9976605176925659, 0.9977249503135681, 0.9977249503135681, 0.9976605176925659, 0.9975961446762085, 0.9975746870040894, 0.9975532293319702, 0.9975532293319702], "acc@10": [0.010515079833567142, 0.03738190233707428, 0.09861010313034058, 0.4884629249572754, 0.956872284412384, 0.9764943718910217, 0.9866460561752319, 0.9919604063034058, 0.9926871657371521, 0.9933003187179565, 0.9933684468269348, 0.9939589500427246, 0.994140625, 0.9945039749145508, 0.9948900938034058, 0.9949128031730652, 0.9945493936538696, 0.9953442811965942, 0.9951171875, 0.9953442811965942, 0.9957531094551086, 0.9958439469337463, 0.995662271976471, 0.9959802031517029, 0.9962072968482971, 0.99609375, 0.9959802031517029, 0.9959802031517029, 0.9961164593696594, 0.9958439469337463, 0.9962072968482971, 0.995934784412384, 0.9961164593696594, 0.9960483312606812, 0.9961845874786377, 0.9960483312606812, 0.9961618781089783, 0.9960256218910217, 0.9960483312606812, 0.9960483312606812, 0.9960710406303406], "acc@15": [0.008777006529271603, 0.022810570895671844, 0.06561053544282913, 0.4271315634250641, 0.9563801884651184, 0.9714264869689941, 0.9809027910232544, 0.9896315336227417, 0.9907889366149902, 0.9905960559844971, 0.9913194179534912, 0.9913194179534912, 0.9919222593307495, 0.9921392798423767, 0.9920186996459961, 0.992211639881134, 0.9927903413772583, 0.9924045205116272, 0.9928144216537476, 0.9928626418113708, 0.9926938414573669, 0.9927903413772583, 0.9933690428733826, 0.9933690428733826, 0.9935860633850098, 0.9934413433074951, 0.9935377836227417, 0.9936342835426331, 0.9938512444496155, 0.9937548041343689, 0.9935860633850098, 0.9938271641731262, 0.9938030242919922, 0.9939477443695068, 0.9938753843307495, 0.9938030242919922, 0.9938512444496155, 0.9938995242118835, 0.9939236044883728, 0.9939477443695068, 0.9939477443695068], "acc@20": [0.009894120506942272, 0.019891036674380302, 0.050575658679008484, 0.37214741110801697, 0.9464432597160339, 0.9660001993179321, 0.9770764708518982, 0.9873560667037964, 0.98779296875, 0.9880242347717285, 0.9880499839782715, 0.9883840680122375, 0.9887181520462036, 0.9888980388641357, 0.9893863201141357, 0.9895405173301697, 0.9900801777839661, 0.9903114438056946, 0.9904913902282715, 0.9902086853981018, 0.9906198382377625, 0.99072265625, 0.9909539222717285, 0.9911338686943054, 0.9913651347160339, 0.9915964007377625, 0.9912880063056946, 0.9916735291481018, 0.9916478395462036, 0.9918020367622375, 0.9917762875556946, 0.9919562339782715, 0.9919047951698303, 0.9919047951698303, 0.9918791055679321, 0.9917762875556946, 0.9920333027839661, 0.9920076131820679, 0.9919304847717285, 0.9919562339782715, 0.9919562339782715], "acc@25": [0.011801276355981827, 0.017165493220090866, 0.0424460843205452, 0.30380722880363464, 0.9189590811729431, 0.9267715811729431, 0.9007757306098938, 0.9126320481300354, 0.9301276206970215, 0.9428092241287231, 0.95661860704422, 0.964596152305603, 0.9680347442626953, 0.9707306623458862, 0.9756821990013123, 0.9753521084785461, 0.9770026206970215, 0.9756271839141846, 0.9770851731300354, 0.9778279066085815, 0.9778003692626953, 0.9776903390884399, 0.9792308807373047, 0.9780755043029785, 0.97810298204422, 0.9790107607841492, 0.9777728915214539, 0.9789007306098938, 0.9781855344772339, 0.9769201278686523, 0.976810097694397, 0.9777728915214539, 0.9769201278686523, 0.9771126508712769, 0.9774702787399292, 0.9773052334785461, 0.9774702787399292, 0.9770576357841492, 0.9772502183914185, 0.9772777557373047, 0.9772777557373047], "acc@30": [0.010298295877873898, 0.015447443351149559, 0.03888494148850441, 0.283203125, 0.9051846861839294, 0.9037938117980957, 0.8579545617103577, 0.8639323115348816, 0.8306403756141663, 0.8487807512283325, 0.8690222501754761, 0.8899443745613098, 0.9043264389038086, 0.9232658743858337, 0.9396306872367859, 0.9498993754386902, 0.9554332494735718, 0.9568241238594055, 0.9610558748245239, 0.9662050008773804, 0.9675663113594055, 0.969785749912262, 0.9717092514038086, 0.9688979387283325, 0.9709398746490479, 0.9724491238594055, 0.9724786877632141, 0.9727450013160706, 0.9725083112716675, 0.970703125, 0.970762312412262, 0.9716796875, 0.970643937587738, 0.9712653756141663, 0.9719460010528564, 0.9717092514038086, 0.9717092514038086, 0.971738874912262, 0.9718572497367859, 0.9719756245613098, 0.9719460010528564], "config": {"n_layer": 2, "d_model": 64, "n_head": 1, "n_params": 45568, "attention": "softmax"}}