{"step": [0, 100, 200, 300, 400, 500, 600, 700, 800, 900, 1000, 1100, 1200, 1300, 1400, 1500, 1600, 1700, 1800, 1900, 2000, 2100, 2200, 2300, 2400, 2500, 2600, 2700, 2800, 2900, 3000, 3100, 3200, 3300, 3400, 3500, 3600, 3700, 3800, 3900, 4000], "loss": [4.619419097900391, 4.605474472045898, 4.391754150390625, 3.5835585594177246, 2.413414239883423, 1.8774441480636597, 1.5316104888916016, 1.0228825807571411, 0.956973671913147, 0.8925813436508179, 0.9049374461174011, 0.860482394695282, 0.806453287601471, 0.7834554314613342, 0.7756125330924988, 0.7035534381866455, 0.6389963030815125, 0.416073739528656, 0.31176507472991943, 0.2556343972682953, 0.2135787159204483, 0.1787717640399933, 0.16646099090576172, 0.15265993773937225, 0.1403302401304245, 0.127359539270401, 0.12116697430610657, 0.11650605499744415, 0.108964703977108, 0.1114514172077179, 0.09612023085355759, 0.0960310772061348, 0.09855927526950836, 0.09886907041072845, 0.09276445209980011, 0.09354051947593689, 0.09502413868904114, 0.09359230101108551, 0.0892624780535698, 0.09117792546749115, 0.08949771523475647], "acc@5": [0.011353880167007446, 0.020690247416496277, 0.15616415441036224, 0.2892771363258362, 0.5003648400306702, 0.603322446346283, 0.6997338533401489, 0.7945570349693298, 0.8153975009918213, 0.8268586993217468, 0.8354009389877319, 0.8442651033401489, 0.8458533883094788, 0.8506395816802979, 0.8581086993217468, 0.8704928159713745, 0.8896591663360596, 0.908911406993866, 0.9286143779754639, 0.9409769773483276, 0.9491972923278809, 0.954026460647583, 0.9581473469734192, 0.9620750546455383, 0.9639637470245361, 0.9662388563156128, 0.9670115113258362, 0.9682563543319702, 0.9686856269836426, 0.9697158336639404, 0.9702953100204468, 0.971046507358551, 0.9710679650306702, 0.9708748459815979, 0.9713040590286255, 0.9717762470245361, 0.9718835949897766, 0.9721840620040894, 0.9719908833503723, 0.9719694256782532, 0.9719694256782532], "acc@10": [0.009811046533286572, 0.015647711232304573, 0.09066133946180344, 0.22576762735843658, 0.47397348284721375, 0.6139625906944275, 0.7136855125427246, 0.8147256374359131, 0.8598291873931885, 0.8731377124786377, 0.8775663375854492, 0.8871048092842102, 0.8891487717628479, 0.8943949937820435, 0.8912836313247681, 0.8938044905662537, 0.8912382125854492, 0.928551971912384, 0.9389989376068115, 0.9466751217842102, 0.9551235437393188, 0.9606876969337463, 0.966251790523529, 0.9688408374786377, 0.9719976186752319, 0.9725654125213623, 0.9744049906730652, 0.9756767749786377, 0.9764262437820435, 0.9780159592628479, 0.9789016842842102, 0.9788562655448914, 0.978674590587616, 0.9797874093055725, 0.9795376062393188, 0.9799463748931885, 0.9801962375640869, 0.9801054000854492, 0.9803324937820435, 0.9802643656730652, 0.9802416563034058], "acc@15": [0.007691936567425728, 0.011574073694646358, 0.07404996454715729, 0.21742379665374756, 0.4059847593307495, 0.5021942257881165, 0.5403887033462524, 0.7072482705116272, 0.7406684160232544, 0.7546055316925049, 0.7755835056304932, 0.7674093246459961, 0.7680844664573669, 0.7686873078346252, 0.7562210559844971, 0.7535445690155029, 0.7545573115348816, 0.8788580298423767, 0.9144724011421204, 0.9285541772842407, 0.9440345168113708, 0.9513888955116272, 0.9568865895271301, 0.9619020223617554, 0.9660252928733826, 0.96875, 0.970727264881134, 0.9733796119689941, 0.9737654328346252, 0.9747540354728699, 0.9758873581886292, 0.9764419198036194, 0.9769001007080078, 0.9772135615348816, 0.9777681231498718, 0.9779127836227417, 0.977985143661499, 0.9783950448036194, 0.9781539440155029, 0.9782021641731262, 0.9781539440155029], "acc@20": [0.0073499176651239395, 0.008866159245371819, 0.04988178610801697, 0.10261616110801697, 0.21060341596603394, 0.24360094964504242, 0.3256579041481018, 0.4809313416481018, 0.5329204201698303, 0.5758634805679321, 0.5799496173858643, 0.6000205874443054, 0.6221988201141357, 0.6370271444320679, 0.6500565409660339, 0.6731599569320679, 0.6827713847160339, 0.7551655173301697, 0.8102384805679321, 0.8540809750556946, 0.8806794881820679, 0.8942485451698303, 0.9091026186943054, 0.9185598492622375, 0.9273489117622375, 0.9355211853981018, 0.9369346499443054, 0.9402754902839661, 0.9423828125, 0.9447214007377625, 0.9469572305679321, 0.9478052854537964, 0.95068359375, 0.9510690569877625, 0.9515059590339661, 0.9515830874443054, 0.9526624083518982, 0.9526624083518982, 0.9527652263641357, 0.9528679847717285, 0.9528937339782715], "acc@25": [0.009765625, 0.01092099491506815, 0.023822622373700142, 0.01977882906794548, 0.010425835847854614, 0.006051936652511358, 0.009077904745936394, 0.028499118983745575, 0.03523877635598183, 0.04346390813589096, 0.04659991338849068, 0.0637378990650177, 0.08032570779323578, 0.09325484186410904, 0.12535761296749115, 0.15652509033679962, 0.20378521084785461, 0.23068882524967194, 0.25888535380363464, 0.28056228160858154, 0.3199273645877838, 0.35945752263069153, 0.3943937122821808, 0.43070533871650696, 0.4596996009349823, 0.48558539152145386, 0.5093805193901062, 0.5242077708244324, 0.5306998491287231, 0.5372744202613831, 0.5446192622184753, 0.5547425150871277, 0.5613721609115601, 0.5635453462600708, 0.5659111142158508, 0.5650858283042908, 0.567699134349823, 0.5675066113471985, 0.5669289231300354, 0.5682768225669861, 0.5681943297386169], "acc@30": [0.01083096582442522, 0.010209516622126102, 0.02000473439693451, 0.009232954122126102, 0.0029296875, 0.0018347537843510509, 0.004853219725191593, 0.00639204541221261, 0.005681818351149559, 0.00727982958778739, 0.009469697251915932, 0.014234138652682304, 0.023703835904598236, 0.03551136329770088, 0.06406842172145844, 0.09972774982452393, 0.16835345327854156, 0.2866654694080353, 0.2918146252632141, 0.30397728085517883, 0.3302556872367859, 0.3637251555919647, 0.3804154694080353, 0.3959517180919647, 0.40240293741226196, 0.42356178164482117, 0.4041785001754761, 0.39396899938583374, 0.3863932192325592, 0.3731652498245239, 0.35881274938583374, 0.351532906293869, 0.35523200035095215, 0.34221118688583374, 0.3421519994735718, 0.3361150622367859, 0.33783143758773804, 0.33617424964904785, 0.33374762535095215, 0.33469459414482117, 0.33516809344291687], "config": {"n_layer": 2, "d_model": 64, "n_head": 2, "n_params": 61952}}