{"step": [0, 200, 400, 600, 800, 1000, 1200, 1400, 1600, 1800, 2000, 2200, 2400, 2600, 2800, 3000, 3200, 3400, 3600, 3800, 4000, 4200, 4400, 4600, 4800, 5000, 5200, 5400, 5600, 5800, 6000, 6200, 6400, 6600, 6800, 7000, 7200, 7400, 7600, 7800, 8000], "loss": [4.616456508636475, 4.30520486831665, 3.7650179862976074, 3.5643978118896484, 3.5052390098571777, 3.449725389480591, 3.3996870517730713, 3.376835584640503, 3.3489491939544678, 3.338545799255371, 3.3000564575195312, 3.3047239780426025, 3.291102886199951, 3.279128313064575, 3.260951519012451, 3.251974582672119, 3.2486629486083984, 3.2584028244018555, 3.2540667057037354, 3.2239503860473633, 3.229702949523926, 3.233644962310791, 3.213268518447876, 3.2155725955963135, 3.222409963607788, 3.2224602699279785, 3.214794874191284, 3.1955082416534424, 3.198012351989746, 3.1729371547698975, 3.2164525985717773, 3.1894335746765137, 3.1761298179626465, 3.1880123615264893, 3.208296060562134, 3.1926348209381104, 3.1792731285095215, 3.186859607696533, 3.173198938369751, 3.1723790168762207, 3.193510055541992], "legal|in": [0.030757874250411987, 0.3464156687259674, 0.544824481010437, 0.6223343014717102, 0.646079421043396, 0.6587516665458679, 0.6690247654914856, 0.678252100944519, 0.6844242215156555, 0.6843011975288391, 0.6970964670181274, 0.6879100799560547, 0.6826607584953308, 0.6824352145195007, 0.6904117465019226, 0.6719775199890137, 0.681656002998352, 0.6950869560241699, 0.695004940032959, 0.7038221955299377, 0.7125164270401001, 0.7082923054695129, 0.7088254690170288, 0.6963377594947815, 0.7088254690170288, 0.720041811466217, 0.7148950099945068, 0.7151000499725342, 0.7135621905326843, 0.717683732509613, 0.7210055589675903, 0.7211900949478149, 0.7276902794837952, 0.7240198254585266, 0.7263574600219727, 0.7260293364524841, 0.7250655889511108, 0.7265625, 0.7257627844810486, 0.7252911925315857, 0.7258653044700623], "mass|in": [0.03490414470434189, 0.09974104911088943, 0.22978296875953674, 0.2993423640727997, 0.32245779037475586, 0.3353220522403717, 0.34403562545776367, 0.3481161892414093, 0.3617193400859833, 0.36379629373550415, 0.3643229305744171, 0.36646711826324463, 0.3678230941295624, 0.36749911308288574, 0.3695116937160492, 0.3734329044818878, 0.3790203034877777, 0.375447541475296, 0.3773360252380371, 0.38393595814704895, 0.3755255341529846, 0.3824460804462433, 0.38400083780288696, 0.39157208800315857, 0.3868383467197418, 0.3906715214252472, 0.39229366183280945, 0.39141133427619934, 0.3924134373664856, 0.3958585560321808, 0.3950531780719757, 0.3958822786808014, 0.39567360281944275, 0.39733606576919556, 0.3981594443321228, 0.39745524525642395, 0.3991766571998596, 0.39823853969573975, 0.3992629051208496, 0.39936545491218567, 0.39899754524230957], "legal|ood 5x5": [0.028994422405958176, 0.2430282086133957, 0.4772391617298126, 0.5780839920043945, 0.6085957884788513, 0.6226624250411987, 0.6211860179901123, 0.6112204790115356, 0.6172900199890137, 0.6040846705436707, 0.6162647604942322, 0.5960055589675903, 0.5853838324546814, 0.5802985429763794, 0.5928887724876404, 0.5609415769577026, 0.5755413174629211, 0.5918635129928589, 0.5877624750137329, 0.5950623154640198, 0.6101132035255432, 0.6016650199890137, 0.6026902794837952, 0.5835384130477905, 0.6003527045249939, 0.6117535829544067, 0.6051099300384521, 0.605971097946167, 0.6003937125205994, 0.6025262475013733, 0.6090469360351562, 0.6063812375068665, 0.6123687624931335, 0.6094980239868164, 0.6147473454475403, 0.6101952195167542, 0.6095800399780273, 0.61249178647995, 0.6101542115211487, 0.6097440719604492, 0.6108103394508362], "mass|ood 5x5": [0.03652181103825569, 0.06559143960475922, 0.14095444977283478, 0.1873563677072525, 0.20345044136047363, 0.21489869058132172, 0.22528156638145447, 0.23095911741256714, 0.2408316284418106, 0.2456294596195221, 0.24864548444747925, 0.24997635185718536, 0.2509898841381073, 0.2525551915168762, 0.25494667887687683, 0.25477880239486694, 0.26117244362831116, 0.2612920105457306, 0.2616161108016968, 0.26877790689468384, 0.26370668411254883, 0.2681061625480652, 0.2691762447357178, 0.27359455823898315, 0.27004164457321167, 0.2745954692363739, 0.2747803032398224, 0.27265211939811707, 0.2735915184020996, 0.2756735682487488, 0.2758124768733978, 0.275217205286026, 0.27639296650886536, 0.2764599919319153, 0.277838796377182, 0.2766200602054596, 0.2779582440853119, 0.27723339200019836, 0.27775898575782776, 0.2777368128299713, 0.2775559425354004], "legal|ood 6x6": [0.042117781937122345, 0.22145669162273407, 0.4776492714881897, 0.5832512974739075, 0.615895688533783, 0.6234005689620972, 0.6135580539703369, 0.5989173054695129, 0.6028133034706116, 0.5896899700164795, 0.5923966765403748, 0.5631971955299377, 0.5564714670181274, 0.5409284830093384, 0.5486794710159302, 0.5236220359802246, 0.5366223454475403, 0.5483513474464417, 0.5465469360351562, 0.5567175149917603, 0.5649605989456177, 0.560531497001648, 0.5663549900054932, 0.5479002594947815, 0.5604084730148315, 0.5756233334541321, 0.5663959980010986, 0.5622539520263672, 0.559465229511261, 0.5622949600219727, 0.5660679340362549, 0.5654117465019226, 0.5731627345085144, 0.5664370059967041, 0.5731217265129089, 0.5684875249862671, 0.5676673054695129, 0.5701279640197754, 0.5675032734870911, 0.5666830539703369, 0.5677493214607239], "mass|ood 6x6": [0.03720247372984886, 0.05831604450941086, 0.12183788418769836, 0.1603056788444519, 0.1737358123064041, 0.18383561074733734, 0.1942608505487442, 0.1985945850610733, 0.205590158700943, 0.2080053687095642, 0.2120354175567627, 0.21142221987247467, 0.2105414867401123, 0.210848867893219, 0.2147417664527893, 0.2123298943042755, 0.22023500502109528, 0.21927516162395477, 0.22066330909729004, 0.2269304394721985, 0.22299298644065857, 0.22637730836868286, 0.22768820822238922, 0.2310863435268402, 0.22836071252822876, 0.23334310948848724, 0.2326948642730713, 0.2303130179643631, 0.2308795303106308, 0.2327718436717987, 0.23307327926158905, 0.23250822722911835, 0.23360182344913483, 0.2335018813610077, 0.23509696125984192, 0.23344440758228302, 0.23455649614334106, 0.23421812057495117, 0.2342432737350464, 0.23431266844272614, 0.2341892570257187], "config": {"topology": "cylinder", "n_layer": 2, "d_model": 64, "n_params": 61952}}