{"step": [0, 100, 200, 300, 400, 500, 600, 700, 800, 900, 1000, 1100, 1200, 1300, 1400, 1500, 1600, 1700, 1800, 1900, 2000, 2100, 2200, 2300, 2400, 2500, 2600, 2700, 2800, 2900, 3000, 3100, 3200, 3300, 3400, 3500, 3600, 3700, 3800, 3900, 4000], "loss": [4.614215850830078, 4.614616870880127, 4.595495223999023, 4.538398265838623, 4.446205139160156, 4.344518661499023, 4.240598201751709, 4.018299102783203, 3.879040479660034, 3.8192226886749268, 3.7700247764587402, 3.7118325233459473, 3.608431816101074, 3.5936636924743652, 3.564636707305908, 3.5076980590820312, 3.4619603157043457, 3.459172487258911, 3.4668309688568115, 3.397991895675659, 3.404728651046753, 3.3710083961486816, 3.326380729675293, 3.3781373500823975, 3.3369767665863037, 3.3268003463745117, 3.330082654953003, 3.36533260345459, 3.3185553550720215, 3.324725866317749, 3.299748659133911, 3.3056881427764893, 3.320009708404541, 3.3335015773773193, 3.3508129119873047, 3.3141958713531494, 3.311445951461792, 3.310457706451416, 3.2727413177490234, 3.3452341556549072, 3.328826904296875], "acc@5": [0.01038804929703474, 0.010066105984151363, 0.03519917652010918, 0.07385388016700745, 0.1154060810804367, 0.14077523350715637, 0.1725403517484665, 0.20430545508861542, 0.23160628974437714, 0.24188701808452606, 0.2505580484867096, 0.26017341017723083, 0.266247421503067, 0.2846411466598511, 0.29490041732788086, 0.3060396611690521, 0.31475359201431274, 0.320934921503067, 0.32368218898773193, 0.32855427265167236, 0.3333190381526947, 0.33690333366394043, 0.3412817716598511, 0.34422218799591064, 0.34540265798568726, 0.34864354133605957, 0.350231796503067, 0.35280734300613403, 0.3542453646659851, 0.35499656200408936, 0.3586023449897766, 0.358044296503067, 0.3589242696762085, 0.3593320846557617, 0.3606413006782532, 0.36068424582481384, 0.3602120578289032, 0.36074861884117126, 0.3613710403442383, 0.36046960949897766, 0.3604910671710968], "acc@10": [0.009334120899438858, 0.009515807032585144, 0.026003815233707428, 0.05055414140224457, 0.062409158796072006, 0.07203851640224457, 0.09386355429887772, 0.13240370154380798, 0.158975288271904, 0.16692405939102173, 0.17017169296741486, 0.17855195701122284, 0.18357104063034058, 0.19265533983707428, 0.19842387735843658, 0.20405614376068115, 0.20900708436965942, 0.21461664140224457, 0.21645621955394745, 0.21809138357639313, 0.2258811742067337, 0.22338299453258514, 0.22599473595619202, 0.22426871955394745, 0.2241097390651703, 0.22778888046741486, 0.22794786095619202, 0.22835664451122284, 0.22981013357639313, 0.22994640469551086, 0.23137718439102173, 0.23126362264156342, 0.23167242109775543, 0.23230832815170288, 0.23219476640224457, 0.2327171117067337, 0.23296692967414856, 0.23264898359775543, 0.23237645626068115, 0.23219476640224457, 0.23226289451122284], "acc@15": [0.008969907648861408, 0.009211033582687378, 0.01560088712722063, 0.028886958956718445, 0.04000289365649223, 0.04747781530022621, 0.06548997014760971, 0.09447337687015533, 0.11294367164373398, 0.11639178544282913, 0.11921296268701553, 0.12461419403553009, 0.13023245334625244, 0.13630883395671844, 0.13879244029521942, 0.14130015671253204, 0.14397665858268738, 0.14875096082687378, 0.14831693470478058, 0.14863039553165436, 0.1508728712797165, 0.15084876120090485, 0.15183737874031067, 0.1527295559644699, 0.15070408582687378, 0.15311536192893982, 0.15328414738178253, 0.15340471267700195, 0.15323591232299805, 0.15275366604328156, 0.1525125354528427, 0.15275366604328156, 0.1527777761220932, 0.1523919701576233, 0.15210261940956116, 0.15268132090568542, 0.15224729478359222, 0.15224729478359222, 0.15231963992118835, 0.15215085446834564, 0.15222318470478058], "acc@20": [0.008686266839504242, 0.008866159245371819, 0.01315789483487606, 0.022075451910495758, 0.025519119575619698, 0.030556127429008484, 0.04841694235801697, 0.0852179303765297, 0.10225637257099152, 0.10459498316049576, 0.10531455278396606, 0.10590562969446182, 0.10852693021297455, 0.10901521146297455, 0.11225328594446182, 0.1149773821234703, 0.11541426926851273, 0.11590255051851273, 0.11687911301851273, 0.11811266094446182, 0.11896073073148727, 0.11849814653396606, 0.11782997846603394, 0.11903782933950424, 0.11968030780553818, 0.1198601946234703, 0.12088815867900848, 0.12047697603702545, 0.12093955278396606, 0.12176192551851273, 0.12124794721603394, 0.12075966596603394, 0.12142783403396606, 0.12137643992900848, 0.12114515155553818, 0.12127364426851273, 0.12129934132099152, 0.12117084860801697, 0.1213250383734703, 0.1213507428765297, 0.12137643992900848], "acc@25": [0.008885343559086323, 0.009050396271049976, 0.01166373211890459, 0.01711047627031803, 0.021759463474154472, 0.030809858813881874, 0.05050616338849068, 0.06357284635305405, 0.056338027119636536, 0.05565030872821808, 0.05441241338849068, 0.05383472889661789, 0.05567781627178192, 0.05570532754063606, 0.05628301203250885, 0.054742518812417984, 0.05295444652438164, 0.05091879516839981, 0.05160651355981827, 0.0513039156794548, 0.0500660203397274, 0.049240756779909134, 0.048277948051691055, 0.04772777110338211, 0.04737015813589096, 0.04673745483160019, 0.046572402119636536, 0.04574713855981827, 0.045692119747400284, 0.04731513932347298, 0.04602222889661789, 0.04602222889661789, 0.04624229669570923, 0.04585717245936394, 0.0461597703397274, 0.046104755252599716, 0.04566461220383644, 0.04599471762776375, 0.04604973644018173, 0.045829664915800095, 0.04577464610338211], "acc@30": [0.009055397473275661, 0.009055397473275661, 0.01171875, 0.022046638652682304, 0.030865292996168137, 0.0364583320915699, 0.03373579680919647, 0.013020833022892475, 0.008167613297700882, 0.007309422362595797, 0.007191051263362169, 0.008670691400766373, 0.00870028417557478, 0.010446259751915932, 0.009351326152682304, 0.010978929698467255, 0.010890151374042034, 0.01162997167557478, 0.01162997167557478, 0.013287168927490711, 0.011511600576341152, 0.01260653417557478, 0.01278409082442522, 0.013701467774808407, 0.013642282225191593, 0.012547348625957966, 0.013523911125957966, 0.012843276374042034, 0.013346354477107525, 0.013050425797700882, 0.012991240248084068, 0.012843276374042034, 0.012754498049616814, 0.012428977526724339, 0.012724905274808407, 0.012961647473275661, 0.012961647473275661, 0.012932054698467255, 0.012872869148850441, 0.012932054698467255, 0.012932054698467255], "config": {"n_layer": 2, "d_model": 16, "n_head": 2, "n_params": 6272}}