{"0": 1.0, "1": 0.982879504320887, "2": 0.28717105263157894, "3": 0.2587228439763002}