{"step": [0, 200, 400, 600, 800, 1000, 1200, 1400, 1600, 1800, 2000, 2200, 2400, 2600, 2800, 3000, 3200, 3400, 3600, 3800, 4000, 4200, 4400, 4600, 4800, 5000, 5200, 5400, 5600, 5800, 6000, 6200, 6400, 6600, 6800, 7000, 7200, 7400, 7600, 7800, 8000], "loss": [4.653309345245361, 4.104024410247803, 3.6189181804656982, 3.503385305404663, 3.443727493286133, 3.4072890281677246, 3.388415813446045, 3.384432315826416, 3.3637843132019043, 3.370256185531616, 3.34765887260437, 3.3563284873962402, 3.3570096492767334, 3.343287229537964, 3.3479902744293213, 3.333928108215332, 3.331177234649658, 3.33364200592041, 3.344249725341797, 3.336915969848633, 3.334336519241333, 3.3435444831848145, 3.338214635848999, 3.337534189224243, 3.343019485473633, 3.333294153213501, 3.316788911819458, 3.3259170055389404, 3.3132901191711426, 3.319495439529419, 3.337381362915039, 3.3338372707366943, 3.327566623687744, 3.32059645652771, 3.335862874984741, 3.3225386142730713, 3.3078010082244873, 3.317389488220215, 3.3092050552368164, 3.313859462738037, 3.3265936374664307], "legal|in": [0.0351254902780056, 0.38072097301483154, 0.5565534830093384, 0.6411170959472656, 0.6725311875343323, 0.6816354990005493, 0.691519021987915, 0.698347270488739, 0.699105978012085, 0.7070415019989014, 0.707144021987915, 0.707533597946167, 0.7084768414497375, 0.7115116715431213, 0.710629940032959, 0.7145874500274658, 0.7160022854804993, 0.7171300649642944, 0.7192625999450684, 0.7182168364524841, 0.7196932435035706, 0.7215387225151062, 0.72209233045578, 0.7210670709609985, 0.7207800149917603, 0.7218257784843445, 0.7242249250411987, 0.722235918045044, 0.7225229740142822, 0.721784770488739, 0.7231791019439697, 0.7231996655464172, 0.724511981010437, 0.72322016954422, 0.7223384380340576, 0.7236302495002747, 0.7243274450302124, 0.7244914770126343, 0.7242249250411987, 0.7243274450302124, 0.7243889570236206], "mass|in": [0.034953419119119644, 0.145468607544899, 0.2768755257129669, 0.32774338126182556, 0.3480093777179718, 0.35938793420791626, 0.37109246850013733, 0.3741338849067688, 0.37911930680274963, 0.38272103667259216, 0.38561347126960754, 0.38640329241752625, 0.3875347077846527, 0.3878406882286072, 0.3891107439994812, 0.39271244406700134, 0.39237692952156067, 0.3906770646572113, 0.39350709319114685, 0.39317989349365234, 0.3920705020427704, 0.39414241909980774, 0.39459648728370667, 0.39589136838912964, 0.39508938789367676, 0.39385372400283813, 0.3933296203613281, 0.39334163069725037, 0.3956269919872284, 0.39519795775413513, 0.39598318934440613, 0.3961126506328583, 0.39632266759872437, 0.396248996257782, 0.3962682783603668, 0.3963281810283661, 0.3962875008583069, 0.3963976204395294, 0.3963942229747772, 0.3964044451713562, 0.3964354991912842], "legal|ood 5x5": [0.04092847928404808, 0.2608267664909363, 0.4981135129928589, 0.6025672554969788, 0.6414862275123596, 0.651164710521698, 0.6672407984733582, 0.6717519760131836, 0.6772473454475403, 0.6881971955299377, 0.6914780139923096, 0.6863107085227966, 0.6884022355079651, 0.6911909580230713, 0.691601037979126, 0.6920931935310364, 0.6920931935310364, 0.6968914270401001, 0.699721097946167, 0.6960301995277405, 0.6999672055244446, 0.7018536925315857, 0.7012385129928589, 0.7035760879516602, 0.7014025449752808, 0.7018947005271912, 0.7033300399780273, 0.7045603394508362, 0.7016075849533081, 0.7012385129928589, 0.7056676745414734, 0.7025098204612732, 0.7046424150466919, 0.7048884630203247, 0.7023867964744568, 0.7033300399780273, 0.7046013474464417, 0.7049704790115356, 0.7049704790115356, 0.7049294710159302, 0.7050524950027466], "mass|ood 5x5": [0.03667917475104332, 0.08286233246326447, 0.16649581491947174, 0.1999453902244568, 0.21227414906024933, 0.21959379315376282, 0.22664840519428253, 0.2271069437265396, 0.23081424832344055, 0.23317740857601166, 0.23509308695793152, 0.23505374789237976, 0.23567436635494232, 0.23585975170135498, 0.2364235669374466, 0.2386406660079956, 0.23846162855625153, 0.23766611516475677, 0.2399037927389145, 0.2390521615743637, 0.23843389749526978, 0.24041175842285156, 0.24037978053092957, 0.24085502326488495, 0.24048732221126556, 0.2393789142370224, 0.23908598721027374, 0.23880049586296082, 0.2402268499135971, 0.2401566356420517, 0.24061976373195648, 0.24082614481449127, 0.24104048311710358, 0.24079939723014832, 0.2407926470041275, 0.24095338582992554, 0.24072958528995514, 0.24088408052921295, 0.24091076850891113, 0.24092434346675873, 0.24094150960445404], "legal|ood 6x6": [0.03719652071595192, 0.23314468562602997, 0.48597440123558044, 0.6089239120483398, 0.6542404890060425, 0.6754019260406494, 0.688484251499176, 0.7004593014717102, 0.7022227644920349, 0.7120652794837952, 0.7103428244590759, 0.7053395509719849, 0.7109169960021973, 0.7133775949478149, 0.7134596705436707, 0.7151410579681396, 0.7188730239868164, 0.7239993214607239, 0.7201443314552307, 0.7196932435035706, 0.722851037979126, 0.7267060279846191, 0.7230150699615479, 0.7271571755409241, 0.7259678244590759, 0.7286335229873657, 0.7286335229873657, 0.7275262475013733, 0.725188672542572, 0.7247375249862671, 0.728223443031311, 0.7267060279846191, 0.7296177744865417, 0.7292076945304871, 0.727239191532135, 0.7282644510269165, 0.7287155389785767, 0.7289615869522095, 0.728305459022522, 0.7288385629653931, 0.7287975549697876], "mass|ood 6x6": [0.03724273294210434, 0.07051631063222885, 0.14312858879566193, 0.1725534200668335, 0.1823476105928421, 0.18701890110969543, 0.192404642701149, 0.19193866848945618, 0.19343967735767365, 0.19628901779651642, 0.197499617934227, 0.1968030482530594, 0.19737032055854797, 0.1967238336801529, 0.197507843375206, 0.1993449479341507, 0.19847054779529572, 0.1982024759054184, 0.19952155649662018, 0.1988033950328827, 0.1981474757194519, 0.19967618584632874, 0.2005528062582016, 0.20048995316028595, 0.19995585083961487, 0.19886170327663422, 0.1987234205007553, 0.19831812381744385, 0.20005279779434204, 0.19984525442123413, 0.20033466815948486, 0.20019733905792236, 0.2002853900194168, 0.20013929903507233, 0.1999267041683197, 0.20010119676589966, 0.2000003159046173, 0.20011647045612335, 0.20016926527023315, 0.20016594231128693, 0.20018623769283295], "config": {"topology": "cylinder", "n_layer": 1, "d_model": 64, "n_params": 37376}}