{
 "V1024-d128-seed0": {
  "ce": 0.0004502622759900987,
  "curve": [
   6.9422,
   6.7075,
   0.0194,
   0.0059,
   0.0016,
   0.0041,
   0.0065,
   0.0017,
   0.0008,
   0.0029,
   0.0001,
   0.0017,
   0.0022,
   0.0022,
   0.001,
   0.0001
  ]
 },
 "V1024-d256-seed0": {
  "ce": 5.712236088584177e-06,
  "curve": [
   6.9405,
   0.0619,
   0.0068,
   0.0029,
   0.002,
   0.0003,
   0.0052,
   0.0007,
   0.0,
   0.0004,
   0.0005,
   0.0001,
   0.0001,
   0.0001,
   0.0,
   0.0
  ]
 },
 "V5120-d128-seed0": {
  "ce": 0.005899905692785978,
  "curve": [
   8.5544,
   8.5493,
   8.5494,
   1.5873,
   0.7471,
   0.3885,
   0.1518,
   0.0967,
   0.0279,
   0.0159,
   0.0213,
   0.0094,
   0.0058,
   0.0077,
   0.0075,
   0.0061
  ]
 },
 "V5120-d256-seed0": {
  "ce": 0.04439827799797058,
  "curve": [
   8.5513,
   8.5517,
   8.5516,
   0.4747,
   0.2049,
   0.1668,
   0.1469,
   0.1579,
   0.0961,
   0.1134,
   0.0776,
   0.0504,
   0.0471,
   0.0483,
   0.0425,
   0.038
  ]
 }
}