{
 "attn1-k1-seed0": {
  "ce": 1.7795305252075195,
  "floor": 1.7727019786834717,
  "gap": 0.0068285465240478516
 },
 "attn2-k1-seed0": {
  "ce": 1.815234661102295,
  "floor": 1.7727019786834717,
  "gap": 0.04253268241882324
 },
 "attn3-k1-seed0": {
  "ce": 1.8560553789138794,
  "floor": 1.7727019786834717,
  "gap": 0.08335340023040771
 },
 "attn4-k1-seed0": {
  "ce": 1.9658578634262085,
  "floor": 1.7727019786834717,
  "gap": 0.19315588474273682
 },
 "block1-k1-seed0": {
  "ce": 1.843242883682251,
  "floor": 1.7727019786834717,
  "gap": 0.0705409049987793
 },
 "block2-k1-seed0": {
  "ce": 2.1608757972717285,
  "floor": 1.7727019786834717,
  "gap": 0.38817381858825684
 },
 "attn1-k2-seed0": {
  "ce": 3.2930235862731934,
  "floor": 1.800898551940918,
  "gap": 1.4921250343322754
 },
 "attn2-k2-seed0": {
  "ce": 2.659954786300659,
  "floor": 1.800898551940918,
  "gap": 0.8590562343597412
 },
 "attn3-k2-seed0": {
  "ce": 2.40718674659729,
  "floor": 1.800898551940918,
  "gap": 0.6062881946563721
 },
 "attn4-k2-seed0": {
  "ce": 2.311265468597412,
  "floor": 1.800898551940918,
  "gap": 0.5103669166564941
 },
 "block1-k2-seed0": {
  "ce": 1.9899510145187378,
  "floor": 1.800898551940918,
  "gap": 0.18905246257781982
 },
 "block2-k2-seed0": {
  "ce": 2.099726676940918,
  "floor": 1.800898551940918,
  "gap": 0.298828125
 },
 "attn1-k3-seed0": {
  "ce": 4.175954341888428,
  "floor": 1.808857798576355,
  "gap": 2.3670965433120728
 },
 "attn2-k3-seed0": {
  "ce": 4.244314193725586,
  "floor": 1.808857798576355,
  "gap": 2.435456395149231
 },
 "attn3-k3-seed0": {
  "ce": 4.321186542510986,
  "floor": 1.808857798576355,
  "gap": 2.5123287439346313
 },
 "attn4-k3-seed0": {
  "ce": 4.407139778137207,
  "floor": 1.808857798576355,
  "gap": 2.598281979560852
 },
 "block1-k3-seed0": {
  "ce": 4.238551139831543,
  "floor": 1.808857798576355,
  "gap": 2.429693341255188
 },
 "block2-k3-seed0": {
  "ce": 4.516720771789551,
  "floor": 1.808857798576355,
  "gap": 2.707862973213196
 }
}