{"step": [0, 100, 200, 300, 400, 500, 600, 700, 800, 900, 1000, 1100, 1200, 1300, 1400, 1500, 1600, 1700, 1800, 1900, 2000, 2100, 2200, 2300, 2400, 2500, 2600, 2700, 2800, 2900, 3000, 3100, 3200, 3300, 3400, 3500, 3600, 3700, 3800, 3900, 4000], "loss": [4.647237777709961, 4.636612415313721, 4.586720943450928, 4.473852634429932, 4.336405277252197, 4.239757061004639, 4.064469337463379, 3.964907169342041, 3.8723864555358887, 3.806051015853882, 3.6521921157836914, 3.6264185905456543, 3.4985101222991943, 3.438938617706299, 3.4318275451660156, 3.374250888824463, 3.329624652862549, 3.3243422508239746, 3.2988548278808594, 3.2843432426452637, 3.2469077110290527, 3.2106592655181885, 3.206855535507202, 3.2508695125579834, 3.2282731533050537, 3.188225030899048, 3.183048963546753, 3.210737943649292, 3.170119524002075, 3.1989586353302, 3.131913423538208, 3.1495378017425537, 3.17488956451416, 3.1483054161071777, 3.169264793395996, 3.1943399906158447, 3.199462413787842, 3.1832475662231445, 3.1284430027008057, 3.181387424468994, 3.1940736770629883], "acc@5": [0.008692479692399502, 0.009100275114178658, 0.03764594718813896, 0.09574604779481888, 0.1385001689195633, 0.16938529908657074, 0.18569710850715637, 0.20555031299591064, 0.23306576907634735, 0.2601519525051117, 0.28067049384117126, 0.29773351550102234, 0.3119419515132904, 0.33748283982276917, 0.34359976649284363, 0.35561898350715637, 0.3694840371608734, 0.3681962490081787, 0.3834134638309479, 0.38963770866394043, 0.3945956528186798, 0.40219351649284363, 0.4048119783401489, 0.41090744733810425, 0.41558635234832764, 0.4147278368473053, 0.42028674483299255, 0.42112380266189575, 0.4251802861690521, 0.4250085949897766, 0.4272192716598511, 0.42648953199386597, 0.4259958863258362, 0.4259958863258362, 0.4278416931629181, 0.4267899990081787, 0.42865729331970215, 0.4272836446762085, 0.4276699721813202, 0.42687585949897766, 0.4268544018268585], "acc@10": [0.011605196632444859, 0.011741460300981998, 0.028570130467414856, 0.05532339960336685, 0.07110738009214401, 0.08041878789663315, 0.09245548397302628, 0.10630904883146286, 0.12381903827190399, 0.14337299764156342, 0.15500091016292572, 0.16628815233707428, 0.17805232107639313, 0.19533520936965942, 0.20485101640224457, 0.21413971483707428, 0.22540424764156342, 0.22615370154380798, 0.23473836481571198, 0.23903070390224457, 0.24516260623931885, 0.2508857250213623, 0.25463297963142395, 0.2563590109348297, 0.26135537028312683, 0.261150985956192, 0.26412609219551086, 0.266033798456192, 0.2682367265224457, 0.26850926876068115, 0.27014443278312683, 0.2696220874786377, 0.2696220874786377, 0.2707121968269348, 0.27134811878204346, 0.27075764536857605, 0.2715070843696594, 0.27057594060897827, 0.2713935375213623, 0.27123454213142395, 0.27112099528312683], "acc@15": [0.008559992536902428, 0.008969907648861408, 0.020592207089066505, 0.03812210634350777, 0.046875, 0.0516493059694767, 0.062090083956718445, 0.06833526492118835, 0.07911361753940582, 0.08772183954715729, 0.09148341417312622, 0.09941647201776505, 0.10751832276582718, 0.11417341977357864, 0.11863426119089127, 0.12336033582687378, 0.12948495149612427, 0.13230612874031067, 0.1335117667913437, 0.1354648917913437, 0.1376350373029709, 0.14183063805103302, 0.14508584141731262, 0.14619502425193787, 0.14732831716537476, 0.1489197462797165, 0.14988425374031067, 0.15101754665374756, 0.15113811194896698, 0.15205439925193787, 0.15313947200775146, 0.1527777761220932, 0.15388695895671844, 0.15393517911434174, 0.15410397946834564, 0.15441744029521942, 0.1543450951576233, 0.15420041978359222, 0.15436922013759613, 0.15448977053165436, 0.15448977053165436], "acc@20": [0.009868420660495758, 0.00956003274768591, 0.016935650259256363, 0.027009662240743637, 0.03456517308950424, 0.03757195547223091, 0.04091282933950424, 0.041709497570991516, 0.047568872570991516, 0.055946752429008484, 0.06491570919752121, 0.07555510103702545, 0.08133737742900848, 0.08632298558950424, 0.08986944705247879, 0.0939812883734703, 0.09619140625, 0.09775904566049576, 0.09927529096603394, 0.10138260573148727, 0.10287314653396606, 0.1044921875, 0.10595703125, 0.10806435346603394, 0.10880962014198303, 0.11096833646297455, 0.11191920191049576, 0.11245888471603394, 0.11266447603702545, 0.11317845433950424, 0.11405222117900848, 0.11490029096603394, 0.1150030866265297, 0.1159796491265297, 0.11631373316049576, 0.11626233905553818, 0.1164679303765297, 0.11675062030553818, 0.1169305071234703, 0.1169562116265297, 0.1169562116265297], "acc@25": [0.00872029084712267, 0.009077904745936394, 0.014689700677990913, 0.02404269389808178, 0.028279049322009087, 0.029571963474154472, 0.03537632152438164, 0.03942011296749115, 0.04434419050812721, 0.05284440889954567, 0.0573558546602726, 0.060711927711963654, 0.060739435255527496, 0.05867627635598183, 0.05859375, 0.05688820406794548, 0.05600792169570923, 0.05686069652438164, 0.05507262423634529, 0.05501760542392731, 0.0546875, 0.05405479669570923, 0.05435739457607269, 0.05446742847561836, 0.05460497364401817, 0.05454995483160019, 0.055457744747400284, 0.05532020330429077, 0.05512763932347298, 0.056090448051691055, 0.05603543296456337, 0.05595290660858154, 0.05655809864401817, 0.056448064744472504, 0.05661311745643616, 0.05691571161150932, 0.05697073042392731, 0.05699823796749115, 0.057053256779909134, 0.05697073042392731, 0.05699823796749115], "acc@30": [0.009410511702299118, 0.009321733377873898, 0.013879024423658848, 0.023171164095401764, 0.03207859769463539, 0.03829308599233627, 0.04767400398850441, 0.05418442189693451, 0.05711410939693451, 0.05320785939693451, 0.04379734769463539, 0.03412050008773804, 0.02607125975191593, 0.019324099645018578, 0.015861742198467255, 0.012665719725191593, 0.010949336923658848, 0.00929214060306549, 0.007930871099233627, 0.00727982958778739, 0.00727982958778739, 0.006717566400766373, 0.0065104165114462376, 0.006332859862595797, 0.006096117198467255, 0.006125710438936949, 0.005977746099233627, 0.006214488763362169, 0.005859375, 0.005888967774808407, 0.005888967774808407, 0.005829782225191593, 0.005741003900766373, 0.005741003900766373, 0.005652225576341152, 0.005741003900766373, 0.005681818351149559, 0.005622632801532745, 0.005593039561063051, 0.005593039561063051, 0.005593039561063051], "config": {"n_layer": 1, "d_model": 16, "n_head": 2, "n_params": 4736}}