{"step": [0, 200, 400, 600, 800, 1000, 1200, 1400, 1600, 1800, 2000, 2200, 2400, 2600, 2800, 3000, 3200, 3400, 3600, 3800, 4000, 4200, 4400, 4600, 4800, 5000, 5200, 5400, 5600, 5800, 6000, 6200, 6400, 6600, 6800, 7000, 7200, 7400, 7600, 7800, 8000], "loss": [4.647655487060547, 4.041355133056641, 3.5203962326049805, 3.3814194202423096, 3.3024191856384277, 3.2709131240844727, 3.2595579624176025, 3.294196605682373, 3.265671730041504, 3.260719060897827, 3.220499277114868, 3.2221996784210205, 3.216939687728882, 3.2147200107574463, 3.2159202098846436, 3.2090535163879395, 3.230757474899292, 3.224881410598755, 3.2433390617370605, 3.2314929962158203, 3.2116951942443848, 3.21005916595459, 3.201554775238037, 3.2222235202789307, 3.211519241333008, 3.206585168838501, 3.2063562870025635, 3.2065272331237793, 3.1961965560913086, 3.222050189971924, 3.2160439491271973, 3.214585304260254, 3.2016098499298096, 3.2144079208374023, 3.2156403064727783, 3.203033208847046, 3.1890618801116943, 3.218243360519409, 3.217198371887207, 3.1934778690338135, 3.1999387741088867], "legal|in": [0.029055938124656677, 0.3886154890060425, 0.6180487275123596, 0.7153050899505615, 0.7412442564964294, 0.7514763474464417, 0.7546136975288391, 0.7572383284568787, 0.762590229511261, 0.7656660079956055, 0.7678600549697876, 0.7652559280395508, 0.768352210521698, 0.7718380689620972, 0.773827075958252, 0.7732324600219727, 0.7755495309829712, 0.7768003344535828, 0.775406002998352, 0.7762057185173035, 0.7780101895332336, 0.7782562375068665, 0.7780922055244446, 0.7790149450302124, 0.7775590419769287, 0.778830349445343, 0.7815780639648438, 0.7809629440307617, 0.7817831039428711, 0.7802247405052185, 0.7821932435035706, 0.7812294960021973, 0.782008707523346, 0.7819676995277405, 0.7810039520263672, 0.780573308467865, 0.7815370559692383, 0.7817625999450684, 0.782008707523346, 0.7822752594947815, 0.7821522355079651], "mass|in": [0.0305874515324831, 0.14537638425827026, 0.30148226022720337, 0.35967016220092773, 0.3876326382160187, 0.3997493088245392, 0.40121808648109436, 0.4047284424304962, 0.4085674583911896, 0.4072646498680115, 0.41237691044807434, 0.41248708963394165, 0.41728711128234863, 0.41658058762550354, 0.4158589541912079, 0.415755957365036, 0.4169318377971649, 0.41699257493019104, 0.4167621433734894, 0.4193229079246521, 0.4212600886821747, 0.42263877391815186, 0.4203396737575531, 0.42262327671051025, 0.4196145832538605, 0.4230651557445526, 0.4216848313808441, 0.42274919152259827, 0.42267149686813354, 0.4222448468208313, 0.4224034547805786, 0.4229743480682373, 0.4237682819366455, 0.4232613146305084, 0.42381784319877625, 0.4232761263847351, 0.4234655201435089, 0.4238208830356598, 0.4234423339366913, 0.4236217141151428, 0.4236805737018585], "legal|ood 5x5": [0.03514599800109863, 0.2869504690170288, 0.5749261975288391, 0.7130495309829712, 0.745611846446991, 0.7573408484458923, 0.7605807185173035, 0.7593914270401001, 0.7668552994728088, 0.7667322754859924, 0.7739911675453186, 0.7711204290390015, 0.7735810279846191, 0.7742782235145569, 0.7784612774848938, 0.7800197005271912, 0.7810039520263672, 0.7826853394508362, 0.7851870059967041, 0.7818241715431213, 0.7826853394508362, 0.788385808467865, 0.7841207385063171, 0.7885088324546814, 0.7866633534431458, 0.7869094610214233, 0.788672924041748, 0.7900672554969788, 0.7915025949478149, 0.7906824350357056, 0.7901902794837952, 0.7898622155189514, 0.7895750999450684, 0.7930200099945068, 0.7909284830093384, 0.7896571755409241, 0.7910104990005493, 0.7907644510269165, 0.791420578956604, 0.7915436029434204, 0.7913795709609985], "mass|ood 5x5": [0.03358002379536629, 0.08852875232696533, 0.19784323871135712, 0.2418886125087738, 0.2570878267288208, 0.2648175358772278, 0.2637794315814972, 0.26488417387008667, 0.2680172026157379, 0.26682454347610474, 0.27198290824890137, 0.27027034759521484, 0.2746306359767914, 0.2748337686061859, 0.27321887016296387, 0.27302035689353943, 0.2732684910297394, 0.274061918258667, 0.2732033431529999, 0.2743512988090515, 0.27681678533554077, 0.2776573896408081, 0.2761695683002472, 0.27727755904197693, 0.27462226152420044, 0.2769332528114319, 0.2767685055732727, 0.2770850360393524, 0.27680715918540955, 0.2763124406337738, 0.2765767276287079, 0.276809960603714, 0.2778142988681793, 0.27706679701805115, 0.2774573266506195, 0.27682700753211975, 0.2771938443183899, 0.27755990624427795, 0.2772623300552368, 0.27741703391075134, 0.2774699926376343], "legal|ood 6x6": [0.03567913547158241, 0.26058071851730347, 0.5783710479736328, 0.7324885129928589, 0.7708743214607239, 0.786704421043396, 0.7912155389785767, 0.7939632534980774, 0.8025754690170288, 0.8022883534431458, 0.8068405389785767, 0.8060203194618225, 0.8078247904777527, 0.8084399700164795, 0.8126640319824219, 0.8121719360351562, 0.8122949600219727, 0.8180364370346069, 0.8166420459747314, 0.8163959980010986, 0.8168060779571533, 0.821686327457428, 0.8199639320373535, 0.8203330039978027, 0.8205790519714355, 0.821071207523346, 0.8232037425041199, 0.8223835229873657, 0.8229166865348816, 0.8225475549697876, 0.8239419460296631, 0.8213992714881897, 0.8247621655464172, 0.8248851895332336, 0.8239009380340576, 0.8233677744865417, 0.8239419460296631, 0.8235318064689636, 0.8248441815376282, 0.8248031735420227, 0.8249672055244446], "mass|ood 6x6": [0.03474751487374306, 0.07653108239173889, 0.1721985638141632, 0.21243739128112793, 0.22432014346122742, 0.23000703752040863, 0.22782325744628906, 0.22825850546360016, 0.23122137784957886, 0.2292930632829666, 0.2335064560174942, 0.23112046718597412, 0.2356952577829361, 0.23588499426841736, 0.2341509759426117, 0.2332339882850647, 0.23441019654273987, 0.23396235704421997, 0.23383094370365143, 0.2345767468214035, 0.23647412657737732, 0.23810483515262604, 0.23616404831409454, 0.23728641867637634, 0.23467423021793365, 0.23686249554157257, 0.23644310235977173, 0.23649120330810547, 0.23664630949497223, 0.23612523078918457, 0.23624977469444275, 0.23630750179290771, 0.23701316118240356, 0.23677971959114075, 0.23682449758052826, 0.23639138042926788, 0.23657122254371643, 0.23691041767597198, 0.2366563230752945, 0.23678180575370789, 0.23682618141174316], "config": {"topology": "grid", "n_layer": 1, "d_model": 64, "n_params": 37376}}