{
  "L0_grad_fvu": 5.682506114962349e-12,
  "L1_fullrank_ttsvd_fvu": 1.001394063157579e-12,
  "svd256_floor_fvu": 0.5495525598526001,
  "L1_r256_ttsvd_fvu": 0.5495525598526001,
  "L1_r256_grad_fvu": 0.5495557188987732,
  "learned_ordering": {
    "semantic": {
      "trajectory": [
        0.8482316732406616,
        0.8482316732406616,
        0.8482316732406616,
        0.8482316732406616,
        0.8482316732406616,
        0.8482316732406616,
        0.8482316732406616,
        0.8482316732406616,
        0.8482316732406616,
        0.8482316732406616,
        0.8482316732406616
      ],
      "final_fvu": 0.8482316732406616
    },
    "random": {
      "trajectory": [
        0.875163197517395,
        0.8751611709594727,
        0.8751607537269592,
        0.8751608729362488,
        0.875160813331604,
        0.875160813331604,
        0.875160813331604,
        0.875160813331604,
        0.8751606345176697,
        0.8751606345176697,
        0.8751606345176697
      ],
      "final_fvu": 0.8751606345176697
    }
  }
}