{
  "rows": [
    {
      "method": "batchtopk",
      "n_atoms": 1024,
      "k_train": 64,
      "mean_L0": 64.01238250732422,
      "max_L0": 96,
      "frac_zero_L0": 0.005148695781826973,
      "threshold": 0.04417603520802723,
      "fvu": 0.5045845856818684,
      "dce": 2.4487204551696777
    },
    {
      "method": "batchtopk",
      "n_atoms": 4096,
      "k_train": 64,
      "mean_L0": 64.17163848876953,
      "max_L0": 109,
      "frac_zero_L0": 0.005427003838121891,
      "threshold": 0.0470376271345488,
      "fvu": 0.36705008777560927,
      "dce": 1.435148298740387
    },
    {
      "method": "batchtopk",
      "n_atoms": 16384,
      "k_train": 16,
      "mean_L0": 15.603967666625977,
      "max_L0": 50,
      "frac_zero_L0": 0.005367366597056389,
      "threshold": 0.06215872795725403,
      "fvu": 0.2804141772288928,
      "dce": 0.4473336637020111
    }
  ],
  "baseline_ce": 2.7679781913757324,
  "ceft_n1024": {
    "dce_after": 0.28456172347068787
  }
}