{"step": [0, 200, 400, 600, 800, 1000, 1200, 1400, 1600, 1800, 2000, 2200, 2400, 2600, 2800, 3000, 3200, 3400, 3600, 3800, 4000, 4200, 4400, 4600, 4800, 5000, 5200, 5400, 5600, 5800, 6000, 6200, 6400, 6600, 6800, 7000, 7200, 7400, 7600, 7800, 8000], "loss": [4.607038974761963, 4.589439868927002, 4.569326877593994, 4.533406734466553, 4.508170127868652, 4.4866743087768555, 4.483843803405762, 4.458316802978516, 4.444009780883789, 4.438623905181885, 4.438337802886963, 4.4281325340271, 4.405309200286865, 4.427352428436279, 4.393361568450928, 4.390005111694336, 4.377830505371094, 4.385663032531738, 4.385159015655518, 4.3695244789123535, 4.3718791007995605, 4.336489200592041, 4.3510026931762695, 4.3394775390625, 4.357268333435059, 4.344912528991699, 4.3280205726623535, 4.341335296630859, 4.348501205444336, 4.333029270172119, 4.308475017547607, 4.3422465324401855, 4.327549934387207, 4.3279829025268555, 4.3241987228393555, 4.349062442779541, 4.347456932067871, 4.344280242919922, 4.329038619995117, 4.3299994468688965, 4.340120315551758], "legal|in": [0.030962927266955376, 0.11263533681631088, 0.15374836325645447, 0.18637220561504364, 0.20757463574409485, 0.2234046906232834, 0.23228345811367035, 0.2423105239868164, 0.244976207613945, 0.24915927648544312, 0.252727210521698, 0.2562951147556305, 0.2581200897693634, 0.26031413674354553, 0.2617495059967041, 0.2621186077594757, 0.2660351097583771, 0.26790109276771545, 0.2691929042339325, 0.2710793912410736, 0.27153050899505615, 0.27341699600219727, 0.2741756737232208, 0.2748318612575531, 0.2764517664909363, 0.27757954597473145, 0.2782357335090637, 0.27872785925865173, 0.27965059876441956, 0.28061434626579285, 0.2810654640197754, 0.280757874250412, 0.2813730239868164, 0.28133201599121094, 0.28153708577156067, 0.2816601097583771, 0.28200870752334595, 0.2820292115211487, 0.2820497155189514, 0.2821522355079651, 0.2821522355079651], "mass|in": [0.030618244782090187, 0.03180098906159401, 0.035650353878736496, 0.043185167014598846, 0.04811950400471687, 0.05156291276216507, 0.05538685992360115, 0.059144526720047, 0.06219850480556488, 0.06415337324142456, 0.06650999188423157, 0.06822338700294495, 0.06830473244190216, 0.06983160972595215, 0.0721718817949295, 0.07346883416175842, 0.0740392729640007, 0.07410506159067154, 0.07543309777975082, 0.07645231485366821, 0.07748639583587646, 0.07804277539253235, 0.07866237312555313, 0.07937254756689072, 0.08018583804368973, 0.08120720088481903, 0.08202144503593445, 0.08285382390022278, 0.08334188163280487, 0.08326760679483414, 0.0838441252708435, 0.08441248536109924, 0.08414584398269653, 0.08451689779758453, 0.08473044633865356, 0.08495933562517166, 0.08508431911468506, 0.08513075858354568, 0.0851682499051094, 0.08518170565366745, 0.0851828083395958], "legal|ood 5x5": [0.034571848809719086, 0.08325131237506866, 0.1028953418135643, 0.12934711575508118, 0.13902558386325836, 0.1397227644920349, 0.1458333283662796, 0.15272310376167297, 0.15579888224601746, 0.15875163674354553, 0.16154035925865173, 0.16457512974739075, 0.1623605638742447, 0.16486220061779022, 0.16531331837177277, 0.1644931137561798, 0.16420604288578033, 0.16535432636737823, 0.16695374250411987, 0.1664206087589264, 0.1675688922405243, 0.16838911175727844, 0.16916830837726593, 0.16961942613124847, 0.1701115518808365, 0.17015255987644196, 0.16994750499725342, 0.16916830837726593, 0.16912730038166046, 0.169578418135643, 0.169824481010437, 0.16990649700164795, 0.17089074850082397, 0.17093175649642944, 0.17117781937122345, 0.1712598353624344, 0.17121882736682892, 0.17134186625480652, 0.17142388224601746, 0.171382874250412, 0.171382874250412], "mass|ood 5x5": [0.03352532535791397, 0.03400402143597603, 0.0349402092397213, 0.03717678412795067, 0.038349710404872894, 0.03918391093611717, 0.04016353562474251, 0.04115478694438934, 0.04194814711809158, 0.04244105890393257, 0.04300449416041374, 0.04354193061590195, 0.04371566325426102, 0.04404200240969658, 0.044584255665540695, 0.04490569606423378, 0.04515644535422325, 0.04509912431240082, 0.04545922577381134, 0.04572680592536926, 0.0460137277841568, 0.046198900789022446, 0.04643426835536957, 0.04659968614578247, 0.046842142939567566, 0.04708990454673767, 0.04732031747698784, 0.04757137596607208, 0.0476740300655365, 0.04770251736044884, 0.04784277081489563, 0.04796649515628815, 0.047883290797472, 0.047970760613679886, 0.04802980273962021, 0.04808573052287102, 0.04811783879995346, 0.04813070595264435, 0.048139967024326324, 0.048143286257982254, 0.048143502324819565], "legal|ood 6x6": [0.03399770334362984, 0.06803641468286514, 0.09071522206068039, 0.10871883481740952, 0.109498031437397, 0.11085137724876404, 0.11564960330724716, 0.11884842813014984, 0.12171915918588638, 0.12200623005628586, 0.12290846556425095, 0.12483596056699753, 0.1257791966199875, 0.12635335326194763, 0.12782973051071167, 0.12885499000549316, 0.1281578093767166, 0.128034770488739, 0.12799376249313354, 0.12889599800109863, 0.12963418662548065, 0.1298392415046692, 0.13065944612026215, 0.13090550899505615, 0.13143864274024963, 0.13213582336902618, 0.13291501998901367, 0.13348917663097382, 0.13410432636737823, 0.13459645211696625, 0.13488352298736572, 0.1355396956205368, 0.13615486025810242, 0.13635990023612976, 0.13648293912410736, 0.13648293912410736, 0.13648293912410736, 0.13660597801208496, 0.13664698600769043, 0.13660597801208496, 0.13660597801208496], "mass|ood 6x6": [0.03476828336715698, 0.035133473575115204, 0.03601070120930672, 0.03726064786314964, 0.03810188174247742, 0.03875894099473953, 0.039487261325120926, 0.040102265775203705, 0.04055391252040863, 0.04085118696093559, 0.04124001786112785, 0.04159702733159065, 0.04172747582197189, 0.04191695153713226, 0.042277079075574875, 0.042545679956674576, 0.04272688552737236, 0.04277922585606575, 0.043004099279642105, 0.04325718432664871, 0.04344803839921951, 0.04363756999373436, 0.04380480945110321, 0.04394587129354477, 0.04415200278162956, 0.04435141757130623, 0.04449371248483658, 0.044677894562482834, 0.0447760708630085, 0.04477817937731743, 0.04487646743655205, 0.044956378638744354, 0.044890280812978745, 0.04494929686188698, 0.04499325156211853, 0.045035745948553085, 0.045054659247398376, 0.045066118240356445, 0.045072656124830246, 0.045075032860040665, 0.04507526755332947], "config": {"topology": "grid", "n_layer": 3, "d_model": 128, "n_params": 320512}}