{
  "ce_real": 1.7416,
  "ce_full_blocks": 1.7416,
  "gate": [
    0.00030517578125,
    0.0001678466796875
  ],
  "frob_mass": {
    "MxM": 0.7013,
    "MxE": 0.0997,
    "ExM": 0.0734,
    "MxA": 0.0475,
    "AxM": 0.0455,
    "ExE": 0.0131,
    "AxE": 0.0081,
    "ExA": 0.0068,
    "AxA": 0.0045
  },
  "single_block_dce": {
    "MxM": 0.0621,
    "MxE": 1.8216,
    "ExM": 1.8326,
    "MxA": 1.8409,
    "AxM": 1.8415,
    "ExE": 1.8438,
    "AxE": 1.8439,
    "ExA": 1.8439,
    "AxA": 1.8439
  },
  "cumulative_dce": {
    "1": 0.0621,
    "2": 0.0249,
    "3": 0.0083,
    "4": 0.0047,
    "5": 0.0009,
    "6": 0.0001,
    "7": 0.0001,
    "8": 0.0002,
    "9": 0.0
  }
}