{"0": 1.0, "1": 0.8015653024620903, "2": 0.26299342105263157, "3": 0.2618499012508229}