{"step": [0, 200, 400, 600, 800, 1000, 1200, 1400, 1600, 1800, 2000, 2200, 2400, 2600, 2800, 3000, 3200, 3400, 3600, 3800, 4000, 4200, 4400, 4600, 4800, 5000, 5200, 5400, 5600, 5800, 6000, 6200, 6400, 6600, 6800, 7000, 7200, 7400, 7600, 7800, 8000], "loss": [4.648787021636963, 4.123636245727539, 3.7125134468078613, 3.585907459259033, 3.519583225250244, 3.4931044578552246, 3.474195957183838, 3.4854378700256348, 3.453847885131836, 3.4471845626831055, 3.4353511333465576, 3.4319968223571777, 3.421470880508423, 3.4207561016082764, 3.416104793548584, 3.421961545944214, 3.4252994060516357, 3.411482572555542, 3.4113612174987793, 3.416073799133301, 3.4039454460144043, 3.4107484817504883, 3.4197371006011963, 3.4106297492980957, 3.4161787033081055, 3.40796160697937, 3.4007887840270996, 3.408904552459717, 3.40842604637146, 3.4014410972595215, 3.4169089794158936, 3.3946022987365723, 3.4152445793151855, 3.395102024078369, 3.4049580097198486, 3.3864316940307617, 3.3810243606567383, 3.3903396129608154, 3.3908469676971436, 3.394204616546631, 3.3899474143981934], "legal|in": [0.04263041168451309, 0.37719404697418213, 0.5192544460296631, 0.5613517165184021, 0.581918478012085, 0.5949187874794006, 0.604986846446991, 0.618561327457428, 0.625, 0.6351090669631958, 0.6398867964744568, 0.6452797055244446, 0.6486630439758301, 0.651861846446991, 0.6500164270401001, 0.6522104740142822, 0.657008707523346, 0.6601049900054932, 0.660576581954956, 0.6557373404502869, 0.6634883284568787, 0.6617249250411987, 0.6632832884788513, 0.6602485179901123, 0.6572957634925842, 0.6619709730148315, 0.6664000749588013, 0.665805459022522, 0.6640214920043945, 0.664370059967041, 0.6655593514442444, 0.6648417115211487, 0.6648007035255432, 0.6675073504447937, 0.6678149700164795, 0.6669742465019226, 0.6663180589675903, 0.6658259630203247, 0.6663795709609985, 0.6660925149917603, 0.6661335229873657], "mass|in": [0.04008380323648453, 0.1511949598789215, 0.264689177274704, 0.30739903450012207, 0.32149574160575867, 0.33849576115608215, 0.34413856267929077, 0.3529408276081085, 0.35285457968711853, 0.35817772150039673, 0.36427298188209534, 0.3626600503921509, 0.3653821647167206, 0.3678981363773346, 0.37038007378578186, 0.36959078907966614, 0.369425892829895, 0.37072962522506714, 0.37188175320625305, 0.3736380338668823, 0.37388691306114197, 0.3723878264427185, 0.3737340271472931, 0.37286221981048584, 0.3739253580570221, 0.3766358494758606, 0.3748556673526764, 0.37605977058410645, 0.37631019949913025, 0.37606123089790344, 0.3749890625476837, 0.3762986361980438, 0.3766525089740753, 0.37730225920677185, 0.37692245841026306, 0.37639668583869934, 0.37720486521720886, 0.3773275911808014, 0.3775278329849243, 0.3771868646144867, 0.37718674540519714], "legal|ood 5x5": [0.044824473559856415, 0.23638451099395752, 0.415805459022522, 0.4760908782482147, 0.49991798400878906, 0.5193159580230713, 0.5348999500274658, 0.547941267490387, 0.5623769760131836, 0.5739829540252686, 0.5847687125205994, 0.5876394510269165, 0.5946112275123596, 0.5932578444480896, 0.5932989120483398, 0.5953904390335083, 0.6017060279846191, 0.601952075958252, 0.610359251499176, 0.5998605489730835, 0.6095800399780273, 0.6094160079956055, 0.6119996905326843, 0.6137630939483643, 0.6081036925315857, 0.6115075349807739, 0.6182332634925842, 0.615895688533783, 0.6166338324546814, 0.615813672542572, 0.6160187125205994, 0.616428792476654, 0.616510808467865, 0.6188074350357056, 0.6185203194618225, 0.6180282235145569, 0.6177821755409241, 0.6164698004722595, 0.6161417365074158, 0.6166748404502869, 0.6165928244590759], "mass|ood 5x5": [0.040058016777038574, 0.07992349565029144, 0.1416478008031845, 0.1664351522922516, 0.1743151992559433, 0.18512219190597534, 0.18851032853126526, 0.19373179972171783, 0.19412337243556976, 0.19728636741638184, 0.2017345279455185, 0.20028141140937805, 0.2024935781955719, 0.2041085660457611, 0.20493610203266144, 0.20453321933746338, 0.20443709194660187, 0.20629264414310455, 0.20632869005203247, 0.20709998905658722, 0.2079654186964035, 0.2069915533065796, 0.2083665281534195, 0.20721162855625153, 0.20726072788238525, 0.20906957983970642, 0.20818492770195007, 0.2086757868528366, 0.2093632072210312, 0.20891861617565155, 0.2081628441810608, 0.20887896418571472, 0.20927678048610687, 0.20968924462795258, 0.20934894680976868, 0.2090384066104889, 0.20950886607170105, 0.20968303084373474, 0.2098008543252945, 0.20954883098602295, 0.20955397188663483], "legal|ood 6x6": [0.03990321606397629, 0.1999671906232834, 0.3950951397418976, 0.4708825349807739, 0.5003280639648438, 0.5235400199890137, 0.5365813374519348, 0.550976037979126, 0.5614747405052185, 0.5709481835365295, 0.5798064470291138, 0.5883365869522095, 0.5914944410324097, 0.5953084230422974, 0.5971948504447937, 0.5993684530258179, 0.6015830039978027, 0.6076115369796753, 0.614460289478302, 0.6054379940032959, 0.6139681935310364, 0.6103182435035706, 0.6128198504447937, 0.6163467764854431, 0.6060941815376282, 0.6145833134651184, 0.6232775449752808, 0.618848443031311, 0.618848443031311, 0.6187254190444946, 0.618930459022522, 0.6194225549697876, 0.619545578956604, 0.6195045709609985, 0.6198737025260925, 0.6191765069961548, 0.6205708384513855, 0.6191765069961548, 0.6193405389785767, 0.6195045709609985, 0.6197096705436707], "mass|ood 6x6": [0.039961572736501694, 0.06630922853946686, 0.11522293835878372, 0.13469550013542175, 0.14059153199195862, 0.14875321090221405, 0.15007781982421875, 0.15485191345214844, 0.15344853699207306, 0.1564001888036728, 0.15962405502796173, 0.1581820845603943, 0.1593555361032486, 0.16024485230445862, 0.16135470569133759, 0.16091977059841156, 0.16098132729530334, 0.16224485635757446, 0.16263951361179352, 0.16250017285346985, 0.1634821593761444, 0.16241243481636047, 0.1637556552886963, 0.1625921130180359, 0.16252148151397705, 0.16416236758232117, 0.16351471841335297, 0.1638774871826172, 0.16416963934898376, 0.16388194262981415, 0.16331344842910767, 0.16356904804706573, 0.1640656590461731, 0.16441647708415985, 0.1641109734773636, 0.16378159821033478, 0.16426128149032593, 0.16424725949764252, 0.16438893973827362, 0.16417443752288818, 0.16418318450450897], "config": {"topology": "torus", "n_layer": 1, "d_model": 64, "n_params": 37376}}