{"step": [0, 200, 400, 600, 800, 1000, 1200, 1400, 1600, 1800, 2000, 2200, 2400, 2600, 2800, 3000, 3200, 3400, 3600, 3800, 4000, 4200, 4400, 4600, 4800, 5000, 5200, 5400, 5600, 5800, 6000, 6200, 6400, 6600, 6800, 7000, 7200, 7400, 7600, 7800, 8000], "loss": [4.607039928436279, 4.5748162269592285, 4.568226337432861, 4.531909942626953, 4.466090679168701, 4.3876543045043945, 4.3645806312561035, 4.3802666664123535, 4.340269565582275, 4.322552680969238, 4.258090972900391, 4.283309459686279, 4.276558876037598, 4.261337757110596, 4.2210893630981445, 4.1727519035339355, 4.1845879554748535, 4.163046836853027, 4.130521774291992, 4.090595245361328, 4.08021879196167, 4.048917293548584, 4.033027648925781, 4.02397346496582, 4.024486541748047, 3.9957923889160156, 3.9739596843719482, 3.9642584323883057, 3.9562814235687256, 3.964982032775879, 3.9375088214874268, 3.94299578666687, 3.9310882091522217, 3.934722423553467, 3.9331367015838623, 3.925236225128174, 3.9060282707214355, 3.928739070892334, 3.919717788696289, 3.9262499809265137, 3.9272868633270264], "legal|in": [0.030962927266955376, 0.1452796906232834, 0.16986548900604248, 0.20111548900604248, 0.2484210878610611, 0.3040723502635956, 0.33142635226249695, 0.33081117272377014, 0.3464156687259674, 0.35941600799560547, 0.37526655197143555, 0.3778912425041199, 0.3867495059967041, 0.3969816267490387, 0.408792644739151, 0.4183686077594757, 0.42899033427238464, 0.4360441267490387, 0.44564059376716614, 0.45406824350357056, 0.46237286925315857, 0.4699597954750061, 0.4768700897693634, 0.48318570852279663, 0.488086462020874, 0.4938689172267914, 0.4984211027622223, 0.5026451945304871, 0.5068077445030212, 0.5115649700164795, 0.5137795209884644, 0.5151944160461426, 0.5169783234596252, 0.5185777544975281, 0.5200130939483643, 0.5211204290390015, 0.5218585729598999, 0.5225762724876404, 0.5227813124656677, 0.5229248404502869, 0.5229248404502869], "mass|in": [0.030618244782090187, 0.03461778536438942, 0.036699503660202026, 0.04384204372763634, 0.05251054838299751, 0.07248814404010773, 0.07256482541561127, 0.06975135207176208, 0.07863152027130127, 0.0896928608417511, 0.0942264199256897, 0.09150456637144089, 0.10155901312828064, 0.1092091053724289, 0.11338765919208527, 0.1215786561369896, 0.1197710633277893, 0.132534921169281, 0.13657674193382263, 0.14359675347805023, 0.1491614133119583, 0.15693622827529907, 0.15785321593284607, 0.16753871738910675, 0.1724434196949005, 0.17275120317935944, 0.18029381334781647, 0.17971345782279968, 0.1829666644334793, 0.18362195789813995, 0.18877200782299042, 0.19153352081775665, 0.19306281208992004, 0.19475184381008148, 0.19502030313014984, 0.19561360776424408, 0.19671788811683655, 0.19728302955627441, 0.19759085774421692, 0.19775652885437012, 0.19777607917785645], "legal|ood 5x5": [0.034571848809719086, 0.11667487025260925, 0.13221785426139832, 0.1523129940032959, 0.1878690868616104, 0.2461860179901123, 0.2744012475013733, 0.2789944112300873, 0.2916666567325592, 0.3053641617298126, 0.3223835229873657, 0.32463911175727844, 0.33759841322898865, 0.34739992022514343, 0.3613845109939575, 0.3712270259857178, 0.38533464074134827, 0.3955872654914856, 0.40251803398132324, 0.4142470359802246, 0.4242536127567291, 0.4316765069961548, 0.43832021951675415, 0.4448408782482147, 0.4509514272212982, 0.45800524950027466, 0.4639517664909363, 0.46932414174079895, 0.47186678647994995, 0.4767880439758301, 0.4800278842449188, 0.48175033926963806, 0.4831036627292633, 0.4841289222240448, 0.48581036925315857, 0.4871637225151062, 0.4881889820098877, 0.4887221157550812, 0.4890502095222473, 0.48925524950027466, 0.48925524950027466], "mass|ood 5x5": [0.03352532535791397, 0.03521037846803665, 0.035933222621679306, 0.039305537939071655, 0.04443470388650894, 0.057205040007829666, 0.05821320042014122, 0.05831519141793251, 0.06375590711832047, 0.07093708962202072, 0.0731973797082901, 0.07241389155387878, 0.07941766083240509, 0.08429741859436035, 0.08671730011701584, 0.09195095300674438, 0.09121515601873398, 0.09918110817670822, 0.10034604370594025, 0.10464419424533844, 0.10770559310913086, 0.11220411211252213, 0.11193068325519562, 0.11786710470914841, 0.12043686211109161, 0.12002190947532654, 0.12456508725881577, 0.12429583072662354, 0.12596915662288666, 0.12575556337833405, 0.1289452314376831, 0.1304812729358673, 0.13120652735233307, 0.1321365237236023, 0.13229158520698547, 0.1325523555278778, 0.13318534195423126, 0.1334858536720276, 0.13365358114242554, 0.13375160098075867, 0.13376200199127197], "legal|ood 6x6": [0.03399770334362984, 0.10240321606397629, 0.11884842813014984, 0.14029692113399506, 0.17380249500274658, 0.22469651699066162, 0.2592683732509613, 0.2599245309829712, 0.2741141617298126, 0.2872375249862671, 0.3058972954750061, 0.3067585229873657, 0.3210301697254181, 0.3348507285118103, 0.3471538722515106, 0.360359251499176, 0.37102198600769043, 0.379593163728714, 0.3874671757221222, 0.39566928148269653, 0.4053477644920349, 0.4147391617298126, 0.42347440123558044, 0.4304872155189514, 0.4362286627292633, 0.44402065873146057, 0.44771161675453186, 0.4539042115211487, 0.458210289478302, 0.46337762475013733, 0.46706855297088623, 0.46998029947280884, 0.4730971157550812, 0.47555774450302124, 0.4774032235145569, 0.4783874750137329, 0.47949475049972534, 0.4800278842449188, 0.48010990023612976, 0.4803149700164795, 0.48039698600769043], "mass|ood 6x6": [0.03476828336715698, 0.035884734243154526, 0.036500971764326096, 0.03914264217019081, 0.04316941648721695, 0.05356684327125549, 0.05465252697467804, 0.05457323044538498, 0.05893288552761078, 0.06486735492944717, 0.06697529554367065, 0.06625783443450928, 0.07180064916610718, 0.07597555965185165, 0.07808883488178253, 0.08275481313467026, 0.08273792266845703, 0.08987494558095932, 0.09109148383140564, 0.094903863966465, 0.09728030860424042, 0.10105687379837036, 0.10027723759412766, 0.10542145371437073, 0.10755810886621475, 0.10718876868486404, 0.11101105064153671, 0.11058248579502106, 0.11201832443475723, 0.1117161214351654, 0.11442584544420242, 0.11563506722450256, 0.11618446558713913, 0.11690477281808853, 0.11695891618728638, 0.11719687283039093, 0.11771871149539948, 0.11797050386667252, 0.11810509115457535, 0.11818549036979675, 0.11819355934858322], "config": {"topology": "grid", "n_layer": 3, "d_model": 128, "n_params": 320512, "lr": "0.0003"}}