{"step": [0, 200, 400, 600, 800, 1000, 1200, 1400, 1600, 1800, 2000, 2200, 2400, 2600, 2800, 3000, 3200, 3400, 3600, 3800, 4000, 4200, 4400, 4600, 4800, 5000, 5200, 5400, 5600, 5800, 6000, 6200, 6400, 6600, 6800, 7000, 7200, 7400, 7600, 7800, 8000], "loss": [4.60704231262207, 3.570580244064331, 3.142568826675415, 2.9863791465759277, 2.8675005435943604, 2.760817289352417, 2.7108206748962402, 2.6331279277801514, 2.5456485748291016, 2.416140556335449, 2.3769261837005615, 2.3292949199676514, 2.245784282684326, 2.2385034561157227, 2.212494134902954, 2.183582067489624, 2.1833534240722656, 2.1656315326690674, 2.1499693393707275, 2.1145102977752686, 2.1301193237304688, 2.1160809993743896, 2.1011853218078613, 2.1048882007598877, 2.0912723541259766, 2.085738182067871, 2.081914186477661, 2.0840396881103516, 2.068423271179199, 2.071458578109741, 2.0638749599456787, 2.0621392726898193, 2.057441473007202, 2.0633513927459717, 2.0605127811431885, 2.050137758255005, 2.0526366233825684, 2.047285318374634, 2.0396952629089355, 2.047102689743042, 2.049896001815796], "legal|in": [0.03157808259129524, 0.44172409176826477, 0.5514681935310364, 0.6178846955299377, 0.6709317564964294, 0.7174376845359802, 0.7579560279846191, 0.7852075099945068, 0.8324720859527588, 0.8902969360351562, 0.9215264320373535, 0.939858078956604, 0.9545193314552307, 0.9584768414497375, 0.9660432934761047, 0.9722974300384521, 0.9748400449752808, 0.9756397604942322, 0.9780593514442444, 0.9778338074684143, 0.9810941815376282, 0.9832267165184021, 0.984067440032959, 0.9834932684898376, 0.9859949350357056, 0.9858718514442444, 0.9859949350357056, 0.9856052994728088, 0.9870406985282898, 0.987102210521698, 0.9880249500274658, 0.988701581954956, 0.9885375499725342, 0.9884350299835205, 0.9888246059417725, 0.9894192814826965, 0.9893782734870911, 0.9893167614936829, 0.9893987774848938, 0.9893782734870911, 0.9892757534980774], "mass|in": [0.03061678819358349, 0.22058585286140442, 0.3110494911670685, 0.34408512711524963, 0.38003024458885193, 0.39322492480278015, 0.4414253234863281, 0.46627309918403625, 0.5446159243583679, 0.6057361960411072, 0.6404514312744141, 0.665317177772522, 0.6796194314956665, 0.6975151896476746, 0.7180427312850952, 0.7139551043510437, 0.7191638946533203, 0.727145791053772, 0.7283152937889099, 0.7385969758033752, 0.7361894845962524, 0.7403120398521423, 0.7366262674331665, 0.7450084090232849, 0.7494277954101562, 0.7485479712486267, 0.7479545474052429, 0.7561538219451904, 0.7533264756202698, 0.7558744549751282, 0.754406213760376, 0.753078818321228, 0.7571723461151123, 0.7568508386611938, 0.754056453704834, 0.7564835548400879, 0.757709801197052, 0.7595381140708923, 0.7599837183952332, 0.7597261071205139, 0.7598622441291809], "legal|ood 5x5": [0.035474080592393875, 0.3923064172267914, 0.5331774950027466, 0.6106052994728088, 0.6815944910049438, 0.7287565469741821, 0.7663221955299377, 0.7762467265129089, 0.7865403294563293, 0.8353838324546814, 0.8653215169906616, 0.8818897604942322, 0.9105560779571533, 0.9148622155189514, 0.9170357584953308, 0.9288877844810486, 0.9365977644920349, 0.9374589920043945, 0.9363517165184021, 0.9390173554420471, 0.9448819160461426, 0.946686327457428, 0.952140748500824, 0.9494750499725342, 0.950090229511261, 0.9501312375068665, 0.9517716765403748, 0.9499672055244446, 0.9540272355079651, 0.9529609680175781, 0.9539452195167542, 0.9547244310379028, 0.9550114870071411, 0.9559957385063171, 0.9563238024711609, 0.9559547305107117, 0.9561187624931335, 0.9555035829544067, 0.9558727145195007, 0.9563238024711609, 0.9563648104667664], "mass|ood 5x5": [0.03352586179971695, 0.1665814071893692, 0.24792668223381042, 0.2767295837402344, 0.30737432837486267, 0.31700047850608826, 0.3658544719219208, 0.3871647119522095, 0.44802138209342957, 0.4978790581226349, 0.533877968788147, 0.5540181994438171, 0.5676575303077698, 0.5905808806419373, 0.5983043313026428, 0.5999662280082703, 0.604994535446167, 0.6106129884719849, 0.6130436658859253, 0.6180065274238586, 0.6137141585350037, 0.6204360723495483, 0.6143628358840942, 0.6237587928771973, 0.6275665760040283, 0.6285755038261414, 0.6253224015235901, 0.6315423846244812, 0.6305249333381653, 0.6325337290763855, 0.6313831210136414, 0.6282697319984436, 0.6322144269943237, 0.6316004991531372, 0.629578173160553, 0.6305931806564331, 0.6322622895240784, 0.6337578296661377, 0.6337155103683472, 0.633476972579956, 0.6337072253227234], "legal|ood 6x6": [0.03481791168451309, 0.3777887225151062, 0.538385808467865, 0.6265584230422974, 0.6951689720153809, 0.7379839420318604, 0.7675524950027466, 0.7731709480285645, 0.7599245309829712, 0.7953575849533081, 0.8208661675453186, 0.837229311466217, 0.8559300899505615, 0.8597440719604492, 0.8626968264579773, 0.8756151795387268, 0.8892716765403748, 0.8925114870071411, 0.8929625749588013, 0.8905839920043945, 0.9017388224601746, 0.903830349445343, 0.9077673554420471, 0.9087105989456177, 0.9066190719604492, 0.9073572754859924, 0.9099409580230713, 0.9116223454475403, 0.9163385629653931, 0.916789710521698, 0.917855978012085, 0.9151902794837952, 0.919455349445343, 0.9183070659637451, 0.9192913174629211, 0.9194964170455933, 0.9195784330368042, 0.9189632534980774, 0.9186761975288391, 0.9186761975288391, 0.91875821352005], "mass|ood 6x6": [0.03476807102560997, 0.1511320024728775, 0.22991324961185455, 0.2511908710002899, 0.2818416357040405, 0.2930741012096405, 0.34569796919822693, 0.36595389246940613, 0.4156563878059387, 0.45510023832321167, 0.4881616532802582, 0.5022128820419312, 0.5126095414161682, 0.5343902111053467, 0.5414934754371643, 0.5419250130653381, 0.5453804135322571, 0.5520455837249756, 0.5533747673034668, 0.5573511123657227, 0.551372230052948, 0.5587096810340881, 0.5523704886436462, 0.5603978633880615, 0.5646324753761292, 0.5644460916519165, 0.5624676942825317, 0.5681585073471069, 0.5672557950019836, 0.5687031745910645, 0.5680381059646606, 0.564605176448822, 0.5666391849517822, 0.5674446225166321, 0.5655167698860168, 0.5650638937950134, 0.5675490498542786, 0.5687065124511719, 0.5687263011932373, 0.5686557292938232, 0.5688505172729492], "config": {"topology": "grid", "n_layer": 3, "d_model": 128, "n_params": 320512, "norm": "True"}}