{"grid45": [[0.053845904767513275, 0.053845904767513275, 0.053845904767513275, 0.053845904767513275, 0.053845904767513275, 0.053845904767513275, 0.053845904767513275], [0.13922367990016937, 0.15952260792255402, 0.17735661566257477, 0.1955081671476364, 0.1995771825313568, 0.19234347343444824, 0.19038404524326324], [0.1572251170873642, 0.1912958323955536, 0.24116982519626617, 0.2234787940979004, 0.18266670405864716, 0.1520906686782837, 0.1512477844953537], [0.10793016105890274, 0.1304362714290619, 0.19768716394901276, 0.17486950755119324, 0.0952204093337059, 0.056815698742866516, 0.056079134345054626], [0.1129094660282135, 0.12956146895885468, 0.19666527211666107, 0.17371580004692078, 0.094227634370327, 0.056357886642217636, 0.05591223016381264], [0.30650752782821655, 0.15069112181663513, 0.19367603957653046, 0.17070458829402924, 0.10620036721229553, 0.06268126517534256, 0.0614071823656559], [0.5599069595336914, 0.45820531249046326, 0.39516907930374146, 0.2833377718925476, 0.220693439245224, 0.1747932881116867, 0.15685135126113892]], "ring12": [[-0.07706621289253235, -0.07706621289253235, -0.07706621289253235, -0.07706621289253235, -0.07706621289253235, -0.07706621289253235, -0.07706621289253235], [0.1091490238904953, 0.14471322298049927, 0.1661386787891388, 0.19310541450977325, 0.19839341938495636, 0.19069799780845642, 0.19455131888389587], [0.1384144425392151, 0.18229252099990845, 0.19371241331100464, 0.19938534498214722, 0.28580284118652344, 0.3093550205230713, 0.33128637075424194], [0.20435896515846252, 0.12436103075742722, 0.11183534562587738, 0.11017907410860062, 0.18002797663211823, 0.1796542853116989, 0.18664111196994781], [0.23441141843795776, 0.131892591714859, 0.11514179408550262, 0.10985637456178665, 0.17880208790302277, 0.17840266227722168, 0.18552513420581818], [0.4391489028930664, 0.20313812792301178, 0.1505797654390335, 0.13053616881370544, 0.1704600751399994, 0.18279042840003967, 0.1924411952495575], [0.700858473777771, 0.6010941863059998, 0.5170391201972961, 0.3513694405555725, 0.3066927194595337, 0.2186274379491806, 0.2221430093050003]], "ring7": [[-0.37962988018989563, -0.37962988018989563, -0.37962988018989563, -0.37962988018989563, -0.37962988018989563, -0.37962988018989563, -0.37962988018989563], [-0.1305461972951889, -0.10171361267566681, -0.07164458185434341, -0.04106411710381508, -0.018416229635477066, -0.006602458190172911, -0.0010682776337489486], [0.014536299742758274, 0.2109605073928833, 0.22529540956020355, 0.20294280350208282, 0.17394231259822845, 0.18102814257144928, 0.17559517920017242], [-0.004591359291225672, 0.1063700020313263, 0.09810972213745117, 0.0742439329624176, -0.017037825658917427, -0.07054342329502106, -0.09691774845123291], [0.14237762987613678, 0.13015249371528625, 0.10598088055849075, 0.07369557023048401, -0.019324075430631638, -0.07335019111633301, -0.1000693216919899], [0.5205234289169312, 0.22043395042419434, 0.09924209862947464, 0.023071952164173126, -0.04930262267589569, -0.08337027579545975, -0.1061624139547348], [0.787024199962616, 0.657340943813324, 0.5431254506111145, 0.2824542820453644, 0.07978641986846924, -0.08317358046770096, -0.09785360097885132]]}