{"0": 1.0, "1": 0.9264633947497146, "2": 0.2598684210526316, "3": 0.2575707702435813}