{
 "attn3-rms-seed0": {
  "0": 1.0,
  "1": 0.9995108429805968,
  "2": 0.259375,
  "3": 0.25724160631994736
 },
 "attn4-rms-seed0": {
  "0": 1.0,
  "1": 1.0,
  "2": 0.999671052631579,
  "3": 0.9868334430546412
 }
}