{
 "attn-mlp-attn-seed1": {
  "0": 1.0,
  "1": 0.9264633947497146,
  "2": 0.2598684210526316,
  "3": 0.2575707702435813
 },
 "attn-mlp-attn-seed2": {
  "0": 1.0,
  "1": 0.982879504320887,
  "2": 0.28717105263157894,
  "3": 0.2587228439763002
 }
}