{
 "attn4-rms-seed1": {
  "0": 1.0,
  "1": 0.9884232838741236,
  "2": 0.26398026315789475,
  "3": 0.25822909809084926
 },
 "attn4-rms-seed2": {
  "0": 1.0,
  "1": 0.9988586336213925,
  "2": 0.4976973684210526,
  "3": 0.26398946675444374
 }
}