{
 "attn-mlp-attn-rms-seed0": {
  "0": 1.0,
  "1": 0.8015653024620903,
  "2": 0.26299342105263157,
  "3": 0.2618499012508229
 },
 "attn-mlp-attn-rms-seed1": {
  "0": 1.0,
  "1": 0.9794554051850644,
  "2": 0.2799342105263158,
  "3": 0.2633311389071758
 },
 "attn-mlp-attn-rms-seed2": {
  "0": 1.0,
  "1": 0.7855861731615849,
  "2": 0.2577302631578947,
  "3": 0.26135615536537193
 }
}