{
 "attn3-seed1": {
  "0": 1.0,
  "1": 0.987118865155715,
  "2": 0.9722039473684211,
  "3": 0.6897630019749835
 },
 "attn3-seed2": {
  "0": 1.0,
  "1": 0.9838578183596934,
  "2": 0.9858552631578947,
  "3": 0.9088215931533904
 }
}