{
 "attn2-seed1": {
  "0": 1.0,
  "1": 0.91211478884722,
  "2": 0.2638157894736842,
  "3": 0.26250822909809085
 },
 "attn2-seed2": {
  "0": 1.0,
  "1": 0.9903799119517365,
  "2": 0.26595394736842104,
  "3": 0.2578999341672153
 }
}