{
 "attn2-rms-seed0": {
  "0": 1.0,
  "1": 0.9869558128159139,
  "2": 0.2574013157894737,
  "3": 0.2567478604344964
 },
 "attn2-rms-seed1": {
  "0": 1.0,
  "1": 0.8000978314038807,
  "2": 0.2623355263157895,
  "3": 0.26201448321263987
 },
 "attn2-rms-seed2": {
  "0": 1.0,
  "1": 0.8045002445785097,
  "2": 0.2669407894736842,
  "3": 0.2578999341672153
 }
}