{
 "attn3-rms-seed0": {
  "0": 1.0,
  "1": 0.9995108429805968,
  "2": 0.259375,
  "3": 0.25724160631994736
 },
 "attn3-rms-seed1": {
  "0": 1.0,
  "1": 0.9996738953203979,
  "2": 0.2513157894736842,
  "3": 0.2544437129690586
 },
 "attn3-rms-seed2": {
  "0": 1.0,
  "1": 0.9044513288765694,
  "2": 0.9444078947368421,
  "3": 0.8940092165898618
 }
}