{"step": [0, 200, 400, 600, 800, 1000, 1200, 1400, 1600, 1800, 2000, 2200, 2400, 2600, 2800, 3000, 3200, 3400, 3600, 3800, 4000, 4200, 4400, 4600, 4800, 5000, 5200, 5400, 5600, 5800, 6000, 6200, 6400, 6600, 6800, 7000, 7200, 7400, 7600, 7800, 8000], "loss": [4.615166664123535, 4.288693904876709, 3.638965368270874, 3.4308784008026123, 3.362975835800171, 3.3072896003723145, 3.2782833576202393, 3.3029186725616455, 3.279425859451294, 3.243725538253784, 3.222301483154297, 3.221090793609619, 3.2103166580200195, 3.2007737159729004, 3.1956653594970703, 3.169102430343628, 3.1630733013153076, 3.174858570098877, 3.1645424365997314, 3.13632869720459, 3.1373579502105713, 3.1220004558563232, 3.1005539894104004, 3.093874216079712, 3.0702362060546875, 3.0505669116973877, 3.0699098110198975, 3.0213494300842285, 3.0251476764678955, 2.9933550357818604, 3.001465082168579, 2.996859312057495, 2.9603304862976074, 2.9754271507263184, 2.993788719177246, 2.9851889610290527, 2.9754526615142822, 2.9851460456848145, 2.9649417400360107, 2.9791581630706787, 2.9978902339935303], "legal|in": [0.02684137038886547, 0.3313853442668915, 0.5970718264579773, 0.705093502998352, 0.7352157235145569, 0.7505125999450684, 0.7562335729598999, 0.7607857584953308, 0.7694799900054932, 0.76874178647995, 0.7761442065238953, 0.7734785079956055, 0.7799171805381775, 0.773047924041748, 0.7766157984733582, 0.7774360179901123, 0.7700541019439697, 0.7697875499725342, 0.7649688124656677, 0.7630003094673157, 0.7517019510269165, 0.7514763474464417, 0.7312992215156555, 0.7447711825370789, 0.7437254190444946, 0.7322424650192261, 0.7376353144645691, 0.726254940032959, 0.744156002998352, 0.7267060279846191, 0.7356463074684143, 0.7407931685447693, 0.7389476895332336, 0.7352157235145569, 0.736117959022522, 0.7423310279846191, 0.7419414520263672, 0.741797924041748, 0.7427206039428711, 0.7434998154640198, 0.7431922554969788], "mass|in": [0.030622655525803566, 0.09195830672979355, 0.24933500587940216, 0.33137330412864685, 0.35843417048454285, 0.3727784752845764, 0.3730688691139221, 0.3807443380355835, 0.391082763671875, 0.38773372769355774, 0.3899040222167969, 0.39086800813674927, 0.3870578408241272, 0.3922087550163269, 0.38914990425109863, 0.3898855149745941, 0.3905307352542877, 0.388851135969162, 0.3931533098220825, 0.39440372586250305, 0.39649638533592224, 0.40251100063323975, 0.4008338451385498, 0.3983953595161438, 0.3962622880935669, 0.39847713708877563, 0.40027254819869995, 0.40474390983581543, 0.40670672059059143, 0.4105837643146515, 0.41240236163139343, 0.41358742117881775, 0.4166221022605896, 0.4184991717338562, 0.4196281433105469, 0.419571191072464, 0.42029914259910583, 0.4207077920436859, 0.42080384492874146, 0.42085710167884827, 0.4208722412586212], "legal|ood 5x5": [0.026369750499725342, 0.25807908177375793, 0.5634432435035706, 0.6965222954750061, 0.7359744310379028, 0.760539710521698, 0.7702181935310364, 0.7725967764854431, 0.7815780639648438, 0.7787483334541321, 0.7885088324546814, 0.7837516665458679, 0.7840387225151062, 0.771079421043396, 0.7691519260406494, 0.7711614370346069, 0.7644357085227966, 0.7557414770126343, 0.74552983045578, 0.7267880439758301, 0.7128444910049438, 0.6944307684898376, 0.6573982834815979, 0.6686351895332336, 0.6595308184623718, 0.6432086825370789, 0.6509596705436707, 0.6297982335090637, 0.6578904390335083, 0.6304954290390015, 0.6398457884788513, 0.6474737524986267, 0.6402969360351562, 0.6302493214607239, 0.6348835229873657, 0.6459153294563293, 0.6425114870071411, 0.642593502998352, 0.6427985429763794, 0.6434137225151062, 0.6428805589675903], "mass|ood 5x5": [0.03343670815229416, 0.06468179821968079, 0.17056144773960114, 0.22753550112247467, 0.24628664553165436, 0.2601998746395111, 0.25928354263305664, 0.267679363489151, 0.2770703434944153, 0.27572399377822876, 0.2836083173751831, 0.28671425580978394, 0.2852935791015625, 0.2944890558719635, 0.2945646047592163, 0.29741525650024414, 0.2963173985481262, 0.29687821865081787, 0.29922786355018616, 0.3005959093570709, 0.2974640429019928, 0.30373415350914, 0.30421993136405945, 0.30522704124450684, 0.30222755670547485, 0.3006535768508911, 0.30184635519981384, 0.3001439869403839, 0.30320316553115845, 0.301327109336853, 0.3031676411628723, 0.3038215637207031, 0.3042195737361908, 0.3036334812641144, 0.3044622540473938, 0.30583399534225464, 0.30536922812461853, 0.30576372146606445, 0.3060281574726105, 0.3060772716999054, 0.30603888630867004], "legal|ood 6x6": [0.03608923777937889, 0.2351541966199875, 0.567954421043396, 0.7083333134651184, 0.7559875249862671, 0.779199481010437, 0.7874425649642944, 0.7926509380340576, 0.7998687624931335, 0.7947014570236206, 0.7968339920043945, 0.7967519760131836, 0.7949475049972534, 0.7818241715431213, 0.7733349800109863, 0.7719815969467163, 0.7592683434486389, 0.7518044710159302, 0.740813672542572, 0.7154691815376282, 0.7037811875343323, 0.6777395009994507, 0.6307414770126343, 0.6326689720153809, 0.6188894510269165, 0.5956364870071411, 0.6054379940032959, 0.5783710479736328, 0.6090469360351562, 0.5776739120483398, 0.5896899700164795, 0.597769021987915, 0.5912483334541321, 0.5789862275123596, 0.5811187624931335, 0.5953904390335083, 0.5907562375068665, 0.5924786925315857, 0.5922735929489136, 0.5928887724876404, 0.5928067564964294], "mass|ood 6x6": [0.03472217172384262, 0.058503348380327225, 0.15000997483730316, 0.20189020037651062, 0.21869511902332306, 0.23174192011356354, 0.23104754090309143, 0.23845277726650238, 0.24824319779872894, 0.24685581028461456, 0.25576913356781006, 0.25875210762023926, 0.25729525089263916, 0.26514631509780884, 0.2656264901161194, 0.26885801553726196, 0.2670430541038513, 0.26698973774909973, 0.26671886444091797, 0.2666773498058319, 0.26133689284324646, 0.267074853181839, 0.26816996932029724, 0.26998984813690186, 0.2678399980068207, 0.2653067409992218, 0.2674943208694458, 0.2640206217765808, 0.26903805136680603, 0.26495125889778137, 0.2681323289871216, 0.2684832811355591, 0.2687404453754425, 0.2673439681529999, 0.268322229385376, 0.26999208331108093, 0.26934683322906494, 0.26967117190361023, 0.2699677348136902, 0.2700957953929901, 0.27001577615737915], "config": {"topology": "grid", "n_layer": 2, "d_model": 64, "n_params": 61952}}