{"step": [0, 200, 400, 600, 800, 1000, 1200, 1400, 1600, 1800, 2000, 2200, 2400, 2600, 2800, 3000, 3200, 3400, 3600, 3800, 4000, 4200, 4400, 4600, 4800, 5000, 5200, 5400, 5600, 5800, 6000, 6200, 6400, 6600, 6800, 7000, 7200, 7400, 7600, 7800, 8000], "loss": [4.6521711349487305, 3.683321475982666, 3.30298113822937, 3.266084909439087, 3.234053134918213, 3.2254998683929443, 3.212261199951172, 3.206437826156616, 3.201096534729004, 3.189415693283081, 3.1917035579681396, 3.192317247390747, 3.1912686824798584, 3.192525863647461, 3.185091257095337, 3.178539991378784, 3.1784820556640625, 3.177626132965088, 3.1796483993530273, 3.1752140522003174, 3.1818010807037354, 3.1773738861083984, 3.1675102710723877, 3.1687591075897217, 3.1827335357666016, 3.156865119934082, 3.1655309200286865, 3.1644020080566406, 3.152646780014038, 3.1532907485961914, 3.1670403480529785, 3.1594150066375732, 3.158082962036133, 3.1464924812316895, 3.1580309867858887, 3.168375253677368, 3.148893117904663, 3.1539559364318848, 3.155393600463867, 3.152677297592163, 3.1657309532165527], "legal|in": [0.03762713074684143, 0.5346538424491882, 0.6773499250411987, 0.7036786675453186, 0.7120857834815979, 0.7222974300384521, 0.729597270488739, 0.7426590919494629, 0.7450787425041199, 0.7417569160461426, 0.7546752095222473, 0.7551878094673157, 0.7570742964744568, 0.7621185779571533, 0.755392849445343, 0.7633899450302124, 0.7573613524436951, 0.7631643414497375, 0.7666707634925842, 0.768352210521698, 0.767593502998352, 0.76874178647995, 0.7730274200439453, 0.768352210521698, 0.7714895009994507, 0.7745857834815979, 0.7757545709609985, 0.7780717015266418, 0.7765132784843445, 0.7760211825370789, 0.7813320159912109, 0.7766363024711609, 0.7793020009994507, 0.7793225049972534, 0.7791584730148315, 0.7791584730148315, 0.7809834480285645, 0.7791584730148315, 0.7793430089950562, 0.7797530889511108, 0.7796710729598999], "mass|in": [0.03484266251325607, 0.26741549372673035, 0.3880547881126404, 0.4034386873245239, 0.40997689962387085, 0.41957521438598633, 0.42331093549728394, 0.42994728684425354, 0.43620431423187256, 0.43081969022750854, 0.44333887100219727, 0.4372774064540863, 0.4442198872566223, 0.44325608015060425, 0.44016072154045105, 0.4450332820415497, 0.44736677408218384, 0.44148698449134827, 0.44978395104408264, 0.44904229044914246, 0.44650307297706604, 0.4504859447479248, 0.4511702060699463, 0.4498456120491028, 0.4475986063480377, 0.45077505707740784, 0.4493182301521301, 0.44981148838996887, 0.45293980836868286, 0.4518572688102722, 0.45271992683410645, 0.45219913125038147, 0.45367199182510376, 0.45443180203437805, 0.45349177718162537, 0.4537097215652466, 0.4534679353237152, 0.4533897340297699, 0.45400428771972656, 0.4538740813732147, 0.4538753926753998], "legal|ood 5x5": [0.03248031437397003, 0.4641978442668915, 0.6428805589675903, 0.675894021987915, 0.6885252594947815, 0.7031660079956055, 0.7155101895332336, 0.7319964170455933, 0.7330216765403748, 0.7358103394508362, 0.7554954290390015, 0.7539370059967041, 0.7512713074684143, 0.7538139820098877, 0.7463910579681396, 0.7650098204612732, 0.7533218264579773, 0.7545931935310364, 0.7645177245140076, 0.7652149200439453, 0.7661991715431213, 0.7710383534431458, 0.7689058184623718, 0.7673474550247192, 0.7711614370346069, 0.7755905389785767, 0.7728838324546814, 0.775795578956604, 0.7735810279846191, 0.7710383534431458, 0.7787483334541321, 0.7714895009994507, 0.774811327457428, 0.7755495309829712, 0.776164710521698, 0.7765337824821472, 0.7773540019989014, 0.7755905389785767, 0.7762467265129089, 0.7762467265129089, 0.7764517664909363], "mass|ood 5x5": [0.03654011711478233, 0.1526545286178589, 0.23118869960308075, 0.23895275592803955, 0.24088993668556213, 0.24882666766643524, 0.24859210848808289, 0.25334432721138, 0.2580793499946594, 0.252963662147522, 0.26415306329727173, 0.25830334424972534, 0.2634908854961395, 0.2641714811325073, 0.26041707396507263, 0.26345813274383545, 0.2656545042991638, 0.2601003348827362, 0.2677229940891266, 0.2675729990005493, 0.26495909690856934, 0.2689635753631592, 0.2692389190196991, 0.2665945291519165, 0.26421257853507996, 0.26785945892333984, 0.26550689339637756, 0.26663637161254883, 0.26871785521507263, 0.2680809795856476, 0.268757164478302, 0.2680645287036896, 0.2693038582801819, 0.27007976174354553, 0.2689841091632843, 0.26964712142944336, 0.2691250145435333, 0.2690558135509491, 0.26963862776756287, 0.26951900124549866, 0.2694922685623169], "legal|ood 6x6": [0.03715551272034645, 0.4539042115211487, 0.6558399200439453, 0.6900836825370789, 0.7069389820098877, 0.7188320159912109, 0.727321207523346, 0.7475393414497375, 0.7511482834815979, 0.7483595609664917, 0.7616879940032959, 0.7607447504997253, 0.7648867964744568, 0.7721046805381775, 0.7588582634925842, 0.7702181935310364, 0.7639845609664917, 0.7660350799560547, 0.7735810279846191, 0.7744832634925842, 0.7780511975288391, 0.780183732509613, 0.7803477644920349, 0.772145688533783, 0.7745242714881897, 0.7827263474464417, 0.7838746905326843, 0.7813320159912109, 0.7789534330368042, 0.7799376845359802, 0.7865403294563293, 0.7799786925315857, 0.7846948504447937, 0.7840387225151062, 0.78436678647995, 0.7848999500274658, 0.7845308184623718, 0.7826443314552307, 0.7830544710159302, 0.7833415269851685, 0.783218502998352], "mass|ood 6x6": [0.037342578172683716, 0.1275571882724762, 0.1933274120092392, 0.1985679417848587, 0.1996314525604248, 0.20453661680221558, 0.20453032851219177, 0.20816396176815033, 0.21167679131031036, 0.2069590985774994, 0.21655353903770447, 0.21177172660827637, 0.214724600315094, 0.2152266651391983, 0.21236629784107208, 0.21575431525707245, 0.21594154834747314, 0.2120121419429779, 0.21847684681415558, 0.2175438106060028, 0.2152133584022522, 0.21875205636024475, 0.2192762941122055, 0.21626734733581543, 0.21454329788684845, 0.2176540493965149, 0.2156386524438858, 0.21599172055721283, 0.21873193979263306, 0.21747514605522156, 0.21832343935966492, 0.21717317402362823, 0.2182721644639969, 0.21911276876926422, 0.21821103990077972, 0.21843965351581573, 0.21820411086082458, 0.2179400473833084, 0.2185278832912445, 0.21842433512210846, 0.21839892864227295], "config": {"topology": "cylinder", "n_layer": 1, "d_model": 128, "n_params": 123904}}