{"step": [0, 200, 400, 600, 800, 1000, 1200, 1400, 1600, 1800, 2000, 2200, 2400, 2600, 2800, 3000, 3200, 3400, 3600, 3800, 4000, 4200, 4400, 4600, 4800, 5000, 5200, 5400, 5600, 5800, 6000, 6200, 6400, 6600, 6800, 7000, 7200, 7400, 7600, 7800, 8000], "loss": [4.616247653961182, 4.5334978103637695, 4.1512908935546875, 3.9358177185058594, 3.8035895824432373, 3.721245765686035, 3.703711748123169, 3.6661996841430664, 3.69032883644104, 3.6481549739837646, 3.674994468688965, 3.644716739654541, 3.6306493282318115, 3.63633394241333, 3.5930349826812744, 3.5780043601989746, 3.6117746829986572, 3.607442855834961, 3.5939066410064697, 3.599656820297241, 3.6085329055786133, 3.5923659801483154, 3.5602688789367676, 3.6001861095428467, 3.618021249771118, 3.6001155376434326, 3.5873143672943115, 3.5647897720336914, 3.58174204826355, 3.5742552280426025, 3.590688705444336, 3.5988588333129883, 3.6284067630767822, 3.5963380336761475, 3.5948362350463867, 3.589001178741455, 3.578029155731201, 3.6119234561920166, 3.5868287086486816, 3.5701515674591064, 3.5782010555267334], "legal|in": [0.030901411548256874, 0.1963992714881897, 0.39349573850631714, 0.5076484680175781, 0.5878649950027466, 0.6259227395057678, 0.6428600549697876, 0.652764081954956, 0.6636524200439453, 0.6685941815376282, 0.6745201945304871, 0.6781290769577026, 0.680364191532135, 0.6805487275123596, 0.6853674650192261, 0.684772789478302, 0.6866387724876404, 0.689242959022522, 0.6900631785392761, 0.6907808184623718, 0.6901656985282898, 0.6880331635475159, 0.6912729740142822, 0.695702075958252, 0.6953535079956055, 0.6956815719604492, 0.6947588324546814, 0.6949024200439453, 0.6957635879516602, 0.6955995559692383, 0.6968093514442444, 0.6963377594947815, 0.6974040269851685, 0.697055459022522, 0.6983062624931335, 0.6967478394508362, 0.696973443031311, 0.6964402794837952, 0.6971169710159302, 0.6969324350357056, 0.6969939470291138], "mass|in": [0.0348401740193367, 0.04828661307692528, 0.12806092202663422, 0.19081583619117737, 0.2274571657180786, 0.24933350086212158, 0.26372426748275757, 0.27299419045448303, 0.28075170516967773, 0.28526589274406433, 0.28465035557746887, 0.29308128356933594, 0.2900415062904358, 0.2915913462638855, 0.292596697807312, 0.28839796781539917, 0.2948615252971649, 0.29216763377189636, 0.29277503490448, 0.29444804787635803, 0.29476097226142883, 0.29492080211639404, 0.29717499017715454, 0.2937880754470825, 0.29327112436294556, 0.2949274182319641, 0.2972071170806885, 0.296621173620224, 0.2970069348812103, 0.2959270179271698, 0.29624390602111816, 0.29583707451820374, 0.2953443229198456, 0.2967248260974884, 0.2955353856086731, 0.296029269695282, 0.296008825302124, 0.29646047949790955, 0.2961275577545166, 0.29634326696395874, 0.2963877022266388], "legal|ood 5x5": [0.039411090314388275, 0.13623687624931335, 0.3013041317462921, 0.4348343014717102, 0.5333825349807739, 0.5866551995277405, 0.6083497405052185, 0.6190534830093384, 0.6303723454475403, 0.6341453194618225, 0.6437827944755554, 0.6455872654914856, 0.6503034830093384, 0.646776556968689, 0.6526410579681396, 0.6503034830093384, 0.6520259380340576, 0.6546095609664917, 0.6578904390335083, 0.6580134630203247, 0.6578084230422974, 0.6573982834815979, 0.6589156985282898, 0.6618274450302124, 0.6632627844810486, 0.6633448004722595, 0.6629757285118103, 0.6644110679626465, 0.664370059967041, 0.664821207523346, 0.6653133034706116, 0.664739191532135, 0.6649032235145569, 0.6656004190444946, 0.6651082634925842, 0.6649032235145569, 0.6650672554969788, 0.6655183434486389, 0.6656004190444946, 0.6656414270401001, 0.6656824350357056], "mass|ood 5x5": [0.03656011447310448, 0.0425274521112442, 0.08249081671237946, 0.1202852725982666, 0.14653579890727997, 0.16387951374053955, 0.17463596165180206, 0.1814986914396286, 0.18562033772468567, 0.18882595002651215, 0.18984287977218628, 0.1954476237297058, 0.1959979236125946, 0.19752398133277893, 0.20044299960136414, 0.20112678408622742, 0.2043740600347519, 0.20205838978290558, 0.20473851263523102, 0.2043764591217041, 0.2071087807416916, 0.20488685369491577, 0.20838959515094757, 0.20810966193675995, 0.20751754939556122, 0.20965872704982758, 0.21064873039722443, 0.20899246633052826, 0.20990394055843353, 0.20856545865535736, 0.20865026116371155, 0.2101106345653534, 0.20933951437473297, 0.21048225462436676, 0.21023643016815186, 0.21051129698753357, 0.21027928590774536, 0.21024993062019348, 0.21036972105503082, 0.210311621427536, 0.21039389073848724], "legal|ood 6x6": [0.03928805887699127, 0.10100885480642319, 0.2819061577320099, 0.43335792422294617, 0.544906497001648, 0.6080216765403748, 0.6298802495002747, 0.6420603394508362, 0.6533792614936829, 0.6594488024711609, 0.6691272854804993, 0.6673638224601746, 0.6740895509719849, 0.6742945909500122, 0.6774934530258179, 0.6739665269851685, 0.6774114370346069, 0.6779035329818726, 0.682414710521698, 0.6816765069961548, 0.6800360679626465, 0.6857775449752808, 0.6845472455024719, 0.6876230239868164, 0.6875820159912109, 0.6896735429763794, 0.6873359680175781, 0.6896735429763794, 0.6902477145195007, 0.690534770488739, 0.6913549900054932, 0.6888123154640198, 0.6896735429763794, 0.6907398104667664, 0.6896735429763794, 0.6886482834815979, 0.6890994310379028, 0.6891404390335083, 0.6895095109939575, 0.689550518989563, 0.689468502998352], "mass|ood 6x6": [0.03728508949279785, 0.0406905859708786, 0.07100162655115128, 0.10514838248491287, 0.1282287985086441, 0.1444680243730545, 0.153706893324852, 0.15976066887378693, 0.16297611594200134, 0.1664169430732727, 0.16725657880306244, 0.17258068919181824, 0.17336006462574005, 0.17487168312072754, 0.17790690064430237, 0.1791197806596756, 0.1818397045135498, 0.1803053617477417, 0.18299485743045807, 0.18305136263370514, 0.18543562293052673, 0.18316207826137543, 0.1867334395647049, 0.1868983656167984, 0.18625608086585999, 0.1882929801940918, 0.1892576962709427, 0.18784357607364655, 0.18857719004154205, 0.1873490959405899, 0.18724793195724487, 0.1889013797044754, 0.1882038712501526, 0.18933407962322235, 0.18921543657779694, 0.1893550455570221, 0.1891486644744873, 0.18910609185695648, 0.18923500180244446, 0.18915067613124847, 0.18923117220401764], "config": {"topology": "cylinder", "n_layer": 2, "d_model": 32, "n_params": 18688}}